filename,url,label
dd04baf8a1ec4e99b661fc50ce11f3fb.jpg,"https://sun1-29.userapi.com/s/v1/ig2/RCHXNPoCmVyG_MTSLpneI16wpGQV_-liUAnsJuyQT09snUR5QzhpQJth7hLjyO4dkbx0yiGc7r7AcRH6wuEn8g_n.jpg?quality=95&as=32x32,48x48,72x72,108x108,160x160,240x240,360x360,480x480,540x540,640x640,720x720,1024x1024&from=bu&cs=160x0",2
85a5f9b8af0a145df51d2a9ba6722ff9.jpg,"https://sun1-19.userapi.com/s/v1/ig2/lMzHt5ja6rS0ijL6a-o94YMaRPAve3A-H4Nn9K7cahcaoTZMy6N5Zwlh4X3qf7AP1iOF4D30T5nsG6n-RAS0rQpa.jpg?quality=95&as=32x47,48x70,72x105,108x157,160x233,240x350,360x525,480x700,540x787,640x933,720x1050,1080x1574,1280x1866,1440x2099,1756x2560&from=bu&cs=160x0",5
ba334090dd827a881f02581c09b7980d.jpg,"https://sun9-73.userapi.com/s/v1/ig2/nTnnvHD_7PxJMMABlx62U2r39TiKvAtd_tia4aqoshlowkk7an_VuwoF1hen2LwVH-84sKiNUgPbBdXCiqzEk0ck.jpg?quality=95&as=32x37,48x55,72x82,108x124,160x183,240x275,360x412,480x550,540x619,563x645&from=bu&cs=160x0",3
bbbc5f3698c7f426b8886a110175a273.jpg,"https://sun1-87.userapi.com/s/v1/ig2/WnAX9NlUvvVFFmwQ0C7mmH4ZWAx6NB_9ckafHUapVnmUrwhZHMwpI8LTFa8rK6SSGutObYq30G5YHlmh1wQ6h5Pr.jpg?quality=95&as=32x32,48x48,72x72,108x108,160x160,240x240,360x360,480x480,540x540,640x640,720x720,1080x1080&from=bu&cs=160x0",4
ceb955741afa84345f646814b86a5425.jpg,"https://sun1-21.userapi.com/s/v1/ig2/tGsdVQTGPMOqSfENcRAzJccctI4rluo9k8Vg7jWDhFrYM7N4BnLVamv6eOu_RoAO5tzRX3WEXhbQeexPlFXX9vDO.jpg?quality=95&as=32x32,48x48,72x72,108x108,160x160,240x240,360x360,480x480,540x540,640x640,720x720,1080x1080,1280x1280,1440x1440,2560x2560&from=bu&cs=160x0",5
fa9e8d6b60483a769d05bef600c94df8.jpg,"https://sun9-78.userapi.com/s/v1/ig2/88bbI4egkwJ15n6Zuqp4EZy5RdBJ2Dxz9doriRWBZRoWOvQVXjSmZaGodXsE00uiJCt8L9pSc9Jdb4fVNsosKoFk.jpg?quality=95&as=32x32,48x48,72x72,108x108,160x160,240x240,360x360,480x480,540x540,640x640,720x720&from=bu&cs=160x0",3
deb355a6ce636de32e5e48f02873a9da.jpg,"https://sun1-26.userapi.com/s/v1/if2/EENAHus7DWv2qeAGNmaFq3hGzinp0i1E1XX_GPaeb7-JdrBr8xI2jEeze0y3BE3-9Z_99rW1tfX7ITnBNyGU6SgL.jpg?quality=95&as=32x21,48x32,72x48,108x72,160x107,240x160,360x240,480x320,540x360,640x427,720x480,1080x720,1280x853,1440x960,1536x1024&from=bu&cs=160x0",2
7f15360c056929bd549b47db3a0e9a82.jpg,"https://sun9-54.userapi.com/s/v1/if2/AqofXZYUIv72vzaHSvr_feNHSdclq-W4WHikqu7jkmlvcpCkCA57t8TMGxN35xXNgZLK53VKRUtTEdQZyzOjCEfz.jpg?quality=95&as=32x21,48x32,72x48,108x72,160x107,240x160,360x240,480x320,540x360,640x427,720x480,1080x720,1280x853,1440x960,2560x1707&from=bu&cs=160x0",0
2d70aa8c5dca1c56d7505468b6214308.jpg,"https://sun9-78.userapi.com/s/v1/if2/F0ZG0kBVn-PiydNCfrd1OvsIUdWISF5bHPmh69E1BKbW1uaqGDhQ4OOjYsM-2LLdqtT94fED0SBHnnCysGjw3WT4.jpg?quality=95&as=32x23,48x35,72x52,108x78,160x116,240x174,360x261,480x348,540x392,640x464,670x486&from=bu&cs=160x0",3
ce86507f3aa17b4eedd69724d432fcae.jpg,"https://sun1-28.userapi.com/s/v1/ig2/jgVvTklvQqfuI8Dv9P5dobf3kJ8Ndnf1k1G6nZbpTDQ-z-aFrFOukYlUMeTmJnLTrcHcmYo4tvszM_c7ZDX6hvWv.jpg?quality=95&as=32x32,48x48,72x72,108x108,160x159,240x239,360x359,480x478,540x538,564x562&from=bu&cs=160x0",3
a977b18bd3d8a080206bf3c278693126.jpg,"https://sun9-55.userapi.com/s/v1/if2/IG23HDRGvwB27A7PzSd5a569a7arr0oXu_IlF1c5Eyy-jFTaRRP5d9lYIWdiL9FzRoTnN39G00N9WEq2mdmeY8oX.jpg?quality=96&as=32x30,48x45,72x68,108x101,160x150,240x225,360x338,480x451,540x507,640x601,720x676,1080x1014,1140x1070&from=bu&cs=160x0",6
4ae42b9d1bf04c46b7623a8ab1760812.jpg,"https://sun1-57.userapi.com/s/v1/ig2/RUvvOctJGkovPY-Ay94FMGO6c3rMHbXnoD4PrJxnSEKENC8VOQfN2B4HiwUGQ7DOpgCzsnQ5hlXANI7tApf-cMOx.jpg?quality=95&as=32x50,48x75,72x113,108x169,160x250,240x375,360x563,480x750,540x844,640x1000,720x1125,883x1380&from=bu&cs=160x0",5
f6439a84601e4f6997041d1ede4d195e.jpg,"https://sun9-43.userapi.com/s/v1/ig2/l-PTyXoo_Pb_gO-EVRhaj1ayB2WKP1TNHowY0Sx_NN4Qfq_hSxubUppLDye2xbsffWrobqOgjp0E4EgFoWKqmAxM.jpg?quality=95&as=32x32,48x48,72x72,108x108,160x160,240x240,360x360,480x480,540x540,640x640,720x720,1080x1080,1280x1280,1440x1440,1800x1800&from=bu&cs=160x0",0
9ae77c37eae3a6a6f91086c92ee2dc0b.jpg,"https://sun1-20.userapi.com/s/v1/if2/hKZRyalH5ZtN6wZOwRd6fo9ET1VrcpHS3jU4_H48TmqLRMq_tS6IHUNFloZbhyCj-My7JcYRL5bb1h7IQnibGR-2.jpg?quality=95&as=32x31,48x47,72x70,108x105,160x155,240x233,360x349,459x445&from=bu&cs=160x0",5
12dd20d923fceccc9d4d9fa677a9352a.jpg,"https://sun1-85.userapi.com/s/v1/if2/HFHUe6tx8mGLiFIZ271snWflsnSPkUyFAGDVGEnMWAC1CByql7aI5_6k2z2EFJg_MtZSdX3a_F1wqlHM37-AGbxh.jpg?quality=95&as=32x21,48x32,72x48,108x72,160x107,240x160,360x240,480x320,540x360,640x427,720x480,1080x720,1280x853,1440x960,1536x1024&from=bu&cs=160x0",2
212b67f606f36f23af5e7c12dec599fb.jpg,"https://sun9-73.userapi.com/s/v1/ig2/pplch5qFL-2iBVKRLuz6iyqCXF9coeqVrViuhQHEZIVnJ0kRKESsClkZ9019nO22nAWRa8r6WsbSL4hdbjGD1QEr.jpg?quality=95&as=32x32,48x48,72x72,108x108,160x160,240x241,360x361,480x481,540x542,640x642,703x705&from=bu&cs=160x0",3
3d7c922bf0bfa6fd3c614471bb6375e7.jpg,"https://sun9-50.userapi.com/s/v1/ig2/OCVJ-9eKScKofltpINIJ2WqTv1AeCeAiLxOeaYEQ5LAh0JhAdkn_HHL-Td58C4Ug-MEfjok_6uSYkz7KSx0rO2Qd.jpg?quality=95&as=32x32,48x48,72x72,108x108,160x160,240x240,360x360,480x480,540x540,640x640,720x720,1080x1080,1200x1200&from=bu&cs=160x0",0
ed7d92750b70dd9b70e4cadde4745138.jpg,"https://sun9-34.userapi.com/s/v1/if2/vXCZVvPrQHmuLY-PLE5xHK-t9PMswHGuBMlGVoX2rXudqGgQEuCy8jMmpMsDEKlplwgOhHieCSX2nRtGC00jd4uV.jpg?quality=95&as=32x28,48x42,72x63,108x94,160x140,240x210,360x314,480x419,540x472,640x559,720x629,1080x944,1280x1118,1440x1258,1464x1279&from=bu&cs=160x0",1
4f99004e72d326a731b031f841fd5a23.jpg,"https://sun9-61.userapi.com/s/v1/ig2/iUyeVHLTK0YJmqaQbi9gwr1dwZKpK-DCELsIMic9E3JYOvMVLnmWJgiA_a8dxQroTn_1wzVwOljPss5JGYQSzCyv.jpg?quality=95&as=32x49,48x73,72x110,108x164,160x243,240x365,360x548,428x651&from=bu&cs=160x0",1
27b7cb220330c004f6de8b12ea2a93d9.jpg,"https://sun9-50.userapi.com/s/v1/if2/Vb2PYDeYlcbT0UT1PSUUKzX3ZPYHJp9HJ3HvVUn26fxFPsoCIoAWaJPEo-GMMx5RT2WrT2mwbslOgG2muuzY2-Rw.jpg?quality=95&as=32x19,48x28,72x42,108x64,160x94,240x142,360x212,480x283,540x319,640x378,720x425,800x472&from=bu&cs=160x0",3
6bde84e781ff8bfb8259413e571eacd2.jpg,"https://sun1-14.userapi.com/s/v1/ig2/ylRh1WVnNyHPp2XH4YoE_9U9VkKfNIZ2YLCBWe2eTDr2bWp_pXfTliofcGcMFqwoqBzndotKu_TwmhFt7p3omqMB.jpg?quality=95&as=32x32,48x48,72x72,108x108,160x160,240x240,360x360,480x480,540x540,640x640,720x720,1024x1024&from=bu&cs=160x0",5
2ad5e3df9a5e9c7253ad83eeb24b4114.jpg,"https://sun1-25.userapi.com/s/v1/ig2/TovbP5TVEnBn4LZJrftBDGVHVgxxOML_jxbrdPD6H7-pSD4_fi2bH4QV4VgBE7xXEvMviNajDttS4fPfP0hpTyqi.jpg?quality=95&as=32x62,48x94,72x141,108x211,160x312,240x469,360x703,480x937,540x1054,591x1154&from=bu&cs=160x0",5
ab2dd846617bdea814e111cac03ddb9e.jpg,"https://sun1-13.userapi.com/s/v1/ig2/S9z6CJUqY7Knt4cfWERkJBicOW9FdU7wHE8XfL4TrD-2wkQlmeA1PYVy9hltl5PxwxBvoS1BjfsRJCbohPAlbV8t.jpg?quality=95&as=32x40,48x59,72x89,108x134,160x198,240x297,360x445,480x594,540x668,640x792,720x891,1024x1267&from=bu&cs=160x0",2
d5bf0df0224b279e8602d1adc16748cf.jpg,"https://sun9-68.userapi.com/s/v1/if2/cVmSEANpXT3oBIF0mIDZoFSHa_spl2f5kwQpPFYmuRhBDEr6x9WLVRWeCvNKetCMEeJS48TM0XeF4w6--aOJLFXg.jpg?quality=95&as=32x24,48x37,72x55,108x82,160x122,240x183,360x275,480x366,540x412,640x489,720x550,1048x800&from=bu&cs=160x0",1
36fe7a58605cac80f082481bd2903af7.jpg,"https://sun9-52.userapi.com/s/v1/if2/u0wbKw4Wht4OXd3KAnt_NhAxB14IXv37MwV6qqz1Tev1YY3JnnT1eLUSkusuohbU5bX1aeWtbHC49KZQ3s7dI5_H.jpg?quality=95&as=32x21,48x32,72x48,108x72,160x106,240x159,360x239,480x319,540x359,640x425,720x478,834x554&from=bu&cs=160x0",1
e4211e294df2d81e2128c515380680d7.jpg,"https://sun9-40.userapi.com/s/v1/if2/rqmF5sCO-gfEoq7Cj9sH0lMk4n1p_E6PWN1DZH29-HjdzO6Y5exjJvF43vef_PZiKXxHKdTCMMpgXGrK0bzkwB8I.jpg?quality=95&as=32x24,48x37,72x55,108x83,160x122,240x184,360x275,480x367,540x413,640x490,720x551,916x701&from=bu&cs=160x0",1
0d48c3d76d4754b41dc72f45f44fc0fb.jpg,"https://sun1-91.userapi.com/s/v1/ig2/Ku6WsLiM0Sy2EuhGd0mIAU8RcGOTZA5NeYbIhRYmVrbfOhomBnJi3KJDjQhShqfTPPraJPPBYroGKkH7cmYQ7CaX.jpg?quality=95&as=32x47,48x71,72x107,108x160,160x237,240x356,360x533,480x711,540x800,640x948,720x1067,1080x1600,1280x1896,1440x2133,1500x2222&from=bu&cs=160x0",5
03c8a4f32f3ccc1630c269664e4c8d6b.jpg,"https://sun1-97.userapi.com/s/v1/ig2/ZTWDOsXAyabvyCOWMsqITbHpeL1y0LjDZVS2zRsgjyhsor_xRXVZ0GQaSLQwavL82kQ4nf2rDli-rrorcXyStGjn.jpg?quality=95&as=32x32,48x48,72x72,108x108,160x160,240x240,360x360,480x480,540x540,640x640,720x720,1080x1080,1200x1200&from=bu&cs=160x0",0
08587d8334eeac5ba9ce63a6007949e6.jpg,"https://sun9-56.userapi.com/s/v1/ig2/Re6vp_hFSM6NU-5ZqranyW-t-2vaVTN1nH-2dG-RN5rit7QjeaZ42UdcunfkzZQwLCCXaKcZ1rFPV4uYv5ClugD4.jpg?quality=95&as=32x45,48x67,72x101,108x151,160x224,240x336,360x504,480x672,540x757,640x897,720x1009,838x1174&from=bu&cs=160x0",6
297a3bca82bd33b264fb782781d9d0ed.jpg,"https://sun1-28.userapi.com/s/v1/ig2/knwWpBWJOMQwhIDNh0PvvsurWuRAza5M00AieFK6Ym7aWac5k8AM9g8XAP8NykQjbzo6YUhCN-PYY_1dr0ahneBZ.jpg?quality=95&as=32x32,48x48,72x72,108x108,160x160,240x240,360x360,480x480,540x540,640x640,720x720,1080x1080&from=bu&cs=160x0",5
c700ce3dd419cc37d603a58d9e35c5a0.jpg,"https://sun9-48.userapi.com/s/v1/if2/22a0tCNQsbj10ryqCvRqrgYVoiEdQibUT7ZLbf-_oUGzM9pidwICRj6sBfM1lGQwM-LfXB4wQKqeCk-zXY40BEuV.jpg?quality=96&as=32x29,48x43,72x65,108x98,160x145,240x217,360x326,480x434,540x489,640x579,720x651,1080x977,1218x1102&from=bu&cs=160x0",6
132ecb8fadb5d697ff78b60fdcb7688f.jpg,"https://sun9-77.userapi.com/s/v1/ig2/knyhNjVPOXvYFgHufwPevbFi_aBBxD3gYZ0ugw2Sfc2I_olHhvT2bn3Fm5CCYe-lglwhjZ_e7akfX2jMezzr08wK.jpg?quality=95&as=32x33,48x50,72x74,108x112,160x165,240x248,360x372,480x496,540x558,640x662,720x744,830x858&from=bu&cs=160x0",3
df8b955505b85028025c8a5e828d9a3e.jpg,"https://sun9-9.userapi.com/s/v1/ig2/dG1jvQ_W6PpNr7VqbMEfw7HyiajuCIUuP9MxVzSNjcsY-ameZtQNOHrFdsGoud6WWzqjRkWaq6giOovspWqXBrrO.jpg?quality=95&as=32x48,48x71,72x107,108x161,160x238,240x357,353x525&from=bu&cs=160x0",3
a63f045537c1489d8e05504de6e22a5f.jpg,"https://sun9-84.userapi.com/s/v1/ig2/rw9KhDHIhBHr5HwZ6NIQwOBPrp2SD_5XSGmmz5DECKjm_eErZFoCbHGJqis3wgoVa-nL3InBXSqCRJn-9JZafUUF.jpg?quality=96&as=32x41,48x62,72x93,108x139,160x206,240x310,360x464,480x619,540x696,640x825,720x929,870x1122&from=bu&cs=160x0",6
a44ab1195efe9dd7b918679d21890b7f.jpg,"https://sun9-74.userapi.com/s/v1/ig2/mlUtlfTeVCvNb8AMMocypzRiHV9pVM3lBpuz2BgnXKXJ1UDLuEIliH5bUJEqgu5ghYc-FZfl0c0nITnEsSYC7y2z.jpg?quality=95&as=32x40,48x60,72x90,108x135,160x201,240x301,360x452,480x602,540x677,633x794&from=bu&cs=160x0",1
b58b4caba3ae878999b6f1a2f6ec3755.jpg,"https://sun9-22.userapi.com/s/v1/if2/26JybBpdt7lzk92seAWNSqLGfTOLpnfIV0urWToPQCNMhDAiShW4iJTpyXR7-0OIcyocXAfRhLHgTWI2lCdboFj-.jpg?quality=95&as=32x21,48x32,72x48,108x72,160x107,240x160,360x240,480x320,540x360,640x427,720x480,1080x720,1280x853,1440x960,2560x1707&from=bu&cs=160x0",0
4d8b0a1d3a38f47d8c7e2178b9d8883a.jpg,"https://sun9-88.userapi.com/s/v1/if2/muwaxJx2LaKOCndZN2oz1XXiDJKIunwMBq_X90LAogZ4KVbhom_7xOt1rvWKLnaYxKRLmmRZA8Ggegcx5WioIMmF.jpg?quality=96&as=32x24,48x36,72x54,108x81,160x121,240x181,360x272,480x362,540x407,640x483,720x543,1080x815,1280x966,1384x1044&from=bu&cs=160x0",6
a27e24053361b4b21d1d5ae54603c287.jpg,"https://sun1-97.userapi.com/s/v1/if2/9FPCQGhRfta-wf_DJXRVy-jCT18HH9u_aUYG4k-LyiOoEv8pPxLIoF0LOxhk5-8LZRrNLBsx2Nl3zIolcJE-Nz9l.jpg?quality=95&as=32x30,48x45,72x67,108x101,160x149,240x224,360x336,480x448,540x504,640x597,720x672&from=bu&cs=160x0",2
b92fa74dd7aa02d438f9f8c0feb1a959.jpg,"https://sun1-83.userapi.com/s/v1/ig2/AgTwnHCnEiNJ3Hl5D75-1iVeNriX9LpxDYIJyNZKtKc3jErvLZaQmk4ez1kSPoInSyYuaTpIhn0eDbdE_xrqEgXA.jpg?quality=95&as=32x48,48x72,72x108,108x162,160x240,240x360,360x540,480x720,540x810,640x960,720x1080,1024x1536&from=bu&cs=160x0",2
37db323522ae9f68cfd793d01526754e.jpg,"https://sun9-60.userapi.com/s/v1/if2/ttOrw4HEyVtfGPab2anauo8olffSdP_n3UFYwJ702udvT0iw0Tgt5EUpXwgcrEa26HhdGX6zTjRx3JEqOuGHjPhg.jpg?quality=96&as=32x30,48x44,72x67,108x100,160x148,240x222,360x333,480x445,540x500,640x593,720x667,1080x1000,1192x1104&from=bu&cs=160x0",6
88b885f9680964a22c53188da84d4f36.jpg,"https://sun1-23.userapi.com/s/v1/ig2/xlFe6ZjkP-3evhQTwRwlnNW6E5SxYIS0OQfKKUgKgnh0YBlcIjPSZ2NgAuDFGfuvYJsul1srI-NKATmM2duvFQzb.jpg?quality=95&as=32x41,48x62,72x93,108x140,160x207,240x311,360x467,480x622,540x700,640x830,720x933,1080x1400,1280x1659,1440x1867,1975x2560&from=bu&cs=160x0",6
0b2c25ef08b2b919dd0a4c294b105266.jpg,"https://sun1-19.userapi.com/s/v1/ig2/jmzbEczrsA3EpIWeze76lYwKu30-lQtMkKfnftLK26D4xI8Rdqvhjn4FnwNRnL62UMvTCNFP1wAu_arpJ119FusH.jpg?quality=95&as=32x32,48x48,72x72,108x108,160x160,240x240,360x360,480x480,540x540,640x640,720x720,1080x1080&from=bu&cs=160x0",5
3cffe3e00866ea297549ba940df3ff9e.jpg,"https://sun9-30.userapi.com/s/v1/ig2/1G7uHbHn0TKV1KWBAqlKdtZtcQHHcTtJl-dX9ul468zIFFu08iefUG2X2WQQTSOvrEekVU_AUjeojnHnVlys0vad.jpg?quality=96&as=32x40,48x60,72x90,108x135,160x200,240x299,360x449,480x599,540x673,640x798,720x898,1080x1347&from=bu&cs=160x0",6
83d21b9cbdffa6f45b2dc7ac8ec998bf.jpg,"https://sun1-89.userapi.com/s/v1/if2/wB-Vw5Ux5NsQwB76iC2WnIIXGaklJ7e9GF9w8MLB-EL3oCciANXLMSJo_2hVUKFWoQHh_FMLL_Hj0dCd9ecxiUUf.jpg?quality=95&as=32x16,48x25,72x37,108x56,160x82,240x123,360x185,480x247,540x278,640x329,720x370,1080x555,1280x658&from=bu&cs=160x0",5
3d02cb0500434591f0689d8c7dce2c7a.jpg,"https://sun1-28.userapi.com/s/v1/if2/riIfhA8plWd1cR9DXdUBXjehqC4QQtw_Cqv7lHIhPKhEg1GSxRWX85t4nrWUdOwZdWCg7Ykjs2v9hiSBepW8N2Vi.jpg?quality=95&as=32x21,48x32,72x48,108x72,160x107,240x160,360x240,480x320,540x360,640x427,720x480,1080x720,1280x853,1440x960,1536x1024&from=bu&cs=160x0",2
ac8e7c9a2cc500ac2babdb1b54eb511f.jpg,"https://sun9-23.userapi.com/s/v1/ig2/Ue_wcLMLChG9uDrplpsU0fUt5qvVCjLjUzWn8wwUpB7s9PDyRSDze3pnNFrozhnMFH5gml1_Duu82jkpHTtaV7a0.jpg?quality=95&as=32x32,48x48,72x72,108x108,160x160,240x240,360x360,480x480,540x540,550x550&from=bu&cs=160x0",3
c2b7c65ec9863e254a8efcea3ed8ab6f.jpg,"https://sun9-23.userapi.com/s/v1/ig2/bSz2shDMukv2FSbpEujzpOgxQOxzvs22Xi-TO7Xb0p_R1ABogVJO9DqZ2K6celf9tQW0YSJN1XNc8xOgkcs_d0Hw.jpg?quality=96&as=32x32,48x48,72x72,108x108,160x160,240x240,360x360,480x480,540x540,640x640,720x720,900x900&from=bu&cs=160x0",6
632c2ad784bb48af51afcf89e6b611aa.jpg,"https://sun1-87.userapi.com/s/v1/ig2/flsMWB6eY-U_4ofqDjN0Kr-dD8ePYZPAPEHfd76yjUwCqG4h5I6F2vQKPZvKUHdRR6tbbk3nsYicmA78fWaspVRk.jpg?quality=95&as=32x48,48x72,72x108,108x162,160x240,240x360,360x540,480x720,540x810,640x960,720x1080,1024x1536&from=bu&cs=160x0",2
b33704b990e287677804e141919792e2.jpg,"https://sun9-35.userapi.com/s/v1/if2/ycLmWNPTU1wQ0zIVFK1yBcEOLtzZhPwMHRNV7hIdwM9WSZ19Gkei73OQEkRjD9qyK5_bCkptW7FTqmr45ncLwaNX.jpg?quality=96&as=32x29,48x44,72x66,108x99,160x146,240x220,360x329,480x439,540x494,640x585,720x659,1080x988&from=bu&cs=160x0",6
8c93122a13e5fbdc015050f19c59b0cb.jpg,"https://sun9-11.userapi.com/s/v1/ig2/J2axYEmQS40T8TOrg9Ol2ff2nlkoQacLslqn9uU0YZUYHhMCiO4C5thmfho_mifj_UITN2kdCF2KsQO6ToVIGhfA.jpg?quality=95&as=32x32,48x48,72x72,108x108,160x160,240x240,360x360,480x480&from=bu&cs=160x0",3
011543ec5a4bc055904950f990ce4e61.jpg,"https://sun1-26.userapi.com/s/v1/if2/iUE4ICtIYuTftB00Xb16WtTCa0oe04XIwUdgZ4NXIglV7Nt3XSfkDCzUqu8EhmncpML8fS_Izs2QT3nka-KVxY8S.jpg?quality=95&as=32x28,48x43,72x64,108x96,160x142,240x214,360x320,480x427,540x481,640x569,720x641,1080x961,1280x1139,1440x1281,2560x2278&from=bu&cs=160x0",4
34bd92e99b4cf554647def01d85a09ec.jpg,"https://sun9-11.userapi.com/s/v1/ig2/pDsBEb9ASsImbZL9mIEOe8ag_F5_U1LzlOqdBdPxhGruORjM4rb4TzuRvYp5T94l9RADp6h3UyBF8vvLgYIOvRyX.jpg?quality=95&as=32x34,48x51,72x76,108x114,160x170,240x254,360x382,480x509,540x572,566x600&from=bu&cs=160x0",1
7a8c6e6ddef5959be605a81797050839.jpg,"https://sun9-58.userapi.com/s/v1/if2/ij-zEyyedEKMsafHsPUdjXjSRUvmuebrk5io98W__CAKikVIUHfKtYAJ3hftjCRHhMEwULbYqdQInrEMXyIUiRL3.jpg?quality=95&as=32x18,48x27,72x40,108x61,160x90,240x135,360x202,480x270,540x304,640x360,720x405,1080x607,1200x675&from=bu&cs=160x0",1
53f7744ea9bef77df819aa1a29e176ad.jpg,"https://sun9-32.userapi.com/s/v1/if2/xnwOL7SYqn_QB1Ii9FgLmnRiM5ihAnqU8AfyWi0VVkjWpcAr9xUw33TOzxGdPQ7qxIN9oGJFT08VxPN2SbpyOT0c.jpg?quality=95&as=32x28,48x42,72x62,108x94,160x139,240x208,360x312,480x416,540x468,640x555,720x624,1080x936,1280x1109,1440x1248,1475x1278&from=bu&cs=160x0",1
f385ced9e725f3715b58ae919d62baf1.jpg,"https://sun1-27.userapi.com/s/v1/ig2/B_FrG1_g6e_v-TUcCyZ7uaDnyb2UDom3K_FMXp2kNfbCSATnCpZHgMLVXVQ87lnl_t6Xjn3HE6SctM7M4AgALYwb.jpg?quality=95&as=32x40,48x60,72x90,108x135,160x200,240x300,360x450,480x600,540x675,640x800,720x900,1080x1350&from=bu&cs=160x0",4
276c2f95d5647867015aab752d23e1ba.jpg,"https://sun1-25.userapi.com/s/v1/ig2/5RFP2lx481VFVV9kfHGMDAXcrUYSCaETC7tWrc1ihhPG1I1GJSM6lX7BSr_9lZVFNof7-1VEO5TtLLs-rni992Hr.jpg?quality=95&as=32x40,48x60,72x90,108x135,160x200,240x300,360x450,480x600,540x675,640x800,720x900,1080x1350&from=bu&cs=160x0",4
37c5c6319199f21b0f93ec4e4069977f.jpg,"https://sun9-39.userapi.com/s/v1/if2/JAUhbwvXlk_qOxYwUVFykYf7jndHy0zUzYDDYVkTjBOlgUzB52w-Ca6AlE2uKyBAeBDVbtUxgxEf6K9MTaEv1YTM.jpg?quality=96&as=32x28,48x42,72x63,108x95,160x140,240x210,360x316,480x421,540x474,640x561,720x631,1080x947,1280x1122,1284x1126&from=bu&cs=160x0",6
e7db908ff412c1cb815049ac29675790.jpg,"https://sun9-61.userapi.com/s/v1/ig2/h_Lz5UpEaRWg9-cg85k_xtIiTHr-6RteFirpPJl5C15l6ZRdvXOGB5UbX3fiX3to4LBSX_gOyXXQzAS-AA0RVX2r.jpg?quality=95&as=32x32,48x48,72x72,108x108,160x160,240x240,360x360,480x480,540x540,640x640,720x720,1080x1080,1200x1200&from=bu&cs=160x0",0
1f30c8cb7cf95553dfdca8b228af8d69.jpg,"https://sun1-93.userapi.com/s/v1/if2/52-ftMe_GKepGl5xBz__BPnUrOXvkffyKz1MzVI_-p29u62Dau5SAJYOB4fIgF0CPF5dTAchjovJe2tTu5AYOQN7.jpg?quality=95&as=32x25,48x38,72x57,108x86,160x128,240x191,360x287,480x383,540x430,596x475&from=bu&cs=160x0",4
7f243c54d685a792808d611f2b05e78c.jpg,"https://sun1-16.userapi.com/s/v1/ig2/246F98IjtKwCJ5S-F455RvlC_NattbUdIz5xrc8a1v936umz5gc17f6-S9ksJ22RqLOHUf8jvyqb_VBCTTc_UgLv.jpg?quality=95&as=32x43,48x64,72x96,108x144,160x213,240x320,360x480,480x640,540x721,640x854&from=bu&cs=160x0",2
2f5e1564fdcce9b770bbb6f6c7f56352.jpg,"https://sun9-77.userapi.com/s/v1/ig2/gCdZF_af1yGSV2wyLLuzZ9gyeGthnbJliTq3b-5NmZU_sRyGTDEyaNZhKemqp1KoZmdKUKawfbXOwHY7QWQgiare.jpg?quality=95&as=32x45,48x68,72x102,108x153,160x227,240x340,360x510,455x645&from=bu&cs=160x0",1
e02d93b1c7fedba1a4fc6edc1861e8ed.jpg,"https://sun9-74.userapi.com/s/v1/ig2/HmwVXrW_TXbQSAp5PFJ9qDkOKI05svUucvxzgBQJ8PzcMc30EuVi7wzWwywPgDJDy8rLY_jsLLXSZgTFMNqb7tE1.jpg?quality=95&as=32x32,48x48,72x72,108x108,160x160,240x240,360x360,480x480,540x540,640x640,720x720,1080x1080,1200x1200&from=bu&cs=160x0",0
51949879bc8dfb0f97d94e485599f054.jpg,"https://sun9-64.userapi.com/s/v1/ig2/MMQ2SV0P3GS4yxmSq9D1KhYr4mHbYwPEProkXOGDKjiHWPaTYjC6-DYyqAqqeCsQR2OeQCcb9KjsgLj4f07ohCj_.jpg?quality=95&as=32x32,48x48,72x72,108x108,160x160,240x240,360x360,480x480,540x540,640x640,720x720,838x838&from=bu&cs=160x0",1
fbb8f59dffb4f77e5bf187e828ccb61b.jpg,"https://sun1-84.userapi.com/s/v1/ig2/zEqdZN8FLwCm7xBryCFqVKAsHURLwFmVtqhJu-0EHoEKvVmmfD92cO-7z8opuqkKUre1RVzYuLaITsV-kSnhIYks.jpg?quality=95&as=32x48,48x72,72x109,108x163,160x241,240x362,360x543,480x724,540x814,640x965,720x1086,1080x1628,1280x1930,1440x2171,1698x2560&from=bu&cs=160x0",2
f5e39a88720e40cd7aa336bff5beb3c1.jpg,"https://sun1-56.userapi.com/s/v1/ig2/dENjpfu0Kda-iltPb07T36VLEPPJN2-huoGlxG6YrHtYHSnz35SDmDJ_n_5qCy531zQ2oy7-K7ZPrZPj6Nk4dsHo.jpg?quality=95&as=32x40,48x60,72x90,108x135,160x200,240x300,360x450,480x600,540x675,640x800,700x875&from=bu&cs=160x0",4
ac336ec7da2aa3a1aef1947f7717fe7e.jpg,"https://sun1-24.userapi.com/s/v1/ig2/8E4mB94a0-rPJVrz7qBTgM9q1Jn2dytbQ9R3wkEM0j6r0LlvzmW9kestuD5iGL6oFAkf0pXgzVmkbCtgRa09nr68.jpg?quality=95&as=32x40,48x60,72x90,108x135,160x200,240x300,360x450,480x600,540x675,640x800,720x900,1080x1350&from=bu&cs=160x0",4
f9cef62e997a8eea01473b6fb2880eac.jpg,"https://sun1-95.userapi.com/s/v1/if2/b-CEG6A15dLTVWvgmgyyojRe1PFFAtWBPcXleaLll_83UAoFIbXyaWOQ-AnKSfsGB2rKCq8t6xZEJTVInefUDikP.jpg?quality=95&as=32x26,48x39,72x59,108x88,160x130,240x195,360x293,480x390,540x439,640x520,720x585,781x635&from=bu&cs=160x0",4
1bda30958dc5675bdfe8ceea1258dcd0.jpg,"https://sun9-23.userapi.com/s/v1/ig2/ggH7Lt8C_YwBYF3pzQSLiwk7ei5w6JxqrDfxnHrxOhZnSWPYN8cduXI33SBkvjjvOJZsRnGS04Z8R_ljPCNxEmcP.jpg?quality=95&as=32x32,48x48,72x72,108x108,160x160,240x240,360x360,480x480,540x540,640x640,720x720,1080x1080&from=bu&cs=160x0",0
ef26777f267845cb3fcabb5e30df0238.jpg,"https://sun1-97.userapi.com/s/v1/ig2/jxANy1rxDlSOteMtvJeuplnEBc8SQCtPu7d-CVxnYcaZqnrWu0PV-rvJ41JmWdd4TsNjNjnm4DF_Mrd9RV-UDqSn.jpg?quality=95&as=32x39,48x59,72x88,108x132,160x196,240x293,360x440,480x587,540x660,640x782,720x880,1024x1252&from=bu&cs=160x0",2
985f7dd516740aa735d0099f0c51da85.jpg,"https://sun1-90.userapi.com/s/v1/ig2/PP3re-iHDSBkEdWPr197HJbZh0iDNhYc1X4f5JV1UvurC1086heEX-KTkPl0RsNoj7oNYX6fIMUkVfisJNzXw-y2.jpg?quality=95&as=32x32,48x48,72x72,108x108,160x160,240x240,360x360,480x480,540x540,640x640,720x720,1080x1080&from=bu&cs=160x0",4
720edb25cbb7ef6e2e45644958eae6b0.jpg,"https://sun9-78.userapi.com/s/v1/ig2/9Ljo1Oz3ET79zsVTJREMb6TKred2WL0iCGbgh8e8UGD5YyjyM-cbi6krPIubh0OwIauBUBwJtsTUJuvw2nhmw0tB.jpg?quality=95&as=32x32,48x48,72x72,108x108,160x160,240x240,360x360,480x480,540x540,640x640,720x720,1080x1080,1280x1280,1440x1440,1800x1800&from=bu&cs=160x0",0
419a790dc6c798fc67f7cbc04f48bd50.jpg,"https://sun9-23.userapi.com/s/v1/if2/9RCBWYszXdrTpp6u0ebYt2KKQFUdk7b1dOe3ng7Iz16x5Rg5ozi_WwrPsGXgp9v-xNOqdJU7tLYW7d5ppT34PSNq.jpg?quality=95&as=32x21,48x32,72x48,108x72,160x107,240x160,360x240,480x320,540x360,640x427,720x480,1080x720,1280x853,1440x960,1620x1080&from=bu&cs=160x0",0
1d02fafe5879de721ea17bf131b63c86.jpg,"https://sun1-89.userapi.com/s/v1/ig2/2lTVrHibyCtKN4R_qlkf86srYv5xLmzxhtdLvjc6J8dxUIJuFAClNS6yEqmdEof_3LYCXhXBUVt3Xb0QaLEEO4Nh.jpg?quality=95&as=32x32,48x48,72x72,108x108,160x160,240x240,360x360,480x480,540x540,640x640,720x720,1080x1080&from=bu&cs=160x0",4
e482a9c63aaca3ce8c5c14c65eb993b3.jpg,"https://sun9-69.userapi.com/s/v1/ig2/iIlOtGVieaDHBSc5SkQgF-XydBFnxB4U4swBRt9wacGapi7595zXDJpBe7VtI5jl0V3ipI5GUhZWSiymnb4nHPd0.jpg?quality=95&as=32x35,48x52,72x79,108x118,160x175,240x262,360x393,480x524,540x590,609x665&from=bu&cs=160x0",3
3c9fe21f164170b7c3f4c9181fc13d2c.jpg,"https://sun1-21.userapi.com/s/v1/ig2/F9oPN8fy4TEzslcgCtt_eht-AqgXSMzTwX-cJEAo728r5La3wtenYbHBSUD7qVyH3y4VXkS-nuYQ_ewcAACMt-3P.jpg?quality=95&as=32x38,48x57,72x85,108x127,160x189,240x283,360x425,480x566,540x637,640x755&from=bu&cs=160x0",2
4c7e2f7af6daa415c100dd86374633d7.jpg,"https://sun1-87.userapi.com/s/v1/ig2/LfVy_6zJQG89JtXQT9kiaxTBy1ILxpGaHfdX4n-f0Mqgxc4f2MWspUsQ_4q0bTOixTzlvJd5rGNbWyqUkVLh8Ex5.jpg?quality=95&as=32x32,48x48,72x72,108x108,160x160,240x240,360x360,480x480,540x540,640x640,720x720,1080x1080,1200x1200&from=bu&cs=160x0",0
ca052da12b80efe9055cc0471ce79229.jpg,"https://sun1-23.userapi.com/s/v1/if2/pJwAI4we0a-f96ecTp2eNm_HpB-i8K-SVYa-liGVJivL_DSIkcvrsLYEpK0XMVUxItQjDcnqBhPyYqNzXSGt9gH5.jpg?quality=95&as=32x18,48x27,72x40,108x61,160x90,240x135,360x202,480x270,540x304,640x360,720x405,1080x607,1280x720,1440x810,2000x1125&from=bu&cs=160x0",5
b4ae67ce3bbf4705ec6622bc9ba889c0.jpg,"https://sun1-25.userapi.com/s/v1/ig2/yJ_Q4UqvfyvErE8pI2e2CAk32K2CFC91M5eO8F2lD2FRe7OaJPoa_69ynzYJeDCW02Mk5bCh8R7-8HyZC7YKYdvA.jpg?quality=95&as=32x40,48x60,72x90,108x135,160x201,240x301,360x452,480x602,540x677,640x803,720x903,1080x1355,1280x1605,1440x1806,2041x2560&from=bu&cs=160x0",6
b51e057f01a910295efeebabfbdbfc70.jpg,"https://sun9-67.userapi.com/s/v1/ig2/bChbKzTtPS_GBtIcAIqJIGP4miqK7kN4x7fRPU_HZw4KjNC_PdRzFUZ5-PEiryyn56e5GT_SZ2jQXsc1cr4UmALJ.jpg?quality=95&as=32x32,48x48,72x72,108x108,160x160,240x240,360x360,480x480,540x540,640x640,720x720,1080x1080,1200x1200&from=bu&cs=160x0",0
a85f7443d6a0ef9fcebd96b0eb00241e.jpg,"https://sun1-92.userapi.com/s/v1/ig2/XFmz9JwBggy8G3YFHH4dgsaLeNmJhQecb5C32gAP724XsF98py-sntYx6mZ-NVtnJPhmr2UAM31OPaK7SgQ_LtrP.jpg?quality=95&as=32x49,48x74,72x111,108x166,160x246,240x370,360x554,480x739,540x832,640x985,720x1109,828x1275&from=bu&cs=160x0",2
55e3a58740e1738a6fdf07852032a10d.jpg,"https://sun9-68.userapi.com/s/v1/ig2/AdDjBljssvI5-zkNenPcezdq8GFC5z3isNljM10k0lScp0GJpWqgl4cCp4rpmVSCT5eISoMvBA61J7WTc1s6wDcN.jpg?quality=96&as=32x47,48x70,72x105,108x158,160x234,240x351,360x526,480x702,540x789,640x936,720x1053,1080x1579,1223x1788&from=bu&cs=160x0",6
bb97eeb76b2dd8e8c2d54e07911ee1b9.jpg,"https://sun9-40.userapi.com/s/v1/if2/5bt-OjMItG30hVF4kfY0RUAnPQ6LD8f1WgPxbVVHajG3Sk_KRnmUQ4JKNGAth1DHEfW1JxNg3oILK5bGuXqLEkhF.jpg?quality=95&as=32x24,48x35,72x53,108x80,160x118,240x177,360x265,480x354,540x398,640x472,720x531&from=bu&cs=160x0",3
58fa4316b487724bd846cf90e6e8bfd4.jpg,"https://sun1-17.userapi.com/s/v1/ig2/jFqQQtip-qloSDVhiy-cEzl1V4WbFbTd-JDJskOVxEns_RrRoJLEoRms2-ixlVVptQPP7YTBA2SNCnqeR68ksmT0.jpg?quality=95&as=32x45,48x67,72x101,108x151,160x224,240x336,300x420&from=bu&cs=160x0",5
f1fed733e09015c4d32763aeb6aea98a.jpg,"https://sun1-54.userapi.com/s/v1/ig2/kB6o8kiid8GTg_luADW5LZ4Gjqyme_ZDZGQl51F9A7kBJxhXJHOxNmY_D_jgbkoAYwoE_EsCEL1Dy9sw_2XYZhI5.jpg?quality=95&as=32x32,48x48,72x72,108x108,160x160,240x240,360x360,480x480,540x540,640x640,720x720,1080x1080&from=bu&cs=160x0",4
907121a3980970018053799ee347a824.jpg,"https://sun9-53.userapi.com/s/v1/ig2/MahxaIk6mANBBpTAt4N031CuWxCgstGnOZKb_6XsUAVOFB4ckoLnL7cK_vHuiNn_Ulhf8Vy_HiRdXI7HNVmwxfqf.jpg?quality=95&as=32x43,48x64,72x96,108x144,160x213,240x320,360x480,450x600&from=bu&cs=160x0",3
8ee3996ab666a98d86e737af5442cb6e.jpg,"https://sun9-62.userapi.com/s/v1/if2/oFOxs7w1_vFBvIuIwcg3vQ1QT3ra0_V0fkvSIJjXf_kWb55RFPHwxsjnqtC1Dp7xImGnwWtZK86wWXtYHDefisVn.jpg?quality=95&as=32x28,48x42,72x63,108x94,160x139,240x209,360x314,480x418,540x470,640x557,720x627,1080x941,1280x1115,1440x1254,1473x1283&from=bu&cs=160x0",1
9b48a6590f500395fcc0b64454554ebb.jpg,"https://sun9-56.userapi.com/s/v1/ig2/38F1TO2qH5UEGEm85i1KERbgueopTGv4xt89kvY_g_euwZ6FsweV-72rz2G0tU-mVEBj08Kc6vbVCHD3UKD3Booe.jpg?quality=95&as=32x32,48x48,72x72,108x108,160x160,240x240,360x360,480x480,540x540,640x640,720x720,1080x1080,1280x1280,1440x1440,2560x2560&from=bu&cs=160x0",0
3e4fe6eb9a2ad39067bb6179acbdbb4f.jpg,"https://sun9-11.userapi.com/s/v1/ig2/oGYVCWAJiZ2m9t8fQ1Y_qUyJHUVDILtC-iPOi3WO1ctSGRMe83TQ6s0S6oW43yVMwac_fPT-RDZe5RTqfuffs0P9.jpg?quality=95&as=32x32,48x48,72x72,108x108,160x160,240x240,360x360,480x480,540x540,640x640,720x720,1080x1080,1200x1200&from=bu&cs=160x0",0
a90b9399451522f2d1e1919dcc961de9.jpg,"https://sun1-20.userapi.com/s/v1/ig2/Pi3lPyMiA_FKGpLYMCnRYmkip6J2XCCbnzsWHr5YscsBm9VbJtDi2OyNBShcKQBytrVk5crcZdED9MQP3A4kSKmN.jpg?quality=95&as=32x32,48x48,72x72,108x108,160x160,240x240,360x360,480x480,540x540,640x640,720x720,1080x1080,1280x1280,1440x1440,1600x1600&from=bu&cs=160x0",5
9520499d0a2971b709c8a791a2e7b633.jpg,"https://sun9-77.userapi.com/s/v1/if2/7_GT1t6_7k2-o3f952ix94bO7jbe4dSyVpweNhFEAquKLjr3wmcsw3MDmZih1noKv6HvPLcSSVORQ7maVXeFJrAf.jpg?quality=95&as=32x23,48x34,72x51,108x77,160x113,240x170,360x255,480x340,540x383,640x454,656x465&from=bu&cs=160x0",3
8695aaea6edca41b61a7981795e1483b.jpg,"https://sun1-27.userapi.com/s/v1/ig2/8HSfswgTIjY5Y9fkB73o8HfjjDqVElzHRxNQ9EMm60Re97JvdV3V-NZsATWugmq1zl-nHWSsUzDKAFk1WZCJsR63.jpg?quality=95&as=32x32,48x48,72x72,108x108,160x160,240x240,360x360,480x480,540x540,640x640,720x720,1024x1024&from=bu&cs=160x0",5
6c46f9e471d241509f70672d92f1186a.jpg,"https://sun9-85.userapi.com/s/v1/ig2/RHthciU6_5Om6wUbDYsc8GYJeKqyWxToA0r21g9T4uEpjJt7TG0VksFop93SbCQNKbradNGe6ARWcZgAH2lsOpJi.jpg?quality=95&as=32x39,48x58,72x87,108x131,160x194,240x292,360x437,480x583,540x656,576x700&from=bu&cs=160x0",3
ca75e3807ce4cb1c0866086c711eb7f3.jpg,"https://sun9-78.userapi.com/s/v1/ig2/wH4HwdN1iwiRWjtvYvfaCKwvi-wz65TegYxQ_7S2Y673dnQOiu1b8K98g1XDYMi9uXJlvj5-QquBru6583EV77M9.jpg?quality=95&as=32x32,48x48,72x72,108x108,160x160,240x240,360x360,480x480,540x540,640x640,720x720,1080x1080,1200x1200&from=bu&cs=160x0",0
343d340dbf78fd9d19fd2e564326cf4f.jpg,"https://sun9-7.userapi.com/s/v1/ig2/vYwYHjDrEYI9zcvqO9SRqbLgT82-G4cW4fp6O62UHY2WOxdHFuiuJ3AcvJDarDAW5KyX3HEc6svol0edEWX3EQ_v.jpg?quality=96&as=32x38,48x58,72x86,108x130,160x192,240x288,360x432,480x576,540x648,640x768,720x864,1080x1296,1280x1536,1440x1728,1489x1787&from=bu&cs=160x0",6
650e832468db202bae9bc8855cd5aaf2.jpg,"https://sun1-25.userapi.com/s/v1/ig2/W6lBPlAqeG4nQ3iO8s2G0mP7YxkQas7zaW7nHieIPDcVN5Kmdv4r6uhGOlZwzg17zALXjPKOoaWeWkzSE3eh0CS9.jpg?quality=95&as=32x48,48x72,72x108,108x162,160x240,240x360,360x540,480x720,540x810,640x960,720x1080,1080x1620,1280x1920,1440x2160,1707x2560&from=bu&cs=160x0",0
09f323b95b0b5560be426679c5900d3a.jpg,"https://sun9-70.userapi.com/s/v1/if2/af6n5B6RzRfy2HCrbwuHKERc4pNFAbbS4Hu4t-ZHeKZ7-wq9Q2ZGSLj1O2PE7njeGpmqOSScQDqE3eVN3ZeRFOtz.jpg?quality=95&as=32x31,48x47,72x70,108x105,160x155,240x233,360x349,480x466,540x524,640x621,720x698,830x805&from=bu&cs=160x0",3
bd6244868c39ebe064a0236c35d74584.jpg,"https://sun9-59.userapi.com/s/v1/ig2/jn4ZY_b42GsRD96TC9ObjoH3rWuEke0V5B2d30MpDG0oJb7xJrk35G-Tu3wUmi7jevhXZROL0e0E_Uh_T4Aw2DBE.jpg?quality=95&as=32x32,48x48,72x72,108x108,160x160,240x240,360x360,480x480,540x540,640x640,720x720,1080x1080,1200x1200&from=bu&cs=160x0",0
1cd66aab93b51cd9790697fd0312d961.jpg,"https://sun1-21.userapi.com/s/v1/ig2/tLBOvEv1O33tqK56NTtnIGrDj5yr26WkHpgkbu4q0Htr7aLfVpIywmbyWtB3i9iFwkx-EQQtl_zg2hJZEkjfgHbK.jpg?quality=95&as=32x36,48x54,72x81,108x121,160x180,240x270,360x404,480x539,540x606,640x719,666x748&from=bu&cs=160x0",2
12f27227cc6cef54ae7cf3d5502a65b4.jpg,"https://sun1-21.userapi.com/s/v1/ig2/aDDRxVemP9H71YL-FZTFN4uPw3BV8S1SMVpHY0QIFIfEcj97rPMIlGGAukuZO8vaIx9kq9rClS3thM_6eMc3Ky8l.jpg?quality=95&as=32x33,48x49,72x73,108x110,160x163,240x244,360x366,480x488,540x549,640x651,720x732,827x841&from=bu&cs=160x0",5
6cd26a418b3b0f6c0c69062673c6b089.jpg,"https://sun9-63.userapi.com/s/v1/ig2/FqPOWzSjNDWQGdcDfaiN6bEoBX67Ox0dZrUNoV1Aon_zEHLztH8n9EAJBK3TfwugNAbSubml3a3AS8boXMWpY5xh.jpg?quality=95&as=32x41,48x61,72x92,108x138,160x204,240x307,360x460,480x613,540x690,640x818,720x920&from=bu&cs=160x0",1
38e7d21a574eae139780f43fbda1eb27.jpg,"https://sun9-60.userapi.com/s/v1/ig2/Vf0R1SwbiMx8HSs6s7fb2ClZbaaY82M1s3SlAjhPrIOALzrzu4zuE8awQkDuVDzR4hqtpSdsqphCU_MyX4JL3cHK.jpg?quality=95&as=32x32,48x48,72x72,108x108,160x160,240x240,360x360,480x480,540x540,640x640,720x720,916x916&from=bu&cs=160x0",1
5a2ffc2967e378a58c6244ace9d1863c.jpg,"https://sun1-56.userapi.com/s/v1/ig2/vhc2VWp6IV1tPG6ZiqnzPOnTa8JCh51xEPjZNZoygdbN5liBlQZqNTbrIWVxqhiHm4DGlL6Mmqiu6aQMwrbOvQqn.jpg?quality=95&as=32x32,48x48,72x72,108x108,160x160,240x240,360x360,480x480,540x540,640x640,720x720,1024x1024&from=bu&cs=160x0",2
ea78f184f3b69b31044d4ab0346fc54f.jpg,"https://sun1-54.userapi.com/s/v1/if2/D-qCmCOZcFWfH00uZ_1YWtd9PZbmoStDpqnQP42-b4QsxBOc0hkhDAH7dJkJd3jY1tc1DXITwG_-DxazMKQs7Udq.jpg?quality=95&as=32x18,48x28,72x41,108x62,160x92,240x138,360x208,480x277,540x311,640x369,720x415,1080x623,1280x738,1440x830,2000x1153&from=bu&cs=160x0",2
c316d7ae5e0fc2445edc2614ca7d3877.jpg,"https://sun9-82.userapi.com/s/v1/ig2/LOnQzeMmSLxIK_Ykzl163XiVU_U_TeAG61rs4QAPq4J4wJi-3hdetxHwWVTnklv7fcxw9Cfq7QQU08laA_EM5mBn.jpg?quality=96&as=32x52,48x78,72x118,108x176,160x261,240x392,360x588,480x784,482x787&from=bu&cs=160x0",6
994d23ee6576073c8a7ca9a2cd6f2089.jpg,"https://sun1-95.userapi.com/s/v1/ig2/zxZfWn2U_uTEXADTY-jsXi93czBMyOqDZLGcSOwgr4q8MwTEvKPHCNkBwQDzxKyOc3svHJl2C6sQfFE9AoCMP3zi.jpg?quality=95&as=32x34,48x51,72x77,108x115,160x171,240x256,360x384,480x512,540x575,640x682,720x767,1080x1151,1280x1364,1440x1535,1886x2010&from=bu&cs=160x0",4
3eab1f5d4b7a46441881100c5596882b.jpg,"https://sun9-28.userapi.com/s/v1/ig2/_qZmmru-I8No40aOGahyuq9n2P7rRbF65tazKlCX7xdqjAVRGXwmBaPfDf0P2NISF8sXKu-LHZ3oxgv4nWKbsr8u.jpg?quality=95&as=32x32,48x48,72x72,108x108,160x160,240x240,360x360,480x480,540x540,640x640,720x720,1080x1080,1200x1200&from=bu&cs=160x0",0
b2af2e1b7a564f98a3f839031331a4d9.jpg,"https://sun9-74.userapi.com/s/v1/ig2/PAAl2ufHPVO__PeA6aL52k5-WCCKEIs_SF3efo1uiL4YCJUEOYaE32RFXfEpe8a-X7cAwjPqRPRuS9BEdj6x4nWW.jpg?quality=95&as=32x32,48x48,72x72,108x108,160x160,240x240,360x360,480x480,540x540,640x640,720x720,1080x1080,1200x1200&from=bu&cs=160x0",0
f7151561178c7209918d7b4597c8901d.jpg,"https://sun1-20.userapi.com/s/v1/if2/_k8u0gAbv3SmwkuttpGbu7UMirX2QK7gLS6PG15RfIbbmpAAGpnPPp1hRcqib-ZOCUAu3obQx6mos2SO7FeSNCn5.jpg?quality=95&as=32x20,48x30,72x45,108x67,160x100,240x150,360x225,480x300,540x337,640x400,720x450,1080x675,1280x800&from=bu&cs=160x0",2
090fa627c848448b6e8693593a35b273.jpg,"https://sun1-26.userapi.com/s/v1/ig2/UpuvmqV_xVZA1oGuwN8vf9CF1_hiMeoy8Nyk9Rmqo77U86W7xuUL0V4Z3aBtg_uR_q1JkzzP9YrN1_1Mgi415poc.jpg?quality=95&as=32x48,48x72,72x108,108x162,160x240,240x360,360x540,480x720,540x810,640x960,720x1080,1024x1536&from=bu&cs=160x0",2
6bcd76901c8de0ec983deaa89317e5ee.jpg,"https://sun9-28.userapi.com/s/v1/if2/6TfZnhSkfeJ5Y_MA7jP44v4Uj8bwxf-LXuwMj7xW9ci8PJqefPHykCQwQFxrzOAxem88CLmq8rCIwphzsglilyqq.jpg?quality=95&as=32x29,48x44,72x66,108x99,160x147,240x221,360x332,480x442,540x497,640x589,720x663,1080x995,1280x1179,1440x1326,2560x2358&from=bu&cs=160x0",6
7a16c67292dbc5869de196f2af516388.jpg,"https://sun9-40.userapi.com/s/v1/ig2/G0extT072KDFb4-5u3JCqBVpP0UcDGcSKpkEycEDY-FVdsamhD35eKkv_pryDPAjEF50PE6y3Jb2mSt60JAL0819.jpg?quality=96&as=32x32,48x48,72x72,108x108,160x160,240x240,360x360,480x480,540x540,640x640,720x720,1080x1080&from=bu&cs=160x0",6
f4a945be11e8ec14c3c883fb239c922e.jpg,"https://sun9-52.userapi.com/s/v1/ig2/XDw1LwcpV-5aZebgeFL5sUzscOhIQ1GVAgy1qPIHrIxnYMF47Z2hGy1_sj1TiVH7oZDLNTU63FdEU1rApQRj6NYc.jpg?quality=95&as=32x32,48x48,72x72,108x108,160x160,240x240,360x360,480x480,540x540,640x640,720x720,1080x1080,1280x1280,1440x1440,2560x2560&from=bu&cs=160x0",0
63248f43f962de90b1056da144bf9164.jpg,"https://sun1-22.userapi.com/s/v1/ig2/r5mXwzDhxT_9AoFjwDU0sE0CEyVBCWRiLt-wPoa-MBjJviPm9w1gs8qxE6ebO_3BlDOryZsB2T75SXexsIULhL0S.jpg?quality=95&as=32x40,48x60,72x89,108x134,160x199,240x298,360x447,480x597,540x671,640x795,720x895,1080x1342,1280x1591,1417x1761&from=bu&cs=160x0",2
73c0057868f80cc42f126f10e5c4e5e8.jpg,"https://sun9-24.userapi.com/s/v1/if2/s4vAlGkuZpis3J9UyJlRdEjqyCvoPkp54bBRxpdrlyykcwrUTmVjRw5FRAaU5mFlpsPTI660Ki_vZj5g9mGZX7zK.jpg?quality=96&as=32x23,48x35,72x52,108x78,160x116,240x174,360x261,480x348,540x392,640x464,720x523,824x598&from=bu&cs=160x0",6
3a646c6b8c791b11bcf090e264d2a5b2.jpg,"https://sun1-15.userapi.com/s/v1/ig2/EgLYJVaWv4sjTApu0zV_J3NWZwSG9BWvWoLazYGeDH0Ou0GE50ojF9docM0NX4SXIPpFiQv-uhjadzCSkFvsv4dU.jpg?quality=95&as=32x40,48x60,72x90,108x135,160x200,240x300,360x450,480x600,540x675,640x800,720x900,1080x1350&from=bu&cs=160x0",4
c6880a9ebf68b471dc61e375118a79b3.jpg,"https://sun9-32.userapi.com/s/v1/ig2/-75MEI9GI__vFp7BqY0KWjWlhGk-R-kjMFcVXiRwa9AIk3QD_b78IZJxhW8HK8An-gDYDVHoEKOk_CK_42JtZOgy.jpg?quality=95&as=32x32,48x48,72x72,108x108,160x160,240x240,360x360,480x480,540x540,640x640,720x720,1080x1080,1200x1200&from=bu&cs=160x0",0
56c67dcd89796b021a8481c462fe9a27.jpg,"https://sun9-82.userapi.com/s/v1/ig2/2-LYDcJJrihfZnyARYY_en8lFG_AGB81gwykkBzoqsOaxIK9PdAyRpa3Jemy9CO_S_7zQjy0P7VdsmOq6bfRfX88.jpg?quality=95&as=32x32,48x48,72x72,108x109,160x161,240x242,360x362,480x483,540x543,640x644,720x725,793x798&from=bu&cs=160x0",1
a66fff5fd33f482d5e6964102bd19bd5.jpg,"https://sun1-86.userapi.com/s/v1/ig2/o6m8Rw4nUsr1gFeGixjLnKVa1QNmuV9UF5i3a6x0r-tunKpVaqyl7BPGoWY88RfXYy5_7pi-OfmiN7MnnrsC09f-.jpg?quality=95&as=32x37,48x55,72x83,108x125,160x185,240x277,360x415,480x554,540x623,640x738,720x830,828x955&from=bu&cs=160x0",2
e1efc0e6720eb464c072b59eab557dd7.jpg,"https://sun1-57.userapi.com/s/v1/ig2/o7dpYrPbgGRXW8-XTcm4LwjC5P52tAJNH44c-hNWRksBhv6tjrdnv9LoS65yOePkTfpcv1S9L5YgcEpZY9umheCs.jpg?quality=95&as=32x32,48x48,72x72,108x108,160x160,240x240,360x360,480x480,540x540,640x640,720x720,1080x1080,1280x1280&from=bu&cs=160x0",5
22b1bca91cc9bac361fa21345856881f.jpg,"https://sun9-12.userapi.com/s/v1/ig2/peGt-y3vumPUZYI8pnJ38Y5Wcw55gjRqtbXbI_7s8y8WTa2Pqe1nUjZX9X4wqNJOVOCRINNxVTGocbSxm4Pm6Ovn.jpg?quality=95&as=32x32,48x48,72x72,108x108,160x160,240x240,360x360,480x480,540x540,640x640,720x720,1080x1080,1200x1200&from=bu&cs=160x0",0
06ac8e13a9e942520630f99c2b9a9aa9.jpg,"https://sun9-60.userapi.com/s/v1/ig2/P4QohlHCGszziXOEG_t-lJW9mGEMQfCvMWAnHZb6rp342m7TvtYB8-37VCNsB9JRNYmvX5y0VB5yOKH_b9vt7xKX.jpg?quality=95&as=32x33,48x49,72x73,108x110,160x163,240x244,360x366,480x488,540x549,640x651,720x732,830x844&from=bu&cs=160x0",3
3c8fb411c07d6c6ac64af4b1eefe7333.jpg,"https://sun1-98.userapi.com/s/v1/ig2/wPKJF4Yg1Kq5HIboVLzzLO_grgg3nyJV9h-0nm4N56QzKz6OJ0UR6t8s63ZTimSzsUTtnLGjIaNKvEWxfrmxEFhX.jpg?quality=95&as=32x43,48x64,72x96,108x144,160x213,240x320,360x480,480x640,540x720,640x853,720x960,1080x1440,1280x1707,1440x1920,1920x2560&from=bu&cs=160x0",5
8f5004eba688d30969adc2816d80f7eb.jpg,"https://sun1-57.userapi.com/s/v1/ig2/C5eXPZZ1kKjScgFH4ZKXwJJxeoI-00Elf30EAx-k-ZJNP2VbZazy6aBOsK0CY-VG0Hx8VGuChuGO9nNVSxQ2IIc_.jpg?quality=95&as=32x39,48x59,72x88,108x132,160x196,240x293,360x440,480x587,540x660,640x782,720x880,1024x1252&from=bu&cs=160x0",2
c2e063ee431b5a013a5430ec50d24791.jpg,"https://sun1-96.userapi.com/s/v1/ig2/rlUJa9TlAoLmh-Ipbp9Hgc_Tr8oDHm2mCN0po58X_hpp02eSW3tA8p6UERdtP8jFW9067Gd4AN62exZCG8bleBvQ.jpg?quality=95&as=32x40,48x60,72x90,108x135,160x200,240x300,360x450,480x600,540x675,640x800,720x900,1080x1350&from=bu&cs=160x0",4
fc04a8f9773db90ae71e6d9e4513de9f.jpg,"https://sun1-54.userapi.com/s/v1/ig2/9_OH25TEMjgsOEgqRsu-7jZtAi9azglj3vDKseqIT21KLpDB8gQRXbM6Mrow3lOzfLUAKXOp2SOnbZzdHUOJayC-.jpg?quality=95&as=32x32,48x48,72x72,108x108,160x160,240x240,300x300&from=bu&cs=160x0",5
20dad91b4f766fa36464f5432461d626.jpg,"https://sun9-18.userapi.com/s/v1/if2/kqA9jAiuT4DVgF6y__JsmfnoAayV60pOR7YI-BVQpeGTQCd8-sUORogGJ495c-_ilhAA-KOQcYMfo7mxb9EfAJyz.jpg?quality=95&as=32x25,48x37,72x55,108x83,160x123,240x184,360x276,480x368,540x414,640x491,720x553,1080x829&from=bu&cs=160x0",1
f00ff0e320048ea727abb2b54c538bc7.jpg,"https://sun1-90.userapi.com/s/v1/ig2/kGdKmUmmvdBzVIu3E8k1ENBS1BGGPSu6gOCpfdNbH6lCHfY7xfS81e-1BBM8Q_vLyt2nsQxTZ5XXxGj8FDBgf77N.jpg?quality=95&as=32x40,48x60,72x90,108x135,160x200,240x300,360x450,480x600,540x675,640x800,720x900,960x1200&from=bu&cs=160x0",5
a21679c276e8cc9a22b0e0039581f418.jpg,"https://sun9-19.userapi.com/s/v1/if2/kfgCCYt0HWBKqDcz-Jb4zS61aZg-8e_ws_3GmHJTJf7fXLbCklNM4_OLvEoIwr5PQHK0Fv9z-Gyi11bYhLV5qp1t.jpg?quality=96&as=32x25,48x37,72x56,108x84,160x124,240x186,360x279,480x371,540x418,640x495,720x557,1080x836,1280x990,1406x1088&from=bu&cs=160x0",6
77036e5ca014cfe5762460d5826d69ba.jpg,"https://sun1-18.userapi.com/s/v1/ig2/RLOFZe0wCJbd84_iDhC2KiG8m8_lZVnRCIgiTaC_YMGK9_hTB_QclsWrkh1d5zjjkA5vvQEqo0WqQHDAJTfyRdym.jpg?quality=95&as=32x32,48x48,72x72,108x108,160x160,240x240,360x360,480x480,540x540,640x640,720x720,920x920&from=bu&cs=160x0",5
9c90bd4fbbcc84ef64f5349bfb2ab1da.jpg,"https://sun9-19.userapi.com/s/v1/if2/Z1V9xWrDMC91VivnTFDA51xAeVPAJibeO1AlKFmGH6hFVi-qtFXMABF0ApPv9aAYqJw5KZlQJKIU0VEyysY5UXqh.jpg?quality=95&as=32x28,48x42,72x62,108x94,160x139,240x208,360x312,480x416,540x468,640x554,720x624,1080x936,1280x1109,1440x1247,1480x1282&from=bu&cs=160x0",1
46db04d424065027ca62efe7dd95bd96.jpg,"https://sun1-18.userapi.com/s/v1/ig2/znJzfDLEBvEI6M0921ugg-jpM7TQ8gUEAmsJedtZsBTorqvrlpfZKmKAFl67wJlBq-CRzshdyVYCED26KjuYdLPk.jpg?quality=95&as=32x48,48x72,72x108,108x161,160x239,240x359,360x538,480x717,540x807,640x956,720x1076,1080x1614,1280x1912,1440x2152,1708x2552&from=bu&cs=160x0",6
80b0d144c5a57e0418b1b3372218763b.jpg,"https://sun1-93.userapi.com/s/v1/ig2/_ZSLvUm64wHvtd0DgtXl1TNiLitPozt5c-uz-3CPj4iw_a2LwpAYwivlrKsBy-T4EC1Ur1TRDVT8HLoiv6eP9kh6.jpg?quality=95&as=32x32,48x48,72x72,108x108,160x160,240x240,360x360,480x480,540x540,640x640,720x720,1080x1080&from=bu&cs=160x0",4
237bdec0f7970127ad26d5e513307111.jpg,"https://sun9-7.userapi.com/s/v1/if2/DV3PWwqhDmRgf57OgDgZU80MUngKwJh9IuK4EbOF3wWFwLJhcOxeEfwYae0yYuqHx8KyeE5PNfaF_GN00ClRomLy.jpg?quality=95&as=32x21,48x32,72x48,108x72,160x107,240x160,360x240,480x320,540x360,640x427,720x480,1080x720,1280x853,1440x960,2560x1707&from=bu&cs=160x0",0
6c1d3d9e6ac91463b0459994660905a8.jpg,"https://sun9-32.userapi.com/s/v1/if2/dm1jg5KsS90mFxDkCZEHycVZXQzFO6tMA5g580YbB9z6Y9gbuDs7e8b5NewUBspVi17ONKUySXXYPfciRMN5oVq6.jpg?quality=95&as=32x24,48x36,72x54,108x81,160x120,240x180,360x269,480x359,540x404,640x479&from=bu&cs=160x0",1
d2d17142b606066e195ac52f6c79c958.jpg,"https://sun9-17.userapi.com/s/v1/if2/WlYe5Ea1pagdd6fHsVncImUEkSGFAHTyPvYzGUNdGi2vqCX7eZsQFFZanRyWTUAMjU72ejDnsIj1zEUq_C4D6xa9.jpg?quality=95&as=32x28,48x41,72x62,108x93,160x138,240x207,360x311,480x414,540x466,640x552,720x621,962x830&from=bu&cs=160x0",1
573f3e298a9d8307176ac37a23c2b0d0.jpg,"https://sun9-64.userapi.com/s/v1/ig2/Rfp5fCgrcwix2J_c7A29cYLLwysZx77hLGSl87Pq6ksYD1v2gykdOTWonWe_e3mK_3GASzS48NzqRzgjeYQ_tbwY.jpg?quality=95&as=32x32,48x48,72x73,108x109,160x161,240x242,360x363,480x484,540x544,640x645,720x726&from=bu&cs=160x0",3
d404a22422ff091f108ea2091525d78d.jpg,"https://sun9-36.userapi.com/s/v1/ig2/zLZmOXDFjEifHOmG7FgcXgmsrzuyVNRMssikTkjYt_qt2qCxPP78XdRkfSjee8_60SNfZo9fOc1a9Gfydrx2Tsf7.jpg?quality=95&as=32x32,48x48,72x72,108x108,160x160,240x240,360x360,480x480,540x540,640x640,720x720,1080x1080,1280x1280,1440x1440,1800x1800&from=bu&cs=160x0",0
702e206363f5b7498b992d8eb46336de.jpg,"https://sun1-19.userapi.com/s/v1/ig2/DpcXE5Pvok5KvHhOfmRAK2bFnyEEeh3gStbsoFC-iItPoRAqzA02TvDmAD8NUcy2_xYViCcofINcnlNpSEOHYIZH.jpg?quality=95&as=32x40,48x60,72x90,108x135,160x200,240x300,360x450,480x600,540x675,640x800,720x900,1080x1350&from=bu&cs=160x0",4
3e0c94072f0721da67fba88755ad2ee5.jpg,"https://sun1-88.userapi.com/s/v1/ig2/zBaSaCyCWcE3cNXLhNBoKSgi6x6FYJui5F3_i3zk8seankQCQqhWDANYk2QVy6yQWv48z6bCJybCMDm7jgt7SbB_.jpg?quality=95&as=32x40,48x60,72x90,108x135,160x200,240x300,360x450,480x600,540x675,640x800,720x900,1024x1280&from=bu&cs=160x0",5
694baf97422b6e5126b2c2d8cca57afa.jpg,"https://sun1-20.userapi.com/s/v1/ig2/uEFc6jH9jmBAmkUCIv9aREFLfZA9g0ARt-99HnNr6h4GxHIv8DtSUtgdSLNrMpZpCG3uBtftmTbhhBUsD3jFvf9j.jpg?quality=95&as=32x32,48x48,72x72,108x108,160x160,240x240,360x360,480x480,540x540,614x614&from=bu&cs=160x0",5
9867cac709958d0f63a8439e26ef2a2a.jpg,"https://sun1-98.userapi.com/s/v1/if2/os82Zg24VbuYtD-nNkAcFXrorzvA1cJLjgHaXfEUsQyqxeHlhLFIyqRHHyxcCjThIaVsyhRu9dz2xc8S8f8DTrse.jpg?quality=95&as=32x28,48x42,72x63,108x95,160x141,240x211,360x317,480x422,540x475,640x563,720x633,1080x950,1280x1126&from=bu&cs=160x0",5
340def64997e0d9fc7e3963232dd0fa8.jpg,"https://sun9-57.userapi.com/s/v1/ig2/QGj53hgIHTxC6RaQYTWDhdu_urAM8MEYXKjDkoUELmBR9vAy1q4K2rsblvIhmRyGOC2hLXfl-TUpU3SIXkfsXO34.jpg?quality=95&as=32x32,48x48,72x72,108x108,160x160,240x240,360x360,480x480,540x540,640x640,720x720,1080x1080,1280x1280,1440x1440,1800x1800&from=bu&cs=160x0",0
6a5335f631d49d237cbc786e08013d36.jpg,"https://sun1-21.userapi.com/s/v1/ig2/4dT8leiWcC86X0ZziF8MeJYM8-hy0XfuiY_GifST8oJHQNb2To1UBIMO5sUKpesxDxPFSpuEbCqcLKCSm8B5Urq2.jpg?quality=95&as=32x40,48x60,72x90,108x135,160x200,240x300,360x450,480x600,540x675,640x800,720x900,1080x1350&from=bu&cs=160x0",4
d162e31eb9dcc03f5e09689055b2c41e.jpg,"https://sun1-25.userapi.com/s/v1/ig2/GDf79YyMwAn2zyaxuFdSHaYdipT01x4N4Z_8vzO10gs0sGtxYMRUWFlYQmCM0v-q8qfExwru6HS5sqY5c6tIqJ7Z.jpg?quality=95&as=32x32,48x48,72x72,108x108,160x160,240x240,360x360,480x480,540x540,640x640,720x720,1080x1080,1280x1280&from=bu&cs=160x0",5
8a2fa3ebbbeb9c1630de62363b599d2c.jpg,"https://sun1-24.userapi.com/s/v1/ig2/wfav_8hSrWeD0vHYTIAoJ6XINbTFo5cmtoIvTHE0_NaCkCKNK8d5QZ0J8ilt_VsSPzDSLtDrwQZ_YQVbZv6PqJaS.jpg?quality=95&as=32x40,48x60,72x90,108x135,160x200,240x300,360x450,480x600,540x675,640x800,720x900,1080x1350&from=bu&cs=160x0",4
3ddea28acf3d2d986fb88f918a643006.jpg,"https://sun9-77.userapi.com/s/v1/ig2/4MgvUKclgQ4s4QjiEUyNnd4ChQkrJRzkCOr3kG0302akj2HEDuERYFbwAJngCct0AaH6zYiCqiN9n0JsMfGxfgc4.jpg?quality=95&as=32x32,48x48,72x72,108x108,160x160,240x240,360x360,480x480,540x540,640x640,720x720,1080x1080,1200x1200&from=bu&cs=160x0",0
c558eccaedb2e7dc601de67831e438fd.jpg,"https://sun9-22.userapi.com/s/v1/ig2/YM47LMDt7SGuUNvDi4H1HvvCXJk5mGACkyJxuwAS5rexjhDiewzd9YLapS7lhT9lfz8wldtZAIxkQt72kedJBbPQ.jpg?quality=95&as=32x32,48x48,72x72,108x108,160x160,240x240,360x360,480x480,540x540,640x640,720x720,1080x1080,1280x1280,1440x1440,1800x1800&from=bu&cs=160x0",0
359ad5d73f4e5a83ba42aa1cb111ce87.jpg,"https://sun9-41.userapi.com/s/v1/ig2/M2JMYs26VUkaKUEl8WpTWWK5K8pwWxktoIhH33glixPkSAFwE7dJ0B862CBWHxsgHCHAeTP3yllNRviW2_ili8-4.jpg?quality=95&as=32x32,48x48,72x72,108x108,160x160,240x240,360x360,480x480,540x540,640x640,720x720,1080x1080,1200x1200&from=bu&cs=160x0",0
71c2c2eb075dff26b1b07a9ae3b6db2f.jpg,"https://sun1-91.userapi.com/s/v1/if2/NwcakNFmDV6df3viWE-aR-tdCSMmK2vmolkFY7TdzjwNbUBkbZCcSzq_tQURB1c6IPja_QZ6gIACCsqkcdHy1P0a.jpg?quality=95&as=32x17,48x26,72x39,108x58,160x86,240x130,360x194,480x259,540x292,640x346,700x378&from=bu&cs=160x0",4
36ef27fb8134b2a4054e994e19a1027a.jpg,"https://sun9-46.userapi.com/s/v1/ig2/l2jLTUggHXfSHngylXgXyxQZVyKIW53rP4Lzy6dBpyTd477H03tN-EeLzrcC02vbBZq0WPJi-aFi9_QU7UXUZItV.jpg?quality=95&as=32x32,48x49,72x73,108x110,160x162,240x244,360x366,456x463&from=bu&cs=160x0",3
0748528b876c6bb63556a27c65832b8d.jpg,"https://sun9-87.userapi.com/s/v1/ig2/ROmHQJnxsXiGKITJY7lcsu8lIQVLFdEG2G2IzKa0EY6bgZtoS5nEva_nFFespEIISJWOs5TyTcMHFfpcmMM5Q5yP.jpg?quality=95&as=32x36,48x54,72x82,108x122,160x181,240x272,360x408,480x544,481x545&from=bu&cs=160x0",3
524bef80703d89b64a8b0e4b3ea6692e.jpg,"https://sun9-43.userapi.com/s/v1/ig2/hmrTOQdvFp09eiM3zcTj-Aph0ciI04SGja-qukuFJa_Lunj7Mz8nevoy3p_RQrv_v9Aqhh8jiBC57L_6_CtqHyco.jpg?quality=95&as=32x32,48x48,72x72,108x108,160x160,240x240,360x360,480x480,540x540,640x640,720x720,1080x1080,1200x1200&from=bu&cs=160x0",0
575351a25f03adabf3cb4372308d4c0d.jpg,"https://sun1-93.userapi.com/s/v1/ig2/pNzaEJh41YL733cf0qZ9gA_J12WHKJTS4GqdxXDIxnweA--R0h0Micy46erandW48b_RlQUF8i4RLLXIDq10FYoO.jpg?quality=95&as=32x34,48x52,72x77,108x116,160x172,240x258,360x386,480x515,540x580,640x687,720x773&from=bu&cs=160x0",4
e358fe40f122fd1fa2e213b25f5391ab.jpg,"https://sun9-85.userapi.com/s/v1/ig2/ve576d3nhz7IZhKvmsn9mT5lkQY_VrRwAy18crfDM90a0gp-t_TJ7x0TAyvAjok3wIGKx6ykvIyuR7oGWzXHxzW8.jpg?quality=95&as=32x32,48x48,72x72,108x108,160x160,240x240,360x360,446x446&from=bu&cs=160x0",3
27ff8daf4f7405a12c47dd2452c6a4ed.jpg,"https://sun9-30.userapi.com/s/v1/ig2/wqAGEXp6a3HH6LxwZu3QlZJ3F4rGj0DzPqPG8ltuktzE5WMTt1J3PTziEzF5_biXs5EozuG7r0gW_bUGThSOMIbI.jpg?quality=95&as=32x48,48x72,72x108,108x163,160x241,240x361,360x542,480x723,540x813,548x825&from=bu&cs=160x0",1
574f46ce8a50027cb1adfe96f0c32535.jpg,"https://sun9-47.userapi.com/s/v1/if2/rYmEnsFq8BWG-jKmwH9RmvLW5LbScSP2woI7DDbWlD8WTWhS4tMESUrygrHlxjgMjvuyFC8GrQ-fF1rzJUtQgf15.jpg?quality=96&as=32x30,48x45,72x68,108x101,160x150,240x225,360x338,480x451,540x507,640x601,720x676,1080x1014,1174x1102&from=bu&cs=160x0",6
d4bb5ae948f5f326616318b118305f68.jpg,"https://sun9-44.userapi.com/s/v1/if2/TCoU08Akc5AyDqT5hloiZS_G1cQbw6mQIBuzmHZY74iC7U5gi7PiMrBe_2JuK3qv-C1iodaf2Zqd7ZYpCeC5jJOt.jpg?quality=95&as=32x23,48x35,72x52,108x78,160x116,240x174,360x261,480x349,540x392,640x465,720x523&from=bu&cs=160x0",3
58549e4cf5c866a939c1de9b3e45f6e4.jpg,"https://sun9-15.userapi.com/s/v1/ig2/vk1QsO-xISg7ZmJ2TLs5Ouj5V5qDVHT-23SediO_GpOhW9Yn7vkvHEGGRmklRnIub7vUr0GdjajjBpDDCzoIXomY.jpg?quality=95&as=32x32,48x48,72x72,108x108,160x160,240x240,360x360,480x480,540x540,640x640,720x720,1080x1080,1280x1280,1440x1440,1500x1500&from=bu&cs=160x0",1
53183ff3b16aec68d48fa8676c2d0e23.jpg,"https://sun9-22.userapi.com/s/v1/ig2/vOu76v_uly0Qpzw5UaPD7YVIfcw9hSyeTBkraZe6_Rwu9jY1WVad-p9nEsEI_pkyrolvmXhThXu3LqeLpwh3wwB0.jpg?quality=95&as=32x32,48x48,72x72,108x108,160x160,240x240,360x360,480x480,540x540,640x640,720x720,1024x1024&from=bu&cs=160x0",1
78124698dda804add30d9662456eddc5.jpg,"https://sun9-53.userapi.com/s/v1/if2/4V-VqV_maEe9LlBAU6o0bsXk-t1heD2Y6G_Ajrw84xmNeUr9Wk0NX5EoQBhOin_DYj4qfPUVSCmif2wVjXrvzaks.jpg?quality=95&as=32x28,48x42,72x62,108x93,160x138,240x208,360x312,480x415,540x467,640x554,720x623,1080x935,1280x1108,1440x1246,1479x1280&from=bu&cs=160x0",1
d71778fb906cd35d031e1e3273ca04a6.jpg,"https://sun9-65.userapi.com/s/v1/ig2/F8DebNO_bmtDj3NIE3ik5LRFtTaehjAnrrEYbI_bhaPa8Xil3olOnDSH5g3WwcU2f_6lX9WCc_TnQ9o_JlJKcZv_.jpg?quality=95&as=32x32,48x48,72x72,108x108,160x160,240x240,360x360,480x480,540x540,640x640,720x720,1080x1080,1200x1200&from=bu&cs=160x0",0
a45505ee5d6aeabc2ac382290e25155e.jpg,"https://sun1-97.userapi.com/s/v1/ig2/Z4tcKNapQH5kJQyEJLyHH4kUNT00HWHFsUIJK9DLdcGV0blC-sPRoFl2hI47AB-XwZiZije3lcsjgmJGYjSsl-1n.jpg?quality=95&as=32x40,48x60,72x90,108x135,160x200,240x300,360x450,480x600,540x675,640x800,720x900,1024x1280&from=bu&cs=160x0",2
dd7bcfaa8b17312692d20a9ec8517547.jpg,"https://sun1-25.userapi.com/s/v1/if2/psAdGRX23af2sz3ue-QM0pB-88CNy0lpM7dOtLdfJMn2hBE4l_y3MN-VNXE6Gat40Xir9ddeN5SVAOrTOmXrg_DR.jpg?quality=95&as=32x24,48x36,72x53,108x80,160x119,240x178,360x267,480x356,540x400,640x475,720x534,1080x801,1192x884&from=bu&cs=160x0",2
38eb9e52143b495e34647eb9cc056dfd.jpg,"https://sun9-53.userapi.com/s/v1/if2/xtgvVxUA9EDDFaxDjv_En4yqHjlQYNPGAgRDpto_T33iG31eM_xtkW2yxNbExeiQ6oDNmQ5ef4A6MJVDoADEFkXi.jpg?quality=95&as=32x21,48x31,72x47,108x70,160x104,240x156,360x233,480x311,540x350,640x415,720x467,1029x667&from=bu&cs=160x0",3
e3500509d0388cf3ef16a9a626cbbaa0.jpg,"https://sun9-38.userapi.com/s/v1/if2/EOBPUhATn5yhLMc8TFdV-jNK6WRTPgaVuTGanfH873G6_pHS98zeFbQcsqOTpuNof-7pGNqjiRDKgUvF0OiakTWv.jpg?quality=95&as=32x21,48x32,72x48,108x72,160x107,240x160,360x240,480x320,540x360,640x427,720x480,1080x720,1280x853,1440x960,2560x1707&from=bu&cs=160x0",0
ea3f7ba7753af9e6f7ef55364b60a2ba.jpg,"https://sun1-87.userapi.com/s/v1/ig2/EQifmC8qxr-MK6TPdR0jS_M8Wkc06B31gLATv2CLblLcvg7YmVOWMjZuLxco2WMxnIJXKO1kEUZRHgpNdl2WXb3x.jpg?quality=95&as=32x47,48x71,72x106,108x159,160x235,240x353,360x529,480x705,540x794,640x941,720x1058,871x1280&from=bu&cs=160x0",5
78c925aac22903f13e7afb9bf6042f82.jpg,"https://sun9-47.userapi.com/s/v1/ig2/O4du0c5vGy1xm03cPzPmWYKi4KzyV6-L-7RxQ93YSOaRA9dd65Yi-tWSFxQLgofxAbsz-oIoDmmFraB58MK48NiL.jpg?quality=95&as=32x32,48x48,72x72,108x108,160x160,240x240,360x360,480x480,540x540,640x640,720x720,1080x1080,1200x1200&from=bu&cs=160x0",0
95bb878cbfc1716dc740a051128efd57.jpg,"https://sun9-61.userapi.com/s/v1/ig2/FJ1Bbg5LxGVygjSFanqG-ljIgHqy5MFLpZKV_DiCg7IzoUDQ8krmaXZ0-d60ZygmPwpHC6YDNlsy7SRuxz02jEik.jpg?quality=95&as=32x32,48x48,72x72,108x108,160x160,240x240,360x360,480x480,540x540,640x640,720x720,1080x1080,1200x1200&from=bu&cs=160x0",0
4a23a0e915a02c90396cd7b0ff34a5e7.jpg,"https://sun1-89.userapi.com/s/v1/if2/8iMj5nPNKm-fsOAa-8b_8f7CISyMjI9t2wTP14y0gaab8Llr8Vb1kHyPkmBzZmOZYn7cepoHQ1O8hMI32A63b2EW.jpg?quality=95&as=32x21,48x32,72x48,108x72,160x107,240x160,360x240,480x320,540x360,640x426,720x480,1080x720,1280x853&from=bu&cs=160x0",2
e4880c460a99ba1dc271089ba3fb49cc.jpg,"https://sun1-98.userapi.com/s/v1/ig2/f_bME-xDsN1H6I1L_Bvz_n7541K6CvP6A8b4zGM1CaKHiETUqkHbAMY2Yw-SzDDw3lGycsVHdBxhsxkL3JoII3ME.jpg?quality=96&as=32x45,48x68,72x102,108x153,160x226,240x339,360x509,480x679,540x764,640x905,720x1018,985x1393&from=bu&cs=160x0",6
65a6ffd9ee386d2c4130f471fa665c32.jpg,"https://sun9-87.userapi.com/s/v1/if2/0fAF2_YkJnTitn190vCmesAd5tHa0y5SJx6S9wQkNy3WadBecqYkv6p5ts6mSAkI8PEOXcj17kLBtTHtebRh-W1q.jpg?quality=95&as=32x21,48x32,72x48,108x72,160x106,240x159,360x238,480x318,540x358,640x424,720x477,764x506&from=bu&cs=160x0",1
eb6a6387be1563aaf883ae641351fe8d.jpg,"https://sun1-18.userapi.com/s/v1/if2/hTSec3N5dOxpaVpC95-YY-uOyU__SDQrP4OifmJAlIrbT1SB2bL07bDcqKeylXtSgU68BhrlrJsMIEiZ2yMeAgJj.jpg?quality=95&as=32x28,48x42,72x62,108x94,160x139,240x208,360x313,480x417,540x469,640x556,720x625,940x816&from=bu&cs=160x0",2
c58fccbd4871b9e6adfc0a832e159647.jpg,"https://sun9-28.userapi.com/s/v1/if2/sliTB4vRK6mqEQJmIZMWwjQaEF2rwzLuK-46v16H4WY78jVQ2IYQYtLaSeGqHO5-rStlEWznlWpRdADKYOvyVyqC.jpg?quality=95&as=32x27,48x41,72x61,108x92,160x136,240x205,360x307,480x409,540x461,640x546,720x614,830x708&from=bu&cs=160x0",3
ce040c2c48f4bfd4649bb7ffa68b5e2d.jpg,"https://sun9-58.userapi.com/s/v1/ig2/nakm__mP3q9udGRMjASxRCBQS0a9FRNCpgRJrli7131CHNoNtDnm6nLKyLQhX8EoHQqydutOoeguR1R0USK0TDfW.jpg?quality=95&as=32x32,48x48,72x72,108x108,160x160,240x240,360x360,480x480,540x540,640x640,720x720&from=bu&cs=160x0",3
4347c53ba12b87a09b3c4320431541f9.jpg,"https://sun9-77.userapi.com/s/v1/ig2/lLki7qecBW_F07Rnn4xzszWwrwSNl92glV-cb55NiTbljBPE6pKWv5nXzfI6nz_YdWa8B46EQpJuD-Eaqjgtdp-e.jpg?quality=95&as=32x32,48x48,72x72,108x108,160x160,240x240,360x360,480x480,540x540,640x640,720x720,1080x1080,1200x1200&from=bu&cs=160x0",0
8265fe7da9e29348026895a47fea23a7.jpg,"https://sun1-85.userapi.com/s/v1/ig2/EqPnJAphsPxGmWA4mBs5PWyGrmkQBxeIvJhovng197Aq40wZVNGIm_Ort7uiei2ExFB2QDwuCn01tfQm_SVDg6K0.jpg?quality=95&as=32x32,48x48,72x72,108x108,160x160,240x240,360x360,480x480,540x540,640x640,720x720,1080x1080,1280x1280,1440x1440,2560x2560&from=bu&cs=160x0",0
628b23f397eb89b3c53002818a4ef0f6.jpg,"https://sun1-94.userapi.com/s/v1/ig2/xujY1zCIgCtuy5e5saKpVy5-s5jL6BYv70H2epYShcxzMdyZn2TqJv0TyhPdRNt3Lrus8MjEwgY5Ly874L6u6WMz.jpg?quality=95&as=32x40,48x60,72x90,108x135,160x200,240x300,360x450,480x600,540x675,640x800,720x900,1080x1350&from=bu&cs=160x0",4
933b06c8d122206657fe325cc71cb2a5.jpg,"https://sun9-51.userapi.com/s/v1/if2/9N7YX0H1bnReGlb315er_QWRIJMSuq5fGQTTSwePUlBeDhEejFbh7ZabU3864NC5TNOwi7BFIaCzdX9We3H8jTzB.jpg?quality=95&as=32x28,48x41,72x62,108x93,160x138,240x207,360x311,480x414,540x466,640x553,720x622,1080x932,1280x1105,1440x1243,1486x1283&from=bu&cs=160x0",1
006090f5670db962b8b4de1e1d0064dc.jpg,"https://sun9-52.userapi.com/s/v1/ig2/ZxscOfJAwQsVfcFOHe_2e8hws7nShkO8GFLLsH0Mof4XQwSC3VI3oDEoPuLmoNR0xvbYzM7k-LFahG0Fqkbb_bUb.jpg?quality=96&as=32x43,48x65,72x98,108x146,160x217,240x326,360x488,480x651,540x733,575x780&from=bu&cs=160x0",6
e9a3231d2496d7691b1c32a1f325f91f.jpg,"https://sun1-88.userapi.com/s/v1/if2/3uT360Sxu141D7TymZD6JAPta1H45gjSPzhtneWzf-HhBvZZMWCkdd3FZ5N55hQ92s9Y1WX6gioor-kgRogPN6Kc.jpg?quality=95&as=32x25,48x38,72x57,108x85,160x126,240x188,360x283,480x377,540x424,640x502,720x565,1080x848,1280x1005,1303x1023&from=bu&cs=160x0",2
7e717555385bda545039a987e0b7039d.jpg,"https://sun1-13.userapi.com/s/v1/ig2/7Za7sRnVlm3kpADW3Vrok3LsWWCR6ZK7uGDUdwjTSuLe9OvlNTpQ5KQXZ4Q_B6gJPDpQezimBvRYyVxeC3drxMQq.jpg?quality=95&as=32x44,48x67,72x100,108x150,160x222,240x333,360x500,480x666,540x749,640x888,720x999,1080x1499,1280x1776,1320x1832&from=bu&cs=160x0",4
1f7a2e139bc42feec2759ce1c190df1c.jpg,"https://sun9-79.userapi.com/s/v1/ig2/6CDzTzNkpD13wgda3dyksrRy68rBF9rBf8AUvt5HXYvfvcbYcMZaiPtyTWOL3IYYdcHb0UJ15VlrQRdP6SXIzT2_.jpg?quality=95&as=32x43,48x65,72x97,108x145,160x215,240x323,360x484,480x645,540x726,593x797&from=bu&cs=160x0",1
32b79895c6684b5d9fc0ac0eb18ccfce.jpg,"https://sun9-83.userapi.com/s/v1/if2/-QG-hX4WlZNxICXByN4NV6TR79TKTvIu0Gjh58q64owXmGyNZ8wC3grTNJmOspSGMi7O7Z7AW8ymj_rEAxeO9gun.jpg?quality=95&as=32x21,48x32,72x48,108x72,160x107,240x160,360x240,480x320,540x360,640x427,720x480,1080x720,1280x853,1440x960,1536x1024&from=bu&cs=160x0",1
4b0061a02cfc251dc5bb9a8bec0a8f1a.jpg,"https://sun1-47.userapi.com/s/v1/ig2/dAjYt1xhr1-SN9Gl7U7VeekweFjqsMtSzz2rSEculFfK7nhoPFlg_S51vRJM6s5qH78sFvzyKCzxE0u3GumCSXTx.jpg?quality=95&as=32x32,48x48,72x72,108x108,160x160,240x240,360x360,480x480,540x540,640x640,720x720,1000x1000&from=bu&cs=160x0",5
74cb98cdf54bb4173c1ddcca65853bdc.jpg,"https://sun9-39.userapi.com/s/v1/ig2/5dhpIXDojOUqLXCTVTNeb0iGxmtq7-xSagtEAp90Bm6a3FMJ54lf0WPgO8a-XP_PXEMDZxUnbxLKSL6uvMjY6bZ7.jpg?quality=95&as=32x48,48x72,72x108,108x162,160x240,240x360,360x540,480x720,540x810,640x960,720x1080,1024x1536&from=bu&cs=160x0",1
4236fff35bdf953b8045c9efaf14122e.jpg,"https://sun1-55.userapi.com/s/v1/ig2/G9_4LpjMTMWqGWKY4NvE6zO_bv4Amu61pg7DT7rRFxQd5OROerdZb7gldfbuunpbNjcfHRIhCUiQhxBrb4FHv_-P.jpg?quality=95&as=32x41,48x62,72x92,108x139,160x205,240x308,360x462,480x616,540x693&from=bu&cs=160x0",4
5267945231fc704dbc31c059134cf279.jpg,"https://sun1-22.userapi.com/s/v1/if2/jjGoqO6Kq9wOKOtvkj5WNSFMz2_vmQTAskyDaKSvsktJHOlzr7U40MyMiWQn6BPUWHLrqljSPeUVdqAg8kZtob2z.jpg?quality=95&as=32x19,48x28,72x42,108x64,160x94,240x141,360x212,480x282,540x318,640x376,720x424,1080x635,1280x753,1360x800&from=bu&cs=160x0",4
9c61a04b437482031d32e590079fc098.jpg,"https://sun1-89.userapi.com/s/v1/ig2/y-VIjclYmqk_sW8cbDF6sWABN9NuW_japAVpEk30Bq4qNzRJUil7yyWLSmlyRswqn3_FFjfRI0fbDVepUIjZq9_0.jpg?quality=95&as=32x32,48x48,72x72,108x108,160x160,240x240,360x360,480x480,540x540,640x640,720x720,1000x1000&from=bu&cs=160x0",5
87ab906044de2ec8afe076bbe6d5efa3.jpg,"https://sun9-32.userapi.com/s/v1/ig2/YfO6oG8jWsHY3rRe6cim_8USCcOxuT9xcoNe2IEghQqBj3bBTfNEZnXV1DhQAl_m9ZlMRfQSDGqY1tb5QTpLgA-z.jpg?quality=95&as=32x32,48x48,72x72,108x108,160x160,240x240,360x360,480x480,540x540,640x640,720x720,1080x1080,1280x1280,1440x1440,1800x1800&from=bu&cs=160x0",0
7a8a89ed28dee5e1285f3d3ebc8d5acc.jpg,"https://sun1-83.userapi.com/s/v1/ig2/TeU7N5XVPJk7n7HmpBPtC5wXlKE7y-BmZg5Vh7Qis3MeKsX0skFlyfR8II_enZT-wp7LQ0tMlW8UYd-AAeMQSZEM.jpg?quality=95&as=32x39,48x59,72x88,108x132,160x196,240x294,360x441,480x588,540x661,640x783,720x881,937x1147&from=bu&cs=160x0",2
ea9dd39497f4fa6f7115e8182fa059c5.jpg,"https://sun9-7.userapi.com/s/v1/if2/NuTphIVn_Wo5IPQsnwNwyRcfxqIwQvo69hwptcPOnYRvOmZ-73VLJr7fNNho-xqXzEuh0-tAC_jSY1t1qxImXseN.jpg?quality=96&as=32x24,48x36,72x54,108x80,160x119,240x178,360x268,444x330&from=bu&cs=160x0",6
159764ff6b77b058e558cd831bff6615.jpg,"https://sun9-66.userapi.com/s/v1/ig2/zKxM_aMeLA9HGQvL2O3EOqdMvTgGJBVihMaosLFXMt0msUzSBsRQ2x800Tax19xR4BUTI4XagNfLi_q7ktrJ3mMM.jpg?quality=95&as=32x32,48x48,72x72,108x108,160x160,240x240,360x360,480x480,540x540,640x640,720x720,1080x1080,1280x1280,1440x1440,1800x1800&from=bu&cs=160x0",0
94474bd60fec6bcb4a1d8634c907908b.jpg,"https://sun9-10.userapi.com/s/v1/ig2/QiZZ-Lp6QDMO5PsRGKS97gz_hJ78WNRKahopuTQ6xaCx812HqOrFuRPz-qaAdivTQ5XoijaUvXV0UrJbqmeLzWZZ.jpg?quality=95&as=32x50,48x75,72x113,108x169,160x251,240x376,360x565,480x753,510x800&from=bu&cs=160x0",1
e9a809bf6be2dab05e767a70f1ea99ea.jpg,"https://sun9-30.userapi.com/s/v1/ig2/gvAkWouRhl9qjguNBYHtUp52YfLmCdr4vL6dv70ElIuTUl_RRK2B3bVu2INnpa9_T_qAMNgi97j4VU_AxGvEKtbS.jpg?quality=95&as=32x48,48x72,72x108,108x162,160x240,240x360,360x540,480x720,540x810,640x960,720x1080,1080x1620,1280x1920,1440x2160,1707x2560&from=bu&cs=160x0",0
2714f7fff1e2aea3972fe10a6d26c53b.jpg,"https://sun9-40.userapi.com/s/v1/if2/_XQnsd3htkVwmowEeRU5VqPo-UsOTjkDQHXKWk_hKOyMisPVSHMXB5yk9r7gAonNATgiKJZuZpweAYypNE9RZtYM.jpg?quality=95&as=32x19,48x28,72x42,108x63,160x93,240x140,360x210,480x280,540x315,640x373,720x420,1080x630,1280x746,1440x840,2560x1493&from=bu&cs=160x0",1
eebbcacb13e2a17be0c9bc0dc9fa60bb.jpg,"https://sun9-36.userapi.com/s/v1/if2/TxwdnifjueInKWXaDIDLbLwEurgqSvDFxoU-zCkk29m8UYxE-cAC1kCl_mBgq69VCJqFeNtiUjhDjcX7DK8W77lp.jpg?quality=95&as=32x21,48x32,72x48,108x72,160x107,240x160,360x240,480x320,540x360,640x427,720x480,1080x720,1280x853,1440x960,2560x1707&from=bu&cs=160x0",0
0768e362260f60e1fbe538115d02ba62.jpg,"https://sun1-88.userapi.com/s/v1/ig2/p94VE2bUlHVi_f4DV3jinYISS1TtSSU3JO-4D3Cm9TqPC5R3vKhqMK1w8yXs5KZaWMQwCPGhpfaiv3oRHxPhZgX-.jpg?quality=95&as=32x32,48x48,72x72,108x108,160x160,240x240,360x360,480x480,540x540,640x640,720x720,1080x1080&from=bu&cs=160x0",4
abcf24ed3931dc047d7097ac93a8ecbd.jpg,"https://sun9-36.userapi.com/s/v1/ig2/YDOXcHg01zarbl5ZepSMkPBledlYev43X_SGUSIoa9HsORF-37ZM7EAlgcOw9QY_ujjXhFccGk9LASGNg14xKtzA.jpg?quality=95&as=32x32,48x48,72x72,108x108,160x160,240x240,360x360,480x480,540x540,640x640,720x720,1080x1080,1280x1280,1440x1440,2560x2560&from=bu&cs=160x0",0
b05a4c72b02c46bbc47cc0d6f5013347.jpg,"https://sun9-53.userapi.com/s/v1/ig2/h2NGoANWm7zJ_EWzdEuZq8r7lcA3lF3KCgPN9nTgMYdIiVZlFdpFB83IjM0Cvvgbe11gI0lUWHdGCBIqe72qL2QW.jpg?quality=96&as=32x32,48x48,72x72,108x108,160x160,240x240,360x360,480x480,540x540,640x640,720x720,1070x1070&from=bu&cs=160x0",6
8337672d10f9b8202921b30421340c32.jpg,"https://sun1-20.userapi.com/s/v1/ig2/0PXEtKKhNEXvYRMTEtCP0X5Aw_YjFSGPchbWnuna_ldPpE2KaxQFssJN_xoWZakZKwOA-As5OSy8vWJFzikFfE8r.jpg?quality=95&as=32x36,48x53,72x80,108x120,160x178,240x266,360x400,480x533,540x599,640x710,700x777&from=bu&cs=160x0",4
83886d06c95f981c674441b70c8894f2.jpg,"https://sun1-47.userapi.com/s/v1/if2/y5g1I1CMxK9t4Yds_jOl3hVYNhrM9aOSfL23EbNpWjE2mLrjo-57wqyl0se-t5z-uGr0bpJ3HMws9CWTLcis5PYh.jpg?quality=95&as=32x21,48x32,72x48,108x72,160x107,240x160,360x240,480x320,540x360,640x427,720x480,1080x720,1280x853,1440x960,1536x1024&from=bu&cs=160x0",2
fc4e150df267864fca7a608cb8d4d556.jpg,"https://sun9-38.userapi.com/s/v1/if2/f-oCIx4J1x1IxRbURXJbqK6-nXJS_s_yIY_Tkbci11W0V6x-SVxLCqi2wOj_O_Ejrx97zyfJwy2fZ79rzM58nlgh.jpg?quality=96&as=32x22,48x33,72x49,108x74,160x109,240x164,360x246,480x328,540x370,640x438,720x493,830x568&from=bu&cs=160x0",6
f992e8a4ece8d00b7a5d17bb5694d8cd.jpg,"https://sun1-20.userapi.com/s/v1/ig2/G2Ahuri7ODBMdZlUTDGR_gWkgp_kqpLsPtxXjm0VjcFivm9axwEbYqtsvBel5dEHxLgxJWzIH-Yzr59TMGgnz4Jp.jpg?quality=95&as=32x32,48x48,72x72,108x108,160x160,240x240,360x360,480x480,540x540,640x640,720x720,1024x1024&from=bu&cs=160x0",5
6510c83aeef8ba4209c49b06becb7254.jpg,"https://sun9-22.userapi.com/s/v1/ig2/BpcgwW8X7ND7lWLKU3VHHJzSU2XPiJLfYcCAfbsne3mcC1nJl6t1XU9aZkDk7S0s3ZZlSZYEpQYYQO7GBbbR-vZr.jpg?quality=95&as=32x35,48x52,72x78,108x117,160x174,240x261,360x391,480x521,540x586,640x695,720x782&from=bu&cs=160x0",3
5e546bf44f1b44233707d439c57da81d.jpg,"https://sun9-14.userapi.com/s/v1/ig2/_FZwp63Gi8Yz7odYJN3zK5WwwIB8DGx5CEtZeQYWfeHm6hUIY_nFirGUH2ZndIzhFBFKxwogTx1Mh6ERhUelgfCt.jpg?quality=95&as=32x44,48x66,72x99,108x148,160x220,240x330,360x495,393x540&from=bu&cs=160x0",1
b7d32061ae8b8bc1ca42a206cd209068.jpg,"https://sun1-27.userapi.com/s/v1/ig2/S9nBkcM7m7fYsQlWR8zHI8B0DTk7gtxygK3fCXVWISKtHdqLWaKVei2jo-CVO1Rrt7zqZ9JLO11fQiw1E_dIptGY.jpg?quality=95&as=32x40,48x60,72x90,108x135,160x200,240x300,360x450,480x600,540x675,640x800,720x900,1080x1350&from=bu&cs=160x0",4
a6c80289c4f5ade05a2c54792b74ffb0.jpg,"https://sun1-30.userapi.com/s/v1/if2/o6SY1PMmkGyKMKgJsOxe6ZOx-LHxDk4_tyxhbqtDZSjlPlXci1DTRIm4EgUhQzbdNo_UOOcWV9Jnw0gog2bbzaDD.jpg?quality=95&as=32x24,48x36,72x54,108x81,160x120,240x180,360x270,480x361,540x406,640x481,720x541,760x571&from=bu&cs=160x0",2
9ee56101321fa1132ff16109fb181e73.jpg,"https://sun9-44.userapi.com/s/v1/ig2/nesWZW0kEBobe2le1O4H1HbEdF2oRRoVAEfKLe0UA0vQjZcvHcecMs2KeqFAwSpJMiEjkQDa3eLhe9XYFktzmg72.jpg?quality=96&as=32x43,48x64,72x97,108x145,160x215,240x322,360x483,480x645,540x725,640x859,720x967,1080x1450,1280x1719,1292x1735&from=bu&cs=160x0",6
855fd7d45d1bbe5eac94e0089c803981.jpg,"https://sun1-24.userapi.com/s/v1/ig2/acHNZri3NMLs_d0c1Ce3m81lMvKLzXhJOgfTRBsVDCKAzi830cOei5ODBeRTiPFt1t55DnwQlnrHXYHJVItyr-O2.jpg?quality=95&as=32x48,48x72,72x108,108x162,160x240,240x360,360x540,480x720,540x810,640x960,720x1080,1024x1536&from=bu&cs=160x0",2
3b6cf4f949de820be426155e000067d2.jpg,"https://sun1-88.userapi.com/s/v1/if2/yyuaF1gAr_j3R30ZphV_aevQ242kgd6meyfaC1J63wn5AZCiKjVbEs5oqmDt1T4i0k_tkgMjHvJa8tBqaqz40LWt.jpg?quality=95&as=32x24,48x36,72x54,108x81,160x120,240x180,360x270,480x360,540x405,640x480,720x540,1080x810,1280x960&from=bu&cs=160x0",5
b85b74d3c8d5ef8c89cd985713f28434.jpg,"https://sun9-50.userapi.com/s/v1/ig2/XT8cLwGW4N9k90P7HYajIbaDUUQMPoGkf1ZAtJ3L6micv0tHaXFuBb2HbSmiqjtr-idGKexPQ5Y0OcQUypDpcUtK.jpg?quality=96&as=32x40,48x61,72x91,108x137,160x202,240x303,360x455,480x607,540x683,640x809,720x910,878x1110&from=bu&cs=160x0",6
41d8accb365ef067b8e57952ee5df84f.jpg,"https://sun9-79.userapi.com/s/v1/ig2/M1ZZyOsdO_ugFq3cFYzzGSYJnMwZgOmKJ7X4CBzG-Pnndwe6zWZ4B6jZcrLY-DlhkukwhrTOI1BivcWZi044eXOS.jpg?quality=95&as=32x50,48x76,72x113,108x170,160x252,240x378,360x567,480x757,540x851,640x1009,720x1135,1080x1702,1280x2018,1440x2270,1624x2560&from=bu&cs=160x0",6
9a911bc509f3ef557d659c7f7244dce9.jpg,"https://sun9-36.userapi.com/s/v1/ig2/bmdesTZg20mqXOzuMG-ntJEO81wp7CA3MjKAPT4OJzsO5eI4aSRUkAL9jnDzM82pKuKCMfx30KvqHvp9sfVMqHNr.jpg?quality=96&as=32x36,48x54,72x81,108x121,160x179,240x269,360x403,480x538,540x605,640x717,720x807,1028x1152&from=bu&cs=160x0",6
88dc3599f9374aa0490c3a276ce8fc11.jpg,"https://sun1-55.userapi.com/s/v1/ig2/PZg0Z_uk4y8eWJ6t-y7fQEg8Dwh-4ifAkRzx0ed2xEm5CuLr1g-K5U9XO0tPs6eJhW1qWaxsL8ZJnv8KrDpLsGY1.jpg?quality=95&as=32x48,48x72,72x108,108x162,160x240,240x360,360x540,480x720,540x810,640x960,720x1080,828x1242&from=bu&cs=160x0",2
adf8642681f86c617128e52a0f361539.jpg,"https://sun9-46.userapi.com/s/v1/if2/VLzmM76r9K5eE_lHLk1UkffHTs1XV1Klr8eeHlFhk-numq9XOKgy9ww6GlIAIvBlynXzNrctPaSCfpru5TjsZqup.jpg?quality=95&as=32x21,48x32,72x48,108x72,160x107,240x160,360x240,480x320,540x360,640x427,720x480,1080x720,1280x853,1440x960,1620x1080&from=bu&cs=160x0",0
6eec4d9ae8f78ed5229e908d0756ddfd.jpg,"https://sun9-84.userapi.com/s/v1/ig2/-29wlRBecZyRU5mjpQexJtrwWDadVokiDTd9T8cbgRHRgnruCwHKM7l44Zb3poa7Az1CGqVtboTuzoGMJDpMiofn.jpg?quality=95&as=32x32,48x48,72x72,108x108,160x160,240x240,360x360,480x480,540x540,640x640,720x720,1080x1080,1280x1280,1440x1440,1800x1800&from=bu&cs=160x0",0
7bca5f22a2a2e23cb7bd66ec1733f474.jpg,"https://sun1-23.userapi.com/s/v1/ig2/qX5L05DLf2xF_nskMowqLV6uABPuwAkx8z2KYW3B8yDMEN4WtFbXZCfwdCKD4UhdKXo21xgxEBqSHRaSiI3-R7ou.jpg?quality=95&as=32x45,48x68,72x102,108x153,160x226,240x339,360x509,480x679,514x727&from=bu&cs=160x0",5
910b4a3bca90c7f85d73b672b935da4c.jpg,"https://sun1-96.userapi.com/s/v1/if2/utJLiVjQz1IKrysKrrMD-sCXco1G8LpC2tR7bXMlBtU9U6Sj1ZwfrQ58demKUTOYaD2EPKGIv7BjAJaFQDRJxRjS.jpg?quality=95&as=32x21,48x32,72x48,108x72,160x107,240x160,360x240,480x320,540x360,640x427,720x480,1080x720,1280x853,1440x960,1536x1024&from=bu&cs=160x0",2
4d2f2904444357bd2afba07e23130fb2.jpg,"https://sun9-16.userapi.com/s/v1/if2/zYwoT-jr2G-xlg57iKCzcBJgZGAo-4LOhKEOJ2KQv-SSo1KkpQbayjzWcTkW_ghWO_MBPgnl1tEdoY-CPRPsRk9A.jpg?quality=95&as=32x31,48x46,72x69,108x104,160x154,240x231,321x309&from=bu&cs=160x0",1
3c12af59d084495f1ec886f3b114fb20.jpg,"https://sun9-33.userapi.com/s/v1/if2/XmR7TuCl5gzdslRKGqviik_bygqdE-Fg-b--H2xcj62YV-TDWhVL6vNT3Xag52n0qnnyzIQRFdMdKaEG2nXmNRk5.jpg?quality=95&as=32x28,48x41,72x62,108x93,160x138,240x207,360x310,480x413,540x465,640x551,720x620,1080x930,1280x1103,1440x1240,1486x1280&from=bu&cs=160x0",1
debe530b8d1b6457188d0582ff82ae65.jpg,"https://sun9-73.userapi.com/s/v1/ig2/62lrJYFvffz5QbQmfG_SrECxfqKB9rqWR9evjBxnzSBbX6bE-5rXu9E170ZbLOTU01smUmxhUKFUvXaGPXjTvr7D.jpg?quality=95&as=32x36,48x54,72x81,108x121,160x180,240x270,360x405,480x540,540x607,640x720,720x810,1000x1125&from=bu&cs=160x0",1
abf706a158519986791b35a05d98401c.jpg,"https://sun9-57.userapi.com/s/v1/if2/SvXLc93MvGAL-916SW5VBKYckeSrZ-cjhcvZLVal6Ucu4tk1suXI6gDOGZmgNaBevbTqVUxkTdktq2wJXNgKyNR4.jpg?quality=95&as=32x23,48x35,72x52,108x78,160x115,240x173,360x260,480x346,502x362&from=bu&cs=160x0",1
aa9d9709b7734383a2abc3c2aad13c78.jpg,"https://sun1-93.userapi.com/s/v1/ig2/M_GQOdKA_cXwkvjHvX30nWrIgyvjJR2hGXZ5qOQi_JUgQSPr829PYSa-0U7vkyr28k8c1i4p3-qjxn7Opz6ovipf.jpg?quality=95&as=32x40,48x60,72x90,108x135,160x200,240x300,360x450,480x600,540x675,640x800,700x875&from=bu&cs=160x0",4
2dbcb7ebe8c8e9b6beea12bfe95f34b6.jpg,"https://sun9-47.userapi.com/s/v1/if2/fyzaySSFyR-9PSiWhrSgStAwVycahlvFeYgrPASZZxEBy8ZQBANTR2WpiVvvmBpPNKGd7BXAQbvDzMlHb5vdEsvQ.jpg?quality=95&as=32x30,48x45,72x67,108x101,160x149,240x224,360x335,480x447,540x503,640x596,716x667&from=bu&cs=160x0",3
8a694b04907fa1faca0ff6328ab6e7c9.jpg,"https://sun1-93.userapi.com/s/v1/ig2/yWMQuFpIwuIqvlaZ7mXkEp_EFZqwJGsLff3SdkQapog9pM3J0RawwS7d8Wa7UxFLlPZwnKPEShxeWxqp9QK_768c.jpg?quality=95&as=32x32,48x48,72x72,108x108,160x160,240x240,360x360,480x480,540x540,640x640,720x720,1080x1080,1280x1280,1440x1440,1500x1500&from=bu&cs=160x0",5
f7080f913d695ff383572f1ad466b59f.jpg,"https://sun1-26.userapi.com/s/v1/if2/LuP18fBaIv0YMmPtg8AessqfiQjUvlYuqBog2wnudxqKs7omu2F31wz9cw5Uu3DfHEFd8DBMywf-3eDLTjPdph_a.jpg?quality=95&as=32x28,48x41,72x62,108x93,160x138,240x207,360x310,480x413,540x465,640x551&from=bu&cs=160x0",4
fd91a0415655af6fa0bcdaa40d12c120.jpg,"https://sun9-6.userapi.com/s/v1/ig2/s0hgBHXq0GG-3o4sgzjATlGz_ygtxWaIH2y62iOcoxnZF-XGXbrRkNU93MoFKywXdUeFI_SdkmOZGZQFIktTYRYG.jpg?quality=95&as=32x38,48x58,72x86,108x129,160x192,240x288,360x432,480x576,540x647,640x767,720x863,1080x1295,1280x1535,1440x1727,1728x2072&from=bu&cs=160x0",1
4039ea772d70d77558319a015fff9d89.jpg,"https://sun9-78.userapi.com/s/v1/ig2/qgvYFAdEM4nJoHTBDOjH6KXFNGjVXzQtbBCMFWBbkd-75NeVA-8y2rdQd6ew0kx02Rzh1166XYLrLwvLJ_lF7142.jpg?quality=95&as=32x40,48x60,72x90,108x135,160x200,240x300,360x450,480x601,540x676,640x801,720x901,1023x1280&from=bu&cs=160x0",1
35bcdcc1ba88ccebeeebb97b11b88789.jpg,"https://sun9-48.userapi.com/s/v1/if2/0s7GY323_hBuTwuOMTM1WJ5XuDfHjXfr-Zl7lG0lLrLymqafglYyHI-KxCTfIzlnw2Qj6cKecEyKdALTjKrcNtUG.jpg?quality=95&as=32x21,48x31,72x47,108x70,160x104,240x155,360x233,480x311,540x350,604x391&from=bu&cs=160x0",1
0548d5a6c45c5e8215fa47d955461b49.jpg,"https://sun1-47.userapi.com/s/v1/ig2/1Ve2atzwOy7kerweCGmjDYwLBu-I6FB8yNsw6r93eEfd7CqXD7NHKXkDCvM2XGC2ady_EAJ5N90GyH_9fS_lQQhx.jpg?quality=95&as=32x32,48x48,72x72,108x108,160x160,240x240,360x360,480x480,540x540,640x640,720x720,1080x1080,1280x1280,1400x1400&from=bu&cs=160x0",4
d8218d353e7d75480c31d46d567fc12d.jpg,"https://sun9-82.userapi.com/s/v1/if2/017pKac2cs_vcxY7V3X9CUbVEJ433neT0l8bbO3zMrqf7NN93RbtCIhdTFEOqCcgTwzGhfg-xBEY_VzM7P02FeXa.jpg?quality=95&as=32x22,48x33,72x49,108x74,160x110,240x165,360x247,480x329,540x370,640x439,720x494&from=bu&cs=160x0",3
d1f89262e2641ddba494d168de216f8b.jpg,"https://sun9-50.userapi.com/s/v1/if2/QxTbozq0U4vRe19G0BbN1T_IJDErjoscIOIHjOJiY9mo2_wSAvYZekJ887Lzq8zSDWucXX3u-NrKMBFdh--J3r98.jpg?quality=95&as=32x25,48x37,72x56,108x84,160x124,240x187,360x280,480x373,540x420,640x497,720x560,817x635&from=bu&cs=160x0",1
158b05b64e79202f184b7ae7e6793b71.jpg,"https://sun9-35.userapi.com/s/v1/ig2/0zryavZr1_hpxEn46Xkt31AD4eP1JJhwcTe2bxY67bumgzrcaX87B5gjEXVKDukZrD0-NPEMggHTs1aTO2zSwJK5.jpg?quality=95&as=32x32,48x48,72x72,108x108,160x160,240x240,360x360,480x480,540x540,640x640,720x720,1080x1080,1200x1200&from=bu&cs=160x0",0
db24b34acf6153aba78262252c341a7e.jpg,"https://sun1-19.userapi.com/s/v1/ig2/gwDzoMueG1eHLNiLd-6gYxomQQvwYsQnW29tk6pnJO2hcphA6NHwUbWnzrok7sJcP85dXL24X0mNOdPAfjAY-kLa.jpg?quality=95&as=32x32,48x48,72x72,108x108,160x160,240x240,360x360,480x480,540x540,640x640,720x720,1080x1080,1280x1280,1440x1440,2400x2400&from=bu&cs=160x0",0
1bd7d637cf259b70c34db4399d06ae40.jpg,"https://sun9-72.userapi.com/s/v1/ig2/BdoaW5sL8HDmUcb_jop7P4-GMImvdGqgzokkfoKxU9cVzGlwekJLtW8UJLzB-AYVLiwbpIgrT8pkL-8Ki3hi-TGr.jpg?quality=96&as=32x32,48x48,72x72,108x108,160x160,240x240,360x361,480x481,540x541,640x641,720x721,1080x1082,1130x1132&from=bu&cs=160x0",6
d66d4a2c0ee8fc7c394de412c19d145a.jpg,"https://sun9-74.userapi.com/s/v1/if2/pVnetWlzD2VuCcoBga_G7Krn39VCjiHH-Ex4EGYHlr2NSUrcYsMxNVzbh6Hf2FVmP4npQro0HWyhgNB_c9Ewn8Bf.jpg?quality=95&as=32x27,48x40,72x61,108x91,160x135,240x202,360x303,480x404,540x455,604x509&from=bu&cs=160x0",3
7d7b1a71c32a00b746fdc4bd7ccd2941.jpg,"https://sun1-95.userapi.com/s/v1/ig2/k7QMoAlYgMi3YwGx3MWYG8Z8rypuJFeXN1UN2JS5ZBlJ5eP-zXMQDkhc8KxCzEc3zVeSHdEnAtDgiHEmTwOToMak.jpg?quality=95&as=32x40,48x60,72x90,108x135,160x200,240x300,360x450,480x600,540x675,640x800,700x875&from=bu&cs=160x0",4
c19a6c90de26edc3d06fb4208b1a1a3f.jpg,"https://sun9-44.userapi.com/s/v1/ig2/iQ50v4QQZRkNJiCpO1BCTSNBFmjhLWC_GSsPtYVwGSwQ04tlY9jLiweOb_J3VEAIa-LpImJOs0tN3xMVRPM-YP1T.jpg?quality=95&as=32x32,48x47,72x71,108x106,160x158,240x237,360x355,480x473,540x532,620x611&from=bu&cs=160x0",3
0e07e98cd0d7b0fecab331ee1a1240ad.jpg,"https://sun9-52.userapi.com/s/v1/ig2/vCOuMUbdFupCjCnFeOpXkJy_6y_GUfI35ZFuwUHwDFmhTzc2d-_D9b2ehH2MsyrC9xFqrhLjIg33D8j9W6vcWb39.jpg?quality=95&as=32x36,48x55,72x82,108x123,160x182,240x273,360x409,480x546,540x614,640x728,720x819&from=bu&cs=160x0",3
1f646033d8741d10a251701fd2f3bda8.jpg,"https://sun9-58.userapi.com/s/v1/ig2/L0k1sUL63slylVuuF4T0opqSCvwofsjW7BFl-nykZeNRbsuz1bHyAh_KNdcAEebSMmh8IW-nT6xwbYmL8JqXzGGG.jpg?quality=96&as=32x38,48x56,72x85,108x127,160x188,240x282,360x423,480x564,540x635,640x753,720x847,978x1150&from=bu&cs=160x0",6
8aa5ec03a09414a1f00f2ac0fb617a85.jpg,"https://sun1-94.userapi.com/s/v1/if2/m5k5lT5tYSq3PtSM0ngCEx2I-8SNCQVHY_dcCe4WoLa8pmtPVuiq5AgRWZcz6VEX0tgbc6AFRXTb9V3ASXfBJbDB.jpg?quality=95&as=32x28,48x41,72x62,108x93,160x138,240x207,360x311,480x414,540x466,640x552,720x621,1080x932,1220x1053&from=bu&cs=160x0",4
bd83f1e9f5f77c9a97d92000ff37cc04.jpg,"https://sun9-6.userapi.com/s/v1/if2/tNTyxmXHq6EOHqPaSY3Ldota1ogPXlcKo9PbOWOu14IN3YwAbq4oQbR00FP3HPbnTSMHXGzUoZC0kImdNx4609-V.jpg?quality=95&as=32x31,48x46,72x69,108x104,160x154,240x230,360x345,480x461,540x518,640x614,720x691&from=bu&cs=160x0",3
afb4ec3be88b13c4574a72d89e37d68d.jpg,"https://sun9-87.userapi.com/s/v1/if2/q3wsjrZhO-W43JDiP0X47ZrERslmAg95VrhOhSEOVs5706irqn07jTjdHLqYzKGVAPLmTH7ErmhAwqaXBdZooG0G.jpg?quality=95&as=32x31,48x46,72x69,108x103,160x153,240x229,360x344,480x459,540x516,640x611,720x688,805x769&from=bu&cs=160x0",1
c9c6c9e68900ae694cfbdb8a4614c188.jpg,"https://sun9-85.userapi.com/s/v1/ig2/uMuamwSnUJS8qI8gPCv5DTGsYN-9YgiJaN9r99XmhHpgX734i75mBRjteAbjpPpMouKz4WeO-9HTiuOaSBMVBJAw.jpg?quality=95&as=32x32,48x48,72x72,108x108,160x160,240x240,360x360,480x480,540x540,640x640,720x720,1080x1080,1280x1280,1440x1440,1800x1800&from=bu&cs=160x0",0
a5f24a83ee3e8b587618ee7efd3b1c0f.jpg,"https://sun9-59.userapi.com/s/v1/ig2/B4BcZ7vn1DG7BSynDaZ9T5EqSma-MLHOqL9rTJmNjnLC_F5fIhVW60KvMCwsbRN5RkGrfE-BtzBtBLlrgYL1FHqk.jpg?quality=95&as=32x36,48x53,72x80,108x120,160x178,240x267,360x400,480x533,540x600,640x711,720x800,1080x1199,1280x1422,1440x1599,2305x2560&from=bu&cs=160x0",6
87b33a91902ffa80f9ced97a1d170487.jpg,"https://sun1-13.userapi.com/s/v1/ig2/9lYt8wgZ60biMHUxJV6oSCTerhVbWmoJu8jsUP-gc0TKwS3-xsC4ikIP8U2orr22mputfUZojU89DaxNxVE6i2FW.jpg?quality=95&as=32x32,48x48,72x72,108x108,160x160,240x240,360x360,480x480,540x540,640x640,720x720,1080x1080,1280x1280&from=bu&cs=160x0",5
e76b20b0b5c3b649c75afa77f147e3a6.jpg,"https://sun1-88.userapi.com/s/v1/ig2/fX0kw-YRgTIz558TNUq7VoE1tmsIr4djlO7tLUnxMiRBGbgDcau6ye4lkq2YuQ86o29AzwN_3AzHhLPQuyiRFekw.jpg?quality=95&as=32x34,48x50,72x76,108x113,160x168,240x252,360x378,434x456&from=bu&cs=160x0",5
9fc625f1af0b39789e9bb540e83ac266.jpg,"https://sun1-25.userapi.com/s/v1/ig2/_kFJwoqbdkHg2sHuq1wvwatxhmf-Vw7jkcioLfW3_bTC_4BYrnsOYGeuNFqOT6g5TwDnAf-0fMVH12eHGbnwY6oT.jpg?quality=95&as=32x32,48x48,72x72,108x108,160x160,240x240,360x360,480x480,540x540,640x640,720x720,1080x1080,1200x1200&from=bu&cs=160x0",5
bb97eeb76b2dd8e8c2d54e07911ee1b9.jpg,"https://sun9-40.userapi.com/s/v1/if2/larUHID-ufsKnL84slA3rbEA2mlhQHfI_XSXm7aMrCZppL5WGa55isUrhtHv2Q0WlXRjPeCede0lsAeKSTXCcPgk.jpg?quality=95&as=32x24,48x35,72x53,108x80,160x118,240x177,360x265,480x354,540x398,640x472,720x531&from=bu&cs=160x0",3
054a57907e3527ccddffa63b1205243f.jpg,"https://sun9-33.userapi.com/s/v1/ig2/XWqptOIJLTn7VowHVMmHf6x5sPKWq4KpRU-Ll7ZE_IhPlvoTOVuKdYGkxNMsi8yvGXeD3BP1lIfvK6_VdU2-EtV1.jpg?quality=95&as=32x39,48x59,72x88,108x132,160x196,240x294,360x440,480x587,520x636&from=bu&cs=160x0",3
9b159d13d05e52d118065d34f2ea0003.jpg,"https://sun9-11.userapi.com/s/v1/ig2/EbVuzHWB1zIGsyZeeucuWFWEtrv18PFQGlOxUKydXdXpVBL7fdSqU3NgtJmNwpq8UjwkbfpxiUl_vq35gGYrLiVx.jpg?quality=95&as=32x32,48x48,72x72,108x108,160x160,240x240,360x360,480x480,540x540,640x640,720x720,1080x1080,1280x1280,1440x1440,1800x1800&from=bu&cs=160x0",0
435684380b67dc16e452b17faea656f1.jpg,"https://sun9-13.userapi.com/s/v1/if2/mRY__p0vfB17DpCXhxQrvXrUcTPKzpWPdstGGT0nCyrwCg4U8C8Qkh-pW3N0pC30pvGehMiqNaEallUTMX209GlE.jpg?quality=96&as=32x28,48x41,72x62,108x93,160x138,240x206,360x310,480x413,540x465,640x551,720x619,1060x912&from=bu&cs=160x0",6
9161801e5185a7b37b1e6266fcc846ca.jpg,"https://sun1-57.userapi.com/s/v1/ig2/NoJixaGPbdo86RehhWJKjQvGEEZPOSHyW03x7XDXIp9Oe-nel8jnfatnrNgWUDEbcjAOlA7SqntEoiWkZLzRHihA.jpg?quality=95&as=32x48,48x72,72x108,108x162,160x240,240x360,360x540,480x720,540x810,600x900&from=bu&cs=160x0",5
bd046ce036f0d1065754f84a104dcdd9.jpg,"https://sun1-22.userapi.com/s/v1/if2/gY0VfcIyUI5Pbhzr-uqBvERamZ2GmS7kbNCv1oo4AUxQUFy5ub3QivVZwkv_WJPJao9KKl_mifxByCEH_oSONJHf.jpg?quality=95&as=32x21,48x32,72x48,108x72,160x107,240x160,360x240,480x320,540x360,640x427,720x480,1080x720,1280x853,1440x960,1536x1024&from=bu&cs=160x0",2
0faebe867f9ea3604c2dabfca727f7da.jpg,"https://sun1-94.userapi.com/s/v1/ig2/l8-zr2g5SlDoz3rYHRNKX0U1nna1nWkUZ20d9sQzfjohmPiALIoycNkJsgbElD60YQtXhhQaSSQ5I86IsnvohFFY.jpg?quality=95&as=32x48,48x72,72x108,108x162,160x240,240x360,360x540,480x720,540x810,640x960,720x1080,1024x1536&from=bu&cs=160x0",2
f141ea8913c7c97f2b30696df8d0dfb9.jpg,"https://sun9-72.userapi.com/s/v1/ig2/T4PQPsmfjqi_A2sKBxy2tZPvFCIbxTkhExHuanGOS-3PmkuvpAJK0g-rN1xY5MPefJ0c6JTAVVZxtODSgnzVa_7V.jpg?quality=95&as=32x32,48x48,72x72,108x108,160x160,240x240,360x360,480x480,540x540,640x640,720x720,1080x1080,1280x1280,1440x1440,2560x2560&from=bu&cs=160x0",0
795597d98f41873c2fbaace82b8bf92b.jpg,"https://sun1-84.userapi.com/s/v1/ig2/8Muen--6iUEZxjtSWPfFbJzebAK-sDXdLTTqlY_5-RuXqdz1k2LUzRZBOs9oFXTjR4rLAyhINQzV-cUMovtZLZK6.jpg?quality=95&as=32x48,48x72,72x108,108x162,160x240,240x360,360x540,480x720,540x810,640x960,720x1080,1024x1536&from=bu&cs=160x0",2
0999273492f2d023fe871dfbf2a0c9c0.jpg,"https://sun9-47.userapi.com/s/v1/ig2/_7IePSwFT1LwKRYvs60UcvU8jmdL5GWh5ZHoFK7ZfrSQJMcll_XUAhGuvzgKnV3G1CjfM8BdX44zPC1LuK1n8MvA.jpg?quality=96&as=32x37,48x55,72x83,108x124,160x184,240x276,360x414,480x551,540x620,640x735,720x827,1080x1241,1175x1350&from=bu&cs=160x0",6
5c72ceccf84a30ed128eb1c50b470059.jpg,"https://sun1-13.userapi.com/s/v1/ig2/kUNlqieVQYmXIJBClnIiyScyUUlVctwBEqRL34okb3-hNyH4_GwVmbat1pVs2kIs9x8Vw3YJMAXmEsLL91uevJCo.jpg?quality=95&as=32x40,48x60,72x90,108x135,160x200,240x300,360x450,480x600,540x675,640x800,720x900,1080x1350&from=bu&cs=160x0",4
da8fa73de75b3faba8d2edf09c6f5f34.jpg,"https://sun9-87.userapi.com/s/v1/if2/fvVhAlF1F7c0kFi78NTPevh8Uv1v_zDbJaRVbYL1qN0XP4DCasJ4w8jgqVZX2YMsiBRoPsk-K5WgFzSeRHwPoJw7.jpg?quality=95&as=32x20,48x30,72x44,108x66,160x98,240x148,360x222,480x296,540x332,640x394,720x443,830x511&from=bu&cs=160x0",3
c8d78d5fbc1895d342af9422007e2c9c.jpg,"https://sun9-87.userapi.com/s/v1/ig2/AhT8fi6FDrW6zkeNarsEH44Gf29TjxZ8wwNmRH1wOqiMIQ7Engwyjl3pU0sNspltU_n9u0aPy0pxcQ5uSCSVzhkf.jpg?quality=95&as=32x50,48x75,72x113,108x169,160x251,240x376,360x565,480x753,510x800&from=bu&cs=160x0",1
c6e74d86202ae1348f04eae9aacfd88c.jpg,"https://sun1-47.userapi.com/s/v1/ig2/G0WEeWwFrHU0gvRgWP6qCD7-UTJQLMdoZfAT7l03CcQfrTtyS_U2vg1d0V_dunPOT6T3ZCohHPYrZQpCoUeehfWv.jpg?quality=95&as=32x32,48x48,72x72,108x108,160x160,240x240,360x360,480x480,540x540,640x640,720x720,1080x1080&from=bu&cs=160x0",5
f990e618e7f58c74cdf8044b70572643.jpg,"https://sun1-23.userapi.com/s/v1/ig2/041PdkCDgUAeMz4pAmP5kXbMiQzzwujy3s3_ACZjpxKVR-NALilyxYtfMxcyqZPiBuLthkfuuFF4NqPPIdrCiRTD.jpg?quality=95&as=32x32,48x48,72x72,108x108,160x160,240x240,360x360,480x480,540x540,640x640,720x720,1080x1080&from=bu&cs=160x0",5
eddaf01456acd19a38a019ddc3a3c806.jpg,"https://sun1-13.userapi.com/s/v1/if2/po0u5ojnozNIev5ku8PjpG53iRkLdXLQ82miPxzTwK6VPb4EJdssFzz1ZiZ73DAmku0o9hItPEhLc8onvFQAmK_K.jpg?quality=95&as=32x23,48x35,72x53,108x79,160x117,240x176,360x264,480x351,540x395,640x469,720x527,1080x791,1240x908&from=bu&cs=160x0",5
60be754478f1ae024dacb2b9736aeb54.jpg,"https://sun1-20.userapi.com/s/v1/if2/w3qK1GcXa5WVmzQ3Jf_0oREzTsF3WuFI4nBOhzAorcuKpsg0adCN6robI7z8BTx7RR0ZhMa9R_8UmJLTPm8VgB48.jpg?quality=95&as=32x28,48x42,72x62,108x94,160x139,240x208,360x313,480x417,540x469,640x556,720x625,940x816&from=bu&cs=160x0",2
b0b3444037876d421ec8681efde6cc40.jpg,"https://sun9-26.userapi.com/s/v1/ig2/jGeU7x7YVBzeMsSa6CFib2Qg7brQl9XPwga5ngqkMKT4X92Ngxc3ah1Kzb53xqmHIiWU5oznPjsn-F2nLywMd40q.jpg?quality=95&as=32x32,48x48,72x72,108x108,160x160,240x240,360x360,480x480,520x520&from=bu&cs=160x0",3
0b8e224775c5176b00ebaf36c62865e5.jpg,"https://sun1-57.userapi.com/s/v1/if2/9eMA0myWDsjW2If865zX_dDHvk5XXqdwZYmck2cIldxkhlYP1TnoAgIBWLQ39gGiOMyjVR7D8kMedtK8ryOf_uWX.jpg?quality=95&as=32x21,48x32,72x48,108x72,160x107,240x160,360x240,480x320,540x360,640x427,720x480,1080x720,1280x853,1440x960,1536x1024&from=bu&cs=160x0",2
09e31618e96e8c43b94f4b670da1bab4.jpg,"https://sun1-22.userapi.com/s/v1/ig2/n0JWdVEUd6Piz5yiwH49F3UjsRm8RxyRMBfxWKbYeD-tjOaTJBmk9qxWmjZJTpYQzl_oWbBUZR9LXD40aQwoLGUc.jpg?quality=95&as=32x48,48x72,72x108,108x162,160x240,240x360,360x540,480x720,540x810,640x960,720x1080,1024x1536&from=bu&cs=160x0",2
965dc7f3c6818b041e8d268cbcf35bd6.jpg,"https://sun9-28.userapi.com/s/v1/ig2/4D95PyAxPVNZME6by7q8ov_5C3K25nTXddoXFKLpS4qdAt11XPn6C1Gl_A4V7CrRah_9rraqKH5QZgzQDPHqdafk.jpg?quality=95&as=32x32,48x48,72x72,108x108,160x160,240x240,360x360,480x480,540x540,640x640,720x720,1080x1080,1200x1200&from=bu&cs=160x0",0
3bc02c38bfe75ae3d8faad1ff066ea09.jpg,"https://sun9-7.userapi.com/s/v1/ig2/oX-3yNnOrLGfpi6ZjelU8uSAUcguNg76loRxE4tOv1VNiH570ZKqdT-yyc7fO-i6cXvHOn_Lc9jJIusbeE3UkNSX.jpg?quality=95&as=32x32,48x48,72x72,108x108,160x160,240x240,360x360,480x480,540x540,640x640,720x720,1080x1080,1280x1280,1440x1440,1800x1800&from=bu&cs=160x0",0
b9c40cc4240ef38d64b73aeaf860b7e3.jpg,"https://sun9-39.userapi.com/s/v1/if2/yptqNXF7L6HV6ETwyTWQggbNv4O2EghIMRAv0kk7gdICxIpCwINZBM9JPXd6FXPLcn-1eshiBSPelx2buCYVannt.jpg?quality=96&as=32x28,48x42,72x63,108x95,160x141,240x211,360x316,480x422,540x474,640x562,720x632,871x765&from=bu&cs=160x0",6
8801140f99b5f0946b74e001895a8023.jpg,"https://sun9-19.userapi.com/s/v1/ig2/GiC2j8YXCffn3AtTP1XWgHiUWCy0wP8h5w8W32LKVR0HauwOK0n7BEMvhHhwQ71nQadykDOF2_iaY_JYAt32u0r_.jpg?quality=96&as=32x32,48x48,72x72,108x107,160x159,240x239,360x358,480x477,540x537,640x637,720x716,1080x1074,1104x1098&from=bu&cs=160x0",6
0c977c8229f694550e3faa113d3e63ec.jpg,"https://sun9-11.userapi.com/s/v1/ig2/Dhs_g73-MMjHTN6136XSzPED8rRBAPQHpR-5Y6Ut9pOsPZ8NBVRXmnkRDx-Lgvt1iJUtuNgjCtkJogC6rerz-4nn.jpg?quality=95&as=32x38,48x57,72x86,108x129,160x191,240x287,360x430,480x573,540x645,640x764,720x860,830x991&from=bu&cs=160x0",3
f238eccb31b8dcff5bdee462724c35c0.jpg,"https://sun1-88.userapi.com/s/v1/ig2/jQN11jcxI8gldqgDyTgtDGs-fQxxZc4ZZDMVKWVtgL3juStDROvrdgPK864HbxFmKk2oJS_4fqrw02tYOpntA1j5.jpg?quality=95&as=32x40,48x60,72x90,108x135,160x200,240x300,360x450,480x600,540x675,640x800,720x900,1080x1350&from=bu&cs=160x0",4
95bab8723fe42ecee2f919b7f29b74e9.jpg,"https://sun1-86.userapi.com/s/v1/if2/eqqYSY6OSd1SiFrTehQtvIB8BLaS2XMofvFKkqUZhhbB1i5ZqTEf4EUoNMO-F9sm46JCJ19XmcODy0XcwzUzEUMS.jpg?quality=95&as=32x18,48x27,72x41,108x61,160x90,240x135,360x203,480x271,540x305,640x361,720x406,780x440&from=bu&cs=160x0",5
a9c6e54218d7018434ecdad951096092.jpg,"https://sun9-34.userapi.com/s/v1/ig2/wNOEo3iYFrcEDoGuA1xvoQ3UsLFmXWYew17yVlmQH_BlbmJeEblF-TDcwjM2mARZWEphmUeC-gHztkmWCh1g8Fel.jpg?quality=95&as=32x38,48x57,72x86,108x129,160x191,240x287,360x430,480x574,540x645,564x674&from=bu&cs=160x0",3
89825f73703ef0fffa3702f6027c7d73.jpg,"https://sun1-90.userapi.com/s/v1/if2/d2I4RbfF9uv_F7dCydOthKdmufyLBhhnWogrMsvdsz9dsrFmbPIs46IEBUadY6OxIh2aq_YSt9-XPStnzAGVfVHq.jpg?quality=95&as=32x18,48x27,72x40,108x61,160x90,240x135,360x202,480x270,540x304,640x360,720x405,1080x607,1280x720,1440x810,1920x1080&from=bu&cs=160x0",5
146ce1ce5264d906a89cc70a733ae2ce.jpg,"https://sun9-8.userapi.com/s/v1/ig2/ryJOGN9UnGaI6PBDrttF7VRb34SYVFZQAyWSOoAE4HGU1ojMxv_WqgjaSVrx9JRXRUGRuAMosvqO-AZIzpSHjL1-.jpg?quality=96&as=32x38,48x58,72x87,108x130,160x193,240x289,360x433,480x578,540x650,640x770,720x866,934x1124&from=bu&cs=160x0",6
9b9a320d1575cb0dc84707e51b14fb2a.jpg,"https://sun9-29.userapi.com/s/v1/ig2/9iFrcyOQ0tMEVXdHu2nFJK6UsoJAD4ygD0jlBDrgd991gAqG2VYMiBxTIkWuQZW3KVUG6kDXq84ERtuZ9lgq6MSJ.jpg?quality=95&as=32x33,48x49,72x73,108x110,160x163,240x244,360x367,480x489,540x550,543x553&from=bu&cs=160x0",3
6f647ca57849c6159ee8d36e4839ded6.jpg,"https://sun9-87.userapi.com/s/v1/ig2/J3fiP5MMuI-cXvUbRWQIJajrQMMLOvpheG7uiddZfWInRRXW6z9R3NACcDsxfL9TDPJpnqU1dJ0zbY4TKiVu0tiC.jpg?quality=95&as=32x32,48x48,72x72,108x108,160x160,240x240,360x360,480x480,540x540,640x640,720x720,1080x1080,1280x1280,1440x1440,2560x2560&from=bu&cs=160x0",0
f8924b9a62734eb5925af80983dd9b7b.jpg,"https://sun1-86.userapi.com/s/v1/ig2/pbVDh9bgQ8td57Mc6eZuE4jnXuOVba5eykr0TLgNfyUieQ22HoKpDfhJ5fbHVrOalmcTIrDO3W9NB8qMB6q4kqO5.jpg?quality=95&as=32x40,48x60,72x90,108x135,160x200,240x300,360x450,480x600,540x675,640x800,720x900,1080x1350&from=bu&cs=160x0",4
d62569b0bc9d5582f736167df688119c.jpg,"https://sun9-44.userapi.com/s/v1/if2/x9qkYGQmqRQ5QgfAeZNlGiznWRpiTI8eyS7naHZaBJ_tYqDyV-RatRiNqxxb4sCWd3YBzUkN7AtymvyzNAH5lg8Y.jpg?quality=96&as=32x19,48x29,72x43,108x64,160x95,240x143,360x214,480x286,540x321,605x360&from=bu&cs=160x0",6
dcf5339d617f1d6a0d0c740f8c27f25d.jpg,"https://sun1-13.userapi.com/s/v1/ig2/rvzBqyBh_q3ZLhLVnAhdY3FHPoLHafUWNHQ-6t9oALe97fY-GQ5eG9Jg0yAfUi9utnz0SWDaYskBnqDYPN4X8ez1.jpg?quality=95&as=32x32,48x48,72x72,108x108,160x160,240x240,360x360,480x480,540x540,640x640,720x720,1080x1080&from=bu&cs=160x0",4
a36b7f349836af458ac535e58d145c41.jpg,"https://sun1-15.userapi.com/s/v1/ig2/VlwwCer0Rsa_cHxyU5pIkUvHvXoRaqiqZo2gbE-vQqMBJtyNhvvs2l60TJp7xZ1gXqSEjda8zKjSGGx9EfFle2-v.jpg?quality=95&as=32x32,48x48,72x72,108x108,160x160,240x240,360x360,480x480,540x540,640x640,720x720,870x870&from=bu&cs=160x0",5
1a7a5a4c6856ab314027d96ee8864d3a.jpg,"https://sun9-51.userapi.com/s/v1/ig2/6773cJtQb2Ny1ENMsliEITdSU9Vh1sy0CelmblXEQfWc_8I8vYa_b1VEnJ9A0JMa4pusYkbDXuTf4HEEMzlOeqTT.jpg?quality=95&as=32x32,48x48,72x72,108x108,160x160,240x240,360x360,480x480,540x540,640x640,720x720,1080x1080,1280x1280,1440x1440,1640x1640&from=bu&cs=160x0",1
ad4bbbbb662cefa2833f25997c8231ac.jpg,"https://sun9-24.userapi.com/s/v1/if2/bh_CCn6P5XDH4SEWLOpFZT_5IIPQbGmXOlxdn4nmRQeR_ukzQjAgg7vxFoYYfYHzT8C0OhvnbH52K2cfBMlzvOCg.jpg?quality=95&as=32x28,48x42,72x62,108x94,160x139,240x208,360x312,480x416,540x468,640x554,720x623,1080x935,1280x1108,1440x1247,1462x1266&from=bu&cs=160x0",1
8e8a3f7d332ff4473327347248bee7eb.jpg,"https://sun1-47.userapi.com/s/v1/ig2/VLJgRedGDv4rH5ry5n0-O08XlNsooTAbRIH4JY3dq12F1Gd-6rK-LOMLMzGeBDDdnwZfWAFb9VZLWDWONyhw3ac7.jpg?quality=95&as=32x48,48x72,72x108,108x162,160x240,240x360,360x540,480x720,540x810,640x960,720x1080,1024x1536&from=bu&cs=160x0",2
66282569d6b828bc67b74fd4338a42e5.jpg,"https://sun1-84.userapi.com/s/v1/ig2/R5mFkAJBLBvsJp_luQYYiF2qN12iPbGGmAyaoi8PEPGWYYRIq9JnKe2hXf4NEZai5BqLiyzTLZ_Bub9NN0dlZhxO.jpg?quality=95&as=32x48,48x72,72x108,108x162,160x240,240x360,360x540,480x720,540x810,640x960&from=bu&cs=160x0",2
5370b4f9c755e83c3daf22d63ced2bda.jpg,"https://sun9-79.userapi.com/s/v1/if2/t9REgCgV18fXvA8XL7kgyhw9Z1sHrT3t_Rz43aBfo21FuOZjjY-WzllPsar85Yhra5p3Wow83m6JaCVdYo20Zwgf.jpg?quality=95&as=32x29,48x44,72x65,108x98,160x145,240x218,360x327,480x436,540x491,640x581,720x654,830x754&from=bu&cs=160x0",3
33f570235db985ed56e54549185f3982.jpg,"https://sun1-54.userapi.com/s/v1/ig2/sd_EgZ5_naXem6rKsFhFhn1tX32XzzJzFz2IKM1kG5nsaWgDs3FNu_n63fmiv9CtoGh0rvwuqDX6okwhgJwI8aEW.jpg?quality=95&as=32x32,48x48,72x72,108x108,160x160,240x240,360x360,480x480,540x540,640x640,720x720,1080x1080&from=bu&cs=160x0",5
95bc24c4356ca4a814be58d34c2f954e.jpg,"https://sun9-14.userapi.com/s/v1/if2/qfSf6SV4kMqybLJcXiPhFzfK3bY4IjE0c8KIqt4Hges0Lb1E9Z4kufO9blz24aWWR_3u55XtUHekZTuuc3BT5gwe.jpg?quality=95&as=32x21,48x32,72x48,108x72,160x107,240x160,360x240,480x320,540x360,640x427,720x480,1080x720,1280x853,1440x960,1536x1024&from=bu&cs=160x0",1
c6d8fcb65467f2ce3116a7ccd11d4859.jpg,"https://sun1-26.userapi.com/s/v1/ig2/lj53Gb0XDFls0E5V-d2ionYLt3pgysvELp1IMIOsmNk_sDbXb-vqeTt1-zUsuNYgZoQ_RlCVjjdEYHmexzfDA97_.jpg?quality=95&as=32x41,48x61,72x92,108x138,160x204,240x307,360x460,480x613,540x690,640x818,720x920&from=bu&cs=160x0",5
9e331952b18f081be9282db0e8aae462.jpg,"https://sun9-61.userapi.com/s/v1/ig2/MWFGLEHGKp65sgIutdFwfqXfv5u2ZDfdEYmTcVNNRpR1BxrnxhZuSk8rjD0XkgaEijcd5c05GM2V00Im5iIfqfUP.jpg?quality=95&as=32x32,48x48,72x72,108x108,160x160,240x240,360x360,480x480,540x540,640x640,720x720,1080x1080,1280x1280,1440x1440,1800x1800&from=bu&cs=160x0",0
e358fe40f122fd1fa2e213b25f5391ab.jpg,"https://sun9-85.userapi.com/s/v1/ig2/9vfbxDytgDD25z61c1dONpS_-TijI0w1_mo8UjM7k8OmoxY7i2SKSXFnRwp9bI03mf8XR-stuvaX0MV2gxN34EKv.jpg?quality=95&as=32x32,48x48,72x72,108x108,160x160,240x240,360x360,446x446&from=bu&cs=160x0",3
127703e938a1ebb72b346711acd9c29f.jpg,"https://sun1-57.userapi.com/s/v1/ig2/wqvHAnYup2B9IxtNVh6NI1RXFOFh6KP-NFlKp8P44zaA-AfvHRJFQaDjcCfPVLSnQzewKJE9LFMUz2FN_uRJYupl.jpg?quality=95&as=32x61,48x92,72x138,108x207,160x307,240x460,360x690,480x920,540x1035,640x1227,667x1279&from=bu&cs=160x0",2
c21f9363a3a8856c44e2dd037b8a2bc7.jpg,"https://sun9-46.userapi.com/s/v1/ig2/jeGWo28sfYytb_vMTzimauvbeSJ_U8bec6gqKf36vC7Be-oaZJvT-tSJ8H0E86Au6k9AIkhu4FOkhSMqpYwqKGxT.jpg?quality=95&as=32x32,48x48,72x72,108x108,160x160,240x240,360x360,480x480,540x540,640x640,720x720,1080x1080,1280x1280,1440x1440,1800x1800&from=bu&cs=160x0",0
ce4209cf51cb62856740075264fd445d.jpg,"https://sun9-88.userapi.com/s/v1/if2/mflixpMLL9oYY6MaASR21-fXb8ZA3AQwJPeELXG2-m30f_A_57W5Rn68-c08SDhrrbsRNX5kvoajKiXi4Gy2kdtj.jpg?quality=95&as=32x30,48x45,72x67,108x101,160x150,240x225,360x337,480x449,540x505,563x527&from=bu&cs=160x0",3
43278435311bae73c0373a5e207da023.jpg,"https://sun9-56.userapi.com/s/v1/if2/W5yd8ZHgKOYGjIlV0Y_qS32qck7yjtlY2aaiPsQX_6Z22V8OWwq-fTwPOvTgNdKoQ3WPyRLO4HxGh-mEeJCorDZs.jpg?quality=95&as=32x20,48x29,72x44,108x66,160x98,240x147,360x221,480x294,540x331,564x346&from=bu&cs=160x0",3
425c30482995aecac5335921c806105d.jpg,"https://sun9-68.userapi.com/s/v1/if2/ICEU6kfMUCBnYtaftYp07ldt4Bd6my5rxb1geag0nlMUrE9JCS1DaWyapOHV0JW-_JPRmSgcFZTPVZuYR_AD6Jgb.jpg?quality=95&as=32x21,48x32,72x48,108x72,160x106,240x160,360x239,480x319,540x359,640x426,720x479,1024x681&from=bu&cs=160x0",1
3a159cfc32f430c490cfd83027453182.jpg,"https://sun9-79.userapi.com/s/v1/ig2/eqQyvuR9WAoBpfbyU_LFkFFDnaIqBoyBpmGYJcSgqWinY6aT59CaqKPwKwavGT7bViaIDj8ZnzeAWIi4TQ4f41OJ.jpg?quality=96&as=32x46,48x69,72x104,108x156,160x231,240x347,360x521,403x583&from=bu&cs=160x0",6
3dee7f111f6eda372dd9a039754873b0.jpg,"https://sun9-53.userapi.com/s/v1/if2/S_ZOM1CgsCo4iCCq7GKruYb0y9NRXpaPfmERkTH_4elhwLjxCo6gJMGRp1H60UxjBxjtGHomUY_QDBubfL7Vk88G.jpg?quality=96&as=32x30,48x45,72x68,108x102,160x150,240x226,360x338,480x451,540x508,640x602,720x677,1000x940&from=bu&cs=160x0",6
9dc02428372776a60aa3acdcdeefca90.jpg,"https://sun9-42.userapi.com/s/v1/if2/OUE0zwiFzoMIrBb09iCZP41gakfgN5vui0GHj9JnjoBiHZ0tJ1PeHun8tiKYFPZY3NRMWxfdOv3ixo16JMXq5gbj.jpg?quality=95&as=32x28,48x41,72x62,108x93,160x138,240x206,360x310,480x413,540x464,640x550,720x619,1080x929,1280x1101,1440x1239,1487x1279&from=bu&cs=160x0",1
dabcf2f967f3c0e2c925384cbb151651.jpg,"https://sun1-18.userapi.com/s/v1/ig2/XMNZkbcelFKaATO-6SEgWJFAC13c5-N_29xtWFdJe4RaP0lfuOFYQK_-L29Z9G_puE6eo1Psi1IyxpW6Sr2P3Bj8.jpg?quality=95&as=32x40,48x60,72x90,108x135,160x200,240x300,360x450,480x600,540x675,640x800,720x900,1024x1280&from=bu&cs=160x0",2
6b8e242c3621f097119a33a26baf4f73.jpg,"https://sun1-23.userapi.com/s/v1/if2/2-6W_QpU6gdfKAD9bm80S7Xthn5CbW4WpfjaPePI0h26US8yxuzStrFhrfguTV6iNgyxi6XvwmPbCGhwKsvTm6Tn.jpg?quality=96&as=32x30,48x46,72x68,108x103,160x152,240x228,360x342,480x456,540x513,640x608,720x685,1080x1027,1138x1082&from=bu&cs=160x0",6
d6111d25b2d74a11963a350d4fdb6ba3.jpg,"https://sun1-86.userapi.com/s/v1/ig2/S16Rg2PtpYSQYrKM8aZnr15GlkD65yFGsSIUZsCxRy0RDvu2WLd58h7VWzUnr1KDpISIH5cC1MC8cAqH8BjaQnIr.jpg?quality=95&as=32x32,48x48,72x72,108x108,160x160,240x240,360x360,480x480,540x540,640x640,720x720,1080x1080,1280x1280&from=bu&cs=160x0",5
65d64e2a96739809e5e5eb9819fe0d10.jpg,"https://sun9-36.userapi.com/s/v1/if2/2UY0mJYFGNHhTRg4Zt9rmxAhj7Jxe7M3g84gABIfWZEZ7aSPs5UDa3fc7irp-g6eomev_LW4zTYB9RRorOlKLnRq.jpg?quality=96&as=32x31,48x46,72x69,108x104,160x154,240x231,360x347,480x463,540x520,640x617,720x694,1080x1041,1158x1116&from=bu&cs=160x0",6
a7b3b09642c1eaab893606121dbc5074.jpg,"https://sun1-29.userapi.com/s/v1/ig2/yKW3EXo8Yb56wKTeOuWgYAgBT772aZuhxA4F9R9LvAw2Df7dv3bl4wSFtvDDv-y8MNfl8XX5SQrUkBeNeTO0M67F.jpg?quality=95&as=32x38,48x57,72x85,108x128,160x190,240x285,360x427,480x569,540x640,640x759,720x854&from=bu&cs=160x0",2
5babc098fc43271c83daabe47d3778d7.jpg,"https://sun1-98.userapi.com/s/v1/if2/ZJfx782KVXEAEeYYq_x4ZbkZhl9TD_M1s--vYS8DTKmLbTI7cWNeID1Sf_RCh48Xas9e0Y7ZsgnErLr-DwNWPSu5.jpg?quality=95&as=32x21,48x32,72x48,108x72,160x106,240x160,360x240,480x319,540x359,640x426,720x479,1080x719,1280x852&from=bu&cs=160x0",5
b0ba360b97c5ef85c6bb679bed0880e9.jpg,"https://sun9-33.userapi.com/s/v1/ig2/yoKl7LTqldh51_aSdJdMuu7SkUipOn8SQXjWdn2Z30c8SVq-OhVJEmfJtXV3zkIKG9i2r6cuSbqG9wsG6MfBNgpY.jpg?quality=95&as=32x53,48x79,72x118,108x177,160x263,240x394,360x592,443x728&from=bu&cs=160x0",1
86c541bb03044c4120848548326b8466.jpg,"https://sun9-34.userapi.com/s/v1/ig2/F4KYSyBTSQlGJ9_izjlvVyor-WRCCRvFqxRCBVR_5zrqHctVCMVq2U_iFUmUpzOdu2nktdhGfhfXdWVhW0YU1igU.jpg?quality=95&as=32x32,48x48,72x72,108x108,160x160,240x240,360x360,480x480,540x540,640x640,720x720,1080x1080,1280x1280,1440x1440,2560x2560&from=bu&cs=160x0",0
5b9c79d24cb603bcd34ce0d7936472f2.jpg,"https://sun1-85.userapi.com/s/v1/ig2/96tY-Z-mtQ5dtP7DwPgtTeP18aYpmpCqrzz3eYVX7KXGbKTKZ_gfe-EWWlzIaUJx16foRRUHRrc0Qf77YcVu06pq.jpg?quality=95&as=32x32,48x48,72x72,108x108,160x160,240x240,360x360,480x480,540x540,640x640,720x720,736x736&from=bu&cs=160x0",5
dfeb0ba5abb772de1a200bfe34a9b5db.jpg,"https://sun9-59.userapi.com/s/v1/if2/VJsl69w5yOcVKp2tOIM7iUmuxPt4fT4Zu8CKb24pA9fH-kgqzljXtAsUTEqSMTl4I03mwL1rK2u3WpUz_D5IKFH2.jpg?quality=95&as=32x19,48x29,72x43,108x65,160x96,240x144,360x216,480x288,540x324,640x384,720x432,769x461&from=bu&cs=160x0",1
7953665cf17b1e59c93b639de28e160b.jpg,"https://sun9-43.userapi.com/s/v1/if2/XZsbfKfrolzB5X_AVdpgEDO5uW7dQnHg2P-3PfzFEATG_RUC0ygKM1UDq7oOZWwv3kfbfO--sQnuRwiCUp6y3ALi.jpg?quality=95&as=32x23,48x35,72x52,108x79,160x117,240x175,360x262,480x350,540x393,640x466,720x524,791x576&from=bu&cs=160x0",1
d5b22c484b0f1167125bed9b0f6aec2f.jpg,"https://sun1-25.userapi.com/s/v1/ig2/j3ErsDfO1zsbyOCufC6cvWIQ-fTLjcWozOH3SWbCRaMcxmlTRjSS1gBdB5yQA5IVz3i3R3bDcMT_s67rAJyKMbUK.jpg?quality=95&as=32x48,48x72,72x108,108x162,160x240,240x360,360x540,480x720,540x810,640x960,720x1080,1024x1536&from=bu&cs=160x0",2
5d4e34f03a33e01bebf2449411335098.jpg,"https://sun1-83.userapi.com/s/v1/ig2/46W6f8SwVi_RU2rYsmRp4q1-1LmgnfiXyci4fhIyBlm-R9Ak-fnUcLEZypRGazCkqVdUIPVyTRBg6_WJTVMPjpBN.jpg?quality=95&as=32x43,48x64,72x96,108x144,160x213,240x320,360x480,480x640,540x720,640x853,720x960,1080x1440,1179x1572&from=bu&cs=160x0",5
c723cdadd4f37b53f82556c6784244bb.jpg,"https://sun1-97.userapi.com/s/v1/ig2/FcgkpIGixsdQrRq6aJWnlGSrgwe6jKXZWw756biNQel_vLJ2s4HVjBI0AIX1xilh4rS_UEMFdal-hZXAbZW2o_Nb.jpg?quality=95&as=32x37,48x56,72x83,108x125,160x185,240x278,360x417,480x556,540x626,640x742,693x803&from=bu&cs=160x0",5
5f1e47e3228d1fcd6e38e3855212ae1c.jpg,"https://sun1-88.userapi.com/s/v1/ig2/83s_H-rPGNJFMn0YfAhwmj0mtWmFrA7B9yuJ39SSdslHjDji2HNN3ti7huzSNI6H55hjBsUDd-W-J7NNNDwMN8Lb.jpg?quality=95&as=32x40,48x60,72x90,108x135,160x200,240x300,360x450,480x600,540x675,640x800,720x900,1080x1350&from=bu&cs=160x0",4
f084689de9546fc2bc9414bf49917e1f.jpg,"https://sun1-20.userapi.com/s/v1/if2/OQj8_kl42NwhP3JbTUMJ17T5N7R0ucBzCTNYZ8D9vjEbMOmgSIls_uvMUu4u1pC45y96JhuIyrPuRrQqsBhtXeeE.jpg?quality=95&as=32x25,48x38,72x57,108x85,160x126,240x190,360x285,480x379,540x427,563x445&from=bu&cs=160x0",3
ab19d487c6705ff0475b25206e0eeb2b.jpg,"https://sun1-88.userapi.com/s/v1/ig2/hZ21ya9BaOoI4iQ5fdbJkHbMzPmm73lI9RySe4378RuoP87oaDJ7gDS2XHznOV6i9Wr4vganEbEyb_suoG-rzJl9.jpg?quality=95&as=32x32,48x48,72x72,108x108,160x160,240x240,360x360,480x480,540x540,640x640,720x720,1080x1080&from=bu&cs=160x0",5
496c99aeb6798e0f9efb02498ba2fd0d.jpg,"https://sun9-81.userapi.com/s/v1/ig2/9hoA7mozzBpRMOLqiQVnB6ht_ox_IEDAHZiHp4JCORoM409rPiNXlWMybVeOXLDHRvMaoPCKq3Zet-aFWXu9acW9.jpg?quality=95&as=32x36,48x55,72x82,108x123,160x182,240x273,359x408&from=bu&cs=160x0",1
32d68b8cef1c1897848e5fc822fe7476.jpg,"https://sun1-96.userapi.com/s/v1/ig2/jTkxDFGTd8O8pQ86i4k5eTuiubvefeNRE7Nk7TytMIYbSAPoH9KxOMxYVBAcSXE74uC8nzNUrCHoqHKS0K16rV0y.jpg?quality=95&as=32x41,48x62,72x93,108x139,160x206,240x309,360x463,480x617,540x694,640x823,700x900&from=bu&cs=160x0",4
f772c3b4d1ef5b68090d740611d1675a.jpg,"https://sun9-12.userapi.com/s/v1/ig2/IEsjUr6pmXNDuHXK6v56nJSqYO_Htb5TKRHt4h3BbEOgWyERfOS38dXzwl9CHeSaFaW9Og7L5-Q6pE-PoWHwRnlG.jpg?quality=95&as=32x32,48x48,72x72,108x108,160x160,240x240,360x360,480x480,540x540,640x640,720x720,1080x1080,1280x1280,1440x1440,2400x2400&from=bu&cs=160x0",0
d0daef45f47c54e97d46a7eabbe59029.jpg,"https://sun1-57.userapi.com/s/v1/ig2/SL6W1Rn9pn9nqr94k98z1mT5FtIXphgd0yRHJthvggTbIUKu5DIbj34i25MYTBe5GztxHAlm0nOA93is8voPoBrL.jpg?quality=95&as=32x32,48x48,72x72,108x108,160x160,240x240,360x360,480x480,540x540,640x640,720x720,1080x1080&from=bu&cs=160x0",4
3f8500a12f52c72e8942b03f0e713daf.jpg,"https://sun1-95.userapi.com/s/v1/ig2/bc3nWv9tjmJzCru237jAsrQjTDIhoDnr9437ldz9Wr6TgqxfGtxnGuvkYMiqTnFLB7bz5VIA3-GmnSy7pub9UCD7.jpg?quality=95&as=32x40,48x60,72x90,108x135,160x200,240x300,360x450,480x600,540x675,640x800,720x900,1080x1350&from=bu&cs=160x0",4
1b57ceaa0f6e0eb30c3642ea35a248f5.jpg,"https://sun9-85.userapi.com/s/v1/if2/1wJPf5n5WkHU1v9JNNQSsU5A1y2E4O11fLkeO1Qu24pa2vvcBBQo-rwIurBX4auq0TRWI189XAXAgDrT1eipRHkU.jpg?quality=95&as=32x29,48x44,72x65,108x98,160x145,240x218,360x327,480x436,540x491,640x582,720x655,1080x982,1280x1164,1440x1309,1478x1344&from=bu&cs=160x0",1
16f7ddc1852a4305598b0097f4c8c0f7.jpg,"https://sun9-88.userapi.com/s/v1/if2/JGejiLCv703bd3gz2zXzqz_Nxv0PZlrH9OBjqUDPXH3QUq6nQyFZHeMm7v_89n7mQaz4F4rpgsd-tl7mfw7Bdw7t.jpg?quality=95&as=32x28,48x42,72x63,108x94,160x139,240x209,360x314,480x418,540x471,640x558,720x628,1080x941,1280x1116,1440x1255,1466x1278&from=bu&cs=160x0",1
5207ee7c3b3e2654202dd9495be42c95.jpg,"https://sun9-51.userapi.com/s/v1/ig2/BLdpujYoqX5xbyhEim299RXHWeJVMOG4q94tQA1YAHlraXDMp36JYevnfZfZ2n3jmiVtLR3uIcvyYRJTwzYzlQcb.jpg?quality=95&as=32x32,48x48,72x72,108x108,160x160,240x240,360x360,480x480,540x540,640x640,720x720,1080x1080,1093x1093&from=bu&cs=160x0",1
09bdd62a4a130f2641c736c6c16145d7.jpg,"https://sun9-50.userapi.com/s/v1/ig2/-nlQT7WI7zj9uwQK5NkE9MwiNEbgMIXfpzHWUWiU7voaFoVEH03ThECGNxZkMVyfov72RtG0Kl14TjDQS6JOv89X.jpg?quality=95&as=32x32,48x48,72x72,108x108,160x160,240x240,360x360,480x480,540x540,640x640,720x720,1080x1080,1200x1200&from=bu&cs=160x0",0
a141bf0cbfc36a922b15b89777227648.jpg,"https://sun9-42.userapi.com/s/v1/ig2/i9XEd2w2IjE7zd4FnDdMkAcKqHJjMVF3Jw599Kj7-z01nnRH8_FF_wmQXivSXeFAKCuhSLDJTxWkbVljEBj-TNSi.jpg?quality=95&as=32x32,48x48,72x72,108x108,160x159,240x239,360x359,480x478,540x538,564x562&from=bu&cs=160x0",3
764faf2a69b3f34951040b5f022aa634.jpg,"https://sun1-16.userapi.com/s/v1/if2/-omZZ_M0JI33puEDA36ZXPSHS7l_AN4tIIgGsu-Vq28FfSTxisyd052u7Gv39wr6AzfLJz_BaZCx-KmQxvQ3H5m0.jpg?quality=95&as=32x21,48x32,72x48,108x72,160x107,240x160,360x240,480x320,540x360,640x427,720x480,1080x720,1280x853,1440x960,1536x1024&from=bu&cs=160x0",2
dd9d18d85dedb3139e90730e03acb728.jpg,"https://sun1-96.userapi.com/s/v1/ig2/SMLFPj2whtZBMNHyO__kTtd4jIVyaqD6G-ZXiePBn8t4i64JoyQTqmV_g6-BXVRt3iqgcgmsCf36LVnI6OvtTWyU.jpg?quality=95&as=32x32,48x48,72x72,108x108,160x160,240x240,360x360,480x480,540x540,640x640,720x720,1080x1080,1280x1280,1400x1400&from=bu&cs=160x0",4
07446226d5281e80f714914d6d6f2f44.jpg,"https://sun9-64.userapi.com/s/v1/if2/AvCfhUHee4p7MOKLS0ZDqWZD8TJ7l_WsdMkBXPeM-xkPimw9u46G0DgDxtHq3Ru_spDkL0F_wQXBh99xOZ6Wvt04.jpg?quality=96&as=32x21,48x32,72x47,108x71,160x105,240x158,360x237,480x316,540x355,640x421,720x474,848x558&from=bu&cs=160x0",6
ab6e8090f8ca2141b9e5df22c744bce7.jpg,"https://sun1-15.userapi.com/s/v1/ig2/dFB1MG6ypc13liSvb3NGbwNJ1jX2DE2Y9L56D4BqBNsZXmIwX83F-RJVxdMCqD1yoSBJQqniCRdMyX4QiUjshYbu.jpg?quality=95&as=32x32,48x48,72x72,108x108,160x160,240x240,360x360,480x480,540x540,640x640,720x720,1080x1080,1280x1280&from=bu&cs=160x0",4
527464180f29d492458c63373abf3f5d.jpg,"https://sun9-68.userapi.com/s/v1/if2/3k0OzFxWKPPp01ao2qO2cPp6OTDe6Y4M7dJcuYJG0dZcz8Cq72uWHJzXuVBc_epvFBWkgwT0G6Fl_xfUAzi-gA0F.jpg?quality=95&as=32x21,48x32,72x48,108x72,160x107,240x160,360x240,480x320,540x359,640x426,700x466&from=bu&cs=160x0",1
91a81a0c431060b37a53bf092f2b4ecb.jpg,"https://sun9-49.userapi.com/s/v1/if2/ik06WHqJBOEvttM9C29pI9_XMx2Myxg7Is8Anu0y-gTD3Hk6CT9WWkz9ph1cW2MeoXwHD_hOM-58Y14_NlZLySwC.jpg?quality=96&as=32x23,48x34,72x52,108x77,160x115,240x172,360x258,480x344,540x387,640x459,720x516,1080x774,1280x918,1440x1033,1548x1110&from=bu&cs=160x0",6
9581b4d99fdd09df6eca3e15b7ed871b.jpg,"https://sun1-55.userapi.com/s/v1/ig2/t8Q74i-MOq0pwHU-imkiEPKxohQhRHSWQPmeXMmgi7i9sveKJVrMBIKwLn72S7Xi4XS1x6TmWVa7NzYuXP45_1Az.jpg?quality=95&as=32x43,48x65,72x97,108x146,160x216,240x324,360x485,480x647,540x728,640x863,720x971,815x1099&from=bu&cs=160x0",5
61a70bef2002eb324847710438cfe103.jpg,"https://sun1-19.userapi.com/s/v1/ig2/3VL4myTBe92ECSnxy8YYhk7QuCy7zqQM2Cgk38_3Wa5ufrPgcTLA0GqwAZCqa_hC7R2tnKPsdoQlX-HlthPzR1Nu.jpg?quality=95&as=32x40,48x60,72x90,108x136,160x201,240x301,360x452,480x602,540x678,640x803,720x904,1024x1285&from=bu&cs=160x0",2
d1aa612fff25098b67a8b359cdc71ac0.jpg,"https://sun9-57.userapi.com/s/v1/ig2/FW7zIYLiR_jumvdWDTWOFzgtgKQoxZDLK4jdHQIY_K2i0aemrVgBtkYNrjhW_DeyZdFI21alJlyAAKjgtOu111Wd.jpg?quality=96&as=32x32,48x48,72x72,108x108,160x160,240x240,360x360,480x480,540x540,640x640,720x720,879x879&from=bu&cs=160x0",1
91e23fa7bab1eaa41259c74ff5d5a1a2.jpg,"https://sun1-97.userapi.com/s/v1/ig2/7tG7hW1DHkfKZlvjiwvMUGFq8xFRjaHmUHV2Zh1vusWF1DBkqwch1IbUOXBbYa7vUakCgVKa8lApK7gNWoQz3MFI.jpg?quality=95&as=32x32,48x48,72x72,108x108,160x160,240x240,360x360,480x480,540x540,640x640,720x720,1080x1080,1280x1280,1440x1440,1500x1500&from=bu&cs=160x0",5
0fa55a2e0046ddb340326d3698862d80.jpg,"https://sun1-15.userapi.com/s/v1/ig2/7okQPAX9Kj948PG_kp3JnKffzVPwVDcjrQpGnUbdvl7Vc-rCqNujnG1ntl-kK2Nnw08fqQCqAZEHYYHeG2X1U5dj.jpg?quality=95&as=32x32,48x48,72x72,108x108,160x160,240x240,360x360,480x480,540x540,640x640,720x720,1080x1080,1280x1280,1400x1400&from=bu&cs=160x0",4
16ef365a945e529a634c9a9253fbb8e5.jpg,"https://sun1-16.userapi.com/s/v1/ig2/Z_g6FGqKX8NWr8k43kGHq1tImrbEnTur0sWa5uLHT_e3S9xH1piFJZKqg64hXwqCHXy954F25Mve7VpLFky3gN5N.jpg?quality=95&as=32x32,48x48,72x72,108x108,160x160,240x240,360x360,480x480,540x540,640x640,720x720,1080x1080,1280x1280,1400x1400&from=bu&cs=160x0",4
0f51d5f9dbf34fb8933a322380c320ce.jpg,"https://sun9-21.userapi.com/s/v1/if2/V4-F_-jm1qCExB1Sg59ZuWH8wFFu1qv8NTxtMKSsSdgk3FaFGjKTGQPKQJDBi7ta2WUCSWLKNwIXCzCWwlsibt95.jpg?quality=95&as=32x21,48x32,72x48,108x72,160x106,240x160,360x239,480x319,540x359,640x425,720x479,895x595&from=bu&cs=160x0",1
026c4ec940cafb0bf25bcb4cfd35d7f3.jpg,"https://sun1-29.userapi.com/s/v1/ig2/uQUkStJLTSlCG9RyHL_Om4nBCrUbTwttGqL3r2kb9XRROTngRMGJUVoWjrq45eZCwTJwijj9npAuK8qgKprFln12.jpg?quality=95&as=32x32,48x48,72x72,108x108,160x160,240x240,360x360,480x480,540x540,640x640,720x720,1080x1080,1280x1280&from=bu&cs=160x0",5
d72385942a2a6825986c2c834be62854.jpg,"https://sun1-19.userapi.com/s/v1/ig2/awgs_UZ2CmoObD02QPC0jVVt5iRQnjsFjzGbVYtTN-0pgpHiAp8dsIOyQHPYvIVNVaprwTqHZHajNbLHjCUtF3ws.jpg?quality=95&as=32x32,48x48,72x72,108x108,160x160,240x240,360x360,480x480,540x540,640x640,720x720,1080x1080,1280x1280,1440x1440,2400x2400&from=bu&cs=160x0",0
2a90462757f8601ea8943c6a5dbe0bfe.jpg,"https://sun9-54.userapi.com/s/v1/if2/6p2LFt4awt4--2WwwffJDbwzoZstK07WXwJeVeqQND30UcW_7AmN4om3O-MCNYfU99sliP7Suz1lqhhvOSlDs4hg.jpg?quality=95&as=32x28,48x41,72x62,108x93,160x138,240x207,360x310,480x414,540x466,640x552,720x621,1080x931,1280x1104,1440x1241,1487x1282&from=bu&cs=160x0",1
462afb58bdc9f3c039761377dda21cc7.jpg,"https://sun9-53.userapi.com/s/v1/ig2/scWjIbat4TyEdlqIEeL8p3ATRFL3REjj97aYXZ1_BcX3R9jT9nDN9-X7D4Qslf0Dk_ZA3pN5HMVb5JvAsKvLPX40.jpg?quality=96&as=32x44,48x66,72x99,108x148,160x220,240x330,360x494,480x659,540x742,640x879,720x989,1080x1483,1248x1714&from=bu&cs=160x0",6
4a4a94bc1662a332ae3ff28e3c32761f.jpg,"https://sun9-31.userapi.com/s/v1/if2/RdKctamMadMQFjFYMEdZKi-mlglTlppWPMBfdbvy3l0vcGxgd6p4KnhieuJynpE9HGK4HBdWoVg9zQIL7JbgF9Fp.jpg?quality=95&as=32x21,48x32,72x48,108x72,160x107,240x161,360x241,480x321,540x361,640x428,720x482&from=bu&cs=160x0",3
c441a30a6453ab91224d95894b4e6425.jpg,"https://sun1-17.userapi.com/s/v1/ig2/FTGYdtx91aambObR7NZtkn0HII7qhBgQGk8CSifbNVI11hMUEvUyv6BB-4qQrRRZv7Rfzh8xk5PuwvXT6qascvqF.jpg?quality=95&as=32x40,48x60,72x90,108x135,160x200,240x300,360x450,480x600,540x675,640x800,720x900,1080x1350&from=bu&cs=160x0",4
d9a2dca4c38669c5aeb9bc838bd46222.jpg,"https://sun1-86.userapi.com/s/v1/ig2/cDRDcRcctvMXf6-GQBMQXMcnwwS7XsbwzX8Va9C8imPg5RqEyVD7IxIwxH5LRCDUO-3KW1N1TtUuugLKjaMbi1Yp.jpg?quality=95&as=32x32,48x48,72x72,108x108,160x160,240x240,360x360,480x480,540x540,640x640,720x720,1080x1080&from=bu&cs=160x0",5
13a970db74c4aecd17c1933631f98521.jpg,"https://sun9-82.userapi.com/s/v1/if2/Eho4tiMb8musoHH-eFFUQgymST8VyOuh2iZZjHwd7weZn7l4DCMKapllBLXecI7Oy2baM25e0KErYg3UscCF7Taw.jpg?quality=95&as=32x24,48x37,72x55,108x83,160x122,240x184,360x275,480x367,540x413,640x490,720x551,830x635&from=bu&cs=160x0",3
b3a621a9c0e0ab8f0f00f4b7bd50779f.jpg,"https://sun9-78.userapi.com/s/v1/ig2/h8bw0AekR--UQFqfJaccVA8XY6EGJq9IWWGP1vWRVPK_GXM1432RNNJtfm-jmW0bK9eYjMF7Hb8hkxePyVyQ001T.jpg?quality=95&as=32x32,48x48,72x72,108x108,160x160,240x240,360x360,480x480,540x540,640x640,720x720,1080x1080,1280x1280,1440x1440,1800x1800&from=bu&cs=160x0",0
58d3025a03f08a740daaa7fe5608a511.jpg,"https://sun1-20.userapi.com/s/v1/ig2/fHNZNCTmZY4HV6EbZYSOLiNTPEicchd3OykrA-wUorpw5VpH3dg26m45PKBmPmfXemBAex0SBq0S1liusXGz00ep.jpg?quality=95&as=32x40,48x60,72x90,108x135,160x200,240x300,360x450,480x600,540x675,640x800,720x900,1080x1350&from=bu&cs=160x0",4
44224562a738c8cbda4a298e5c731c52.jpg,"https://sun9-70.userapi.com/s/v1/if2/ypgpyQVyruhhPaurTuxjYWgI3hW_Sn6Sl25606GzzTmktBPFVSuoPdz1sY8PhDf7cgpCveqoOoJ2RirPqSmSbBWv.jpg?quality=95&as=32x27,48x41,72x62,108x92,160x137,240x205,360x308,480x411,540x462,640x548,720x616,1080x924,1280x1095,1440x1232,1490x1275&from=bu&cs=160x0",1
9ae7e39b934b88a6092360b7a8a43294.jpg,"https://sun9-74.userapi.com/s/v1/if2/vKbN8wZC27SWK-pglnP57cOWkKr-pD14D3Fu0-d6dN-f7xLy5l9KNtmPPW3vv7SKhmJCl6SW8v5K9V230XKu-zsY.jpg?quality=96&as=32x26,48x39,72x59,108x88,160x131,240x196,360x295,480x393,540x442,640x524,720x589,1080x884,1280x1048,1322x1082&from=bu&cs=160x0",6
5d9ce1a2b686218b26c881df377c85f9.jpg,"https://sun9-13.userapi.com/s/v1/ig2/vzgrfxBPIxMrd6GE1Z3TA2HawiIG4GmmKko-WYNhKne_f-Ypx5aCJZFQhZeVKHLJbIJu46eyoeScG3frIv1szMjq.jpg?quality=95&as=32x32,48x48,72x72,108x108,160x161,240x241,360x361,480x482,540x542,640x642,720x722,1080x1084,1280x1284,1440x1445,2153x2160&from=bu&cs=160x0",1
b12dd400d4839d32ca63c29dcbcbda83.jpg,"https://sun9-74.userapi.com/s/v1/if2/-yF2atkfJL6QwRBTVlao3REatHGEu340h__Mz_1QJp6ZlQv6WfqWs8nTBzt1wK-2LBP6veR4VNEdgz4diTDzlYVA.jpg?quality=95&as=32x21,48x32,72x48,108x72,160x107,240x160,360x240,480x320,540x360,640x427,720x480,1080x720,1280x853,1440x960,1620x1080&from=bu&cs=160x0",0
2927a65e8174fa6a65fbc8529c637a16.jpg,"https://sun9-43.userapi.com/s/v1/ig2/NI2pP6_rQgh7RHqTYe-bqAiBFwyvuZSjmfKOm1uQ1TNkc6z7G2zseiBOKsHhGAobi7NBm49u-RsMgZXaYU7tCiwt.jpg?quality=95&as=32x32,48x48,72x72,108x108,160x160,240x240,360x360,480x480,540x540,640x640,720x720,1080x1080,1200x1200&from=bu&cs=160x0",0
9c101de44f40172561939919a485bb9d.jpg,"https://sun1-83.userapi.com/s/v1/ig2/aAuhADhJtzxIKFZAOucnC6k_PIVmRqK6lZ7X0kn37NCmDEW-du8u2MWAccwyzDs1K5McPzSV7Q96s9YqU1RH9AI0.jpg?quality=95&as=32x48,48x72,72x108,108x162,160x240,240x360,360x540,480x720,540x810,640x960,720x1080,1024x1536&from=bu&cs=160x0",2
bd85d4cbf6830cfaed500ad51f18ea3f.jpg,"https://sun9-14.userapi.com/s/v1/if2/dDrM7Y9wW8BvfTBZxofmjOks5Y0CTbi6Db0WyS_JGF9l7qrM3HBD5tbogayZiOoXBy_IwHizDLkRAxFMyHXjkQYA.jpg?quality=95&as=32x24,48x36,72x53,108x80,160x119,240x178,360x267,480x356,540x401,640x475,711x528&from=bu&cs=160x0",3
ea212e8485be82d993c1ab865f2ba3e4.jpg,"https://sun9-87.userapi.com/s/v1/if2/62UvhqAsc2FBCKiI_oa6h4mhygd65xrKQ3F8C3nxI44EwFyb9VXqqIXjfzZ6bzqUJgxMoujh9IeTVGL9TWcLBTrE.jpg?quality=95&as=32x26,48x38,72x58,108x86,160x128,240x192,360x288,480x384,540x432,640x512,720x576,1080x864,1280x1024,1440x1152,2025x1620&from=bu&cs=160x0",1
c0e9327aebe3bce1a255513d74174b91.jpg,"https://sun1-85.userapi.com/s/v1/ig2/R70ZSuJDUEAXwaEoVQmgqaajKJ3jItNCv6SwWm2aqW-Jubmbi1jOSZuw3h75HYXfu4VqyoaTrEiAG0aZa64GDVKM.jpg?quality=95&as=32x40,48x60,72x90,108x135,160x200,240x300,360x450,480x600,540x675,640x800,720x900,1080x1350&from=bu&cs=160x0",4
a16ddb0e15a36e30961b8d288611237b.jpg,"https://sun9-48.userapi.com/s/v1/ig2/aysn1IMTYfj6Ls2Nu0ZUzCyWJ0aoAa6AWgIVcaQFb-svxbSi-IloeaSjqmB2DZgqMM1tTPKLasS_Aus-33fuqkAq.jpg?quality=96&as=32x34,48x51,72x77,108x115,160x171,240x256,360x385,480x513,540x577,640x684,720x769,1080x1154&from=bu&cs=160x0",6
c90cecceec5473cf0d76dcd8f3a03331.jpg,"https://sun1-22.userapi.com/s/v1/ig2/ZVmQlIA2tnDm1htLXJqFsDz78Uj4mKBDO3k06Sz5HIva3tIUP5UM5gytv2NzB-XTqOIky2mQkGGjFNTvNsdchK5X.jpg?quality=95&as=32x48,48x72,72x108,108x162,160x240,240x360,360x540,480x720,540x810,640x960,720x1080,1024x1536&from=bu&cs=160x0",2
ab03ffbc170c9ac763a4982d08530daa.jpg,"https://sun1-54.userapi.com/s/v1/ig2/exnk2MR7J0LxJKI-oRELHH7mD47DA7lptarXILVsI12c1iYvoNWmArJZdeq2sGkKIjyJFYDm0aQaM-GE5FHAXJF-.jpg?quality=95&as=32x48,48x72,72x108,108x162,160x240,240x360,360x540,480x720,540x810,640x960,720x1080,1024x1536&from=bu&cs=160x0",2
b0e222eecf10427cd35f0404070e000b.jpg,"https://sun9-27.userapi.com/s/v1/ig2/uVDwJV1GQhKTUcfd6u2Z_bHiKNOdrun-rf4xblp0Jv6UIsaaXXNLC4cW69ERyERMWPBOK9LfS_ltJqhCPP1X4hSk.jpg?quality=95&as=32x32,48x48,72x72,108x108,160x160,240x240,360x360,480x480,540x540,640x640,720x720,1080x1080,1200x1200&from=bu&cs=160x0",0
5d74ed5a4d087ce176c57159a7d814c8.jpg,"https://sun1-96.userapi.com/s/v1/ig2/W3InDD5RudrjwhENbpvFTSmpQJAVTNwkQ8gSbqedtrwKfhSkkHlOnNQUOpiIsn8SogDt5kzVkzO4vy7WKgo8esSF.jpg?quality=95&as=32x32,48x48,72x72,108x108,160x160,240x240,360x360,480x480,540x540,640x640,720x720,1080x1080&from=bu&cs=160x0",5
1c90c3048c518ce6fd99c9541f120fee.jpg,"https://sun1-91.userapi.com/s/v1/ig2/bgWQ-jsCf6_98_DNiDCDhic0FDl1tKi6WW6uGGFD5gzIu92qLC21LjTUPAimF8afZz75CLWve8S2CAx-Re28ZlHJ.jpg?quality=95&as=32x43,48x64,72x96,108x144,160x213,240x320,360x480,480x640,540x720,640x853,720x960,960x1280&from=bu&cs=160x0",5
2638ab3ace1b4ff7693067fbd583256e.jpg,"https://sun1-22.userapi.com/s/v1/ig2/oa7BzfdOiGKsAypq1Igva_HLADt2t0popZQJ0YERppolhKA0MlsoDFTsL0Zofydbew2aIdw200qzOl9Nu51Qe9ba.jpg?quality=95&as=32x40,48x60,72x90,108x135,160x200,240x300,360x450,480x600,540x675,640x800,720x900,1080x1350&from=bu&cs=160x0",4
d620c4afc1078442eb782ba7c85917c5.jpg,"https://sun9-32.userapi.com/s/v1/ig2/vJrQJbVTHPoKDgTCilz7UINWwO06UOT5YeBJlHItDiz3gcdT41UMCFMzN4wcALHXvMGD6Ek5fLnYPZfpsvrxGi_J.jpg?quality=96&as=32x45,48x68,72x101,108x152,160x225,240x338,360x507,480x676,540x760,640x901,720x1014,993x1398&from=bu&cs=160x0",6
ddcf1cc11ba9aa6de84d3c588ea9ec53.jpg,"https://sun9-23.userapi.com/s/v1/if2/NqX-jQJpdRv08AZrjpAcmz3BxgzdGY-T06-OdBWAuKa8mwjinbSnjsWPvVwhK6WExSjdmm-nvjBCK2yJllNpL-Jy.jpg?quality=96&as=32x31,48x46,72x69,108x104,160x154,240x231,360x347,480x463,540x521,640x617,720x694,1080x1041,1178x1136&from=bu&cs=160x0",6
2545c5e95138b27b1da86caf71f9911c.jpg,"https://sun1-84.userapi.com/s/v1/if2/ENBgJKdnf98xw033T-D-QGDfTQ7FTebS9rVunZdV4ciEfrH6wntCDHKxlnLOzW4Ld8Dfi2wvvNPPv_3z-Ironrhk.jpg?quality=95&as=32x21,48x32,72x48,108x72,160x107,240x161,360x241,480x322,540x362,640x429,720x483,1080x724,1280x859,1297x870&from=bu&cs=160x0",2
cf2288f131b3a3be34e69cfe5fefb146.jpg,"https://sun9-69.userapi.com/s/v1/ig2/8BHoDK3AIgNsic8Rev3ZwoHYbm66og1Q6tMjDD2KwJSHNZ3ECeoCnVSxfR6jeyCMp_ib-LtyHdsQ90LzJ9ACdnyB.jpg?quality=95&as=32x32,48x48,72x72,108x108,160x160,240x240,360x360,480x480,540x540,640x640,720x720,1080x1080,1200x1200&from=bu&cs=160x0",0
1844e47997a14f44148f52d63d9fb6d5.jpg,"https://sun9-72.userapi.com/s/v1/if2/vttThVTKVVLxwWOGxhU_aZM-vBaGsDfIw1qTGg1hnSgkR4nV-UQE8ifrs2L8guA2BRyJBN68RKXqYykzFo-8i2r6.jpg?quality=96&as=32x30,48x44,72x67,108x100,160x148,240x222,360x334,480x445,540x500,640x593,720x667,1080x1001,1120x1038&from=bu&cs=160x0",6
173366603858ffd951f7bf4917228496.jpg,"https://sun9-15.userapi.com/s/v1/ig2/7zOwKZ5b992gcHv2BfPMe4rxHEP2GeN66LVlr9RnlxKxbCXSazp5pKtMLYNkiv_DyuIm6FwFd4pA9EugysCCDnz8.jpg?quality=95&as=32x32,48x48,72x72,108x108,160x160,240x240,360x359,480x479,509x508&from=bu&cs=160x0",3
2ef3d00ae5f2681d2152ffaddda0e6a5.jpg,"https://sun1-54.userapi.com/s/v1/ig2/XDRzS3UQ1GcB6z49k8N_jr8efS64SRERB_UX2mFeszy2e-s2-YhmnsKhq1_cqtleJND3nxBbFr-OjIqcNDj5TmnE.jpg?quality=95&as=32x40,48x60,72x90,108x135,160x200,240x300,360x450,480x600,540x675,640x800,720x900,1080x1350&from=bu&cs=160x0",4
e98d63b901149877d909db74c170d457.jpg,"https://sun1-85.userapi.com/s/v1/if2/hppadSrPGTA67594Q0T01j1EmSCCjj6WaOPckdRP3TjmWOIsxOosY_1kG8KP-Q5fK-UC2NcAhhKONKnZdR_nh_9m.jpg?quality=95&as=32x26,48x39,72x59,108x88,160x130,240x196,360x293,480x391,540x440,640x522,720x587,1080x880,1256x1024&from=bu&cs=160x0",2
255e47c8a891bfbd49f6ade18b0402b6.jpg,"https://sun1-87.userapi.com/s/v1/if2/pr8IpftvbwfwRG-ZPzEkFLxT_XixXz95tpT-0S5Aiab9FvDgydc--rAYr9d0XHJgSxJmNAwD7HA1gVyC9yuqxPQs.jpg?quality=95&as=32x24,48x37,72x55,108x82,160x122,240x183,360x274,480x365,540x411,640x487,720x548,1080x822,1280x974,1440x1095,1730x1316&from=bu&cs=160x0",5
8e7e66a2626fe03f300443627a0c7d7d.jpg,"https://sun9-54.userapi.com/s/v1/ig2/f83yaXuwP0TCe8pNSlVTnYG2DV8hLvktmUcBYDLI7rwvpxXIf77L3Ux2y2lHcjLR4pCAAUPRlXDI7cKyuWwQJcA2.jpg?quality=95&as=32x32,48x48,72x72,108x108,160x160,240x240,360x360,480x480,540x540,640x640,720x720,1080x1080,1280x1280,1440x1440,1800x1800&from=bu&cs=160x0",0
923f8ce4a3f649dd0e5d8dc2d5a6e13a.jpg,"https://sun1-83.userapi.com/s/v1/if2/D-Yq4Cs3y8212WPgucHJQeNU3IhLIgevq6EZWTkd898igcd2DP-ttXGv2ftrt7o1rgLkTb8visdhpSzU_us59i3W.jpg?quality=95&as=32x29,48x43,72x65,108x97,160x144,240x216,360x325,480x433,540x487,640x577&from=bu&cs=160x0",4
df8b955505b85028025c8a5e828d9a3e.jpg,"https://sun9-9.userapi.com/s/v1/ig2/GCWpwmyVyIUSSVNl61AKKW_VSgAGETj_yIfkvGqu1eKnCDzbrMfY1PijD2z8sUh0bURv87NFFbC1-R4mUP6yDN_Z.jpg?quality=95&as=32x48,48x71,72x107,108x161,160x238,240x357,353x525&from=bu&cs=160x0",3
e7af35b70b483d273700bf0dbef6d7a5.jpg,"https://sun9-9.userapi.com/s/v1/if2/aXqKRaRjlwxwsc94ABsK_1DTMaW6MwqIYixhxGF-PhWqakeaoGFjdrcHh7dDugeb29tWgglmcdpHO6VnT1VcVXuZ.jpg?quality=95&as=32x22,48x33,72x50,108x75,160x111,240x166,360x249,480x332,540x373,640x442,720x498,725x501&from=bu&cs=160x0",3
dfd27f108b0544621c377936a2c70440.jpg,"https://sun1-19.userapi.com/s/v1/ig2/iiDF3cw-hEhMGmXNmLYJqEK2cw0D_xXJgTUEdLusBwg6uD9UTRZL5wPYAZRzi2sgFeaEJvUjcW8Xob6grUgX3N_c.jpg?quality=95&as=32x32,48x48,72x72,108x108,160x160,240x240,360x360,480x480,540x540,640x640,720x720,1080x1080,1280x1280,1440x1440,1500x1500&from=bu&cs=160x0",5
63e6bac6283dac23f3163ef77abbe33c.jpg,"https://sun1-56.userapi.com/s/v1/ig2/-hthZmWC0Fb4Hh0YdnbKkTUGlCZ_Ab26co36WVIIRptWsk8uJH4Dg4AbT9oV4ZW78owG7wrie9VON-HZsn8nxM3r.jpg?quality=95&as=32x40,48x60,72x90,108x135,160x200,240x300,360x450,480x600,540x675,640x800,720x900,1080x1350&from=bu&cs=160x0",4
79f8352251b97bc98a1680cf54da6aaa.jpg,"https://sun1-13.userapi.com/s/v1/ig2/MGIpE0fAIFjwV2TTMUqtgZ7jrEQ1WfBZdaAf7Rvo69LV0M6Fdg3O1rtsKt044e-QFOzwEeUZqX2sEocpYa78EOv0.jpg?quality=95&as=32x32,48x48,72x72,108x108,160x160,240x240,360x360,480x480,540x540,640x640,720x720,1080x1080,1200x1200&from=bu&cs=160x0",5
f9a87c75fe6406bef40d8403f6076898.jpg,"https://sun9-50.userapi.com/s/v1/if2/I5OMh3UUu4kXrKm3zCfux8OFYOCtzz3pt4UuWn48OQ2pEvK80gMX1HdW-DVmOqWRereQEN8f00tb1f2G-zka3dfC.jpg?quality=96&as=32x21,48x31,72x47,108x71,160x104,240x157,360x235,480x313,540x353,605x395&from=bu&cs=160x0",6
22171f4b7e4a67d8fc56265a940c26e0.jpg,"https://sun1-83.userapi.com/s/v1/ig2/-SVO45hO6rvctv0Owf8uAcVYfIzA5tGH94_qaHGrLZdWyXlfZeHMjiO318NpTDd7V__gvAUPuqg53jLbiSWhNZpB.jpg?quality=95&as=32x42,48x64,72x96,108x143,160x212,240x319,360x478,480x637,540x717,640x849,720x956,1024x1359&from=bu&cs=160x0",2
eba175f3b508df6a8a01d6f4f15c2b5c.jpg,"https://sun9-79.userapi.com/s/v1/if2/MPxaGu5mWyPseKU-ppQ5vR_8nc0jy36i3eyAYfBvfkh7-w-AkuyFS1nE-HfL6zH_1AyAamdzhp07AiRuk10DRYpb.jpg?quality=95&as=32x23,48x35,72x52,108x78,160x115,240x173,360x259,480x346,540x389,640x461,720x519,1080x778,1280x923,1332x960&from=bu&cs=160x0",1
c5a99ff926118bdf09872d3b07160e04.jpg,"https://sun9-50.userapi.com/s/v1/if2/TvypFOJwP4cATNMdipE89eYP0u4abqX8L1V9Bjrudn-6JlsjIHDQDEIuZcfxNapggE6wGH3BTYCSHF_LP-vyLxW-.jpg?quality=95&as=32x27,48x41,72x61,108x91,160x135,240x203,360x304,480x406,540x456,640x541,720x609,1080x913,1280x1082,1440x1217,2560x2164&from=bu&cs=160x0",6
f3ac2e21c50da74361772b0b188810bc.jpg,"https://sun9-43.userapi.com/s/v1/ig2/_oZGvbvc-WIAUByMF7CdGhw6VKmS7LyU6goZKYnJI7x1yIAdNQ3czofpKsG7Uj38tW4TXhaQ8_NRxzp1T9DGq3sI.jpg?quality=95&as=32x42,48x63,72x94,108x141,160x208,240x313,360x469,480x625,540x704,640x834,720x938,1080x1407,1280x1668,1320x1720&from=bu&cs=160x0",6
2ee05289d5427d68d5ee0cfe35d45a50.jpg,"https://sun9-70.userapi.com/s/v1/if2/cUvRWFEiAaaXD1rer4Tesyl2qb2lbvpb3_-qPI-UzvJunwOCEh1YPotNMVhoa6uH6qScaAnJmGP6DlYQj8MvcpQ1.jpg?quality=95&as=32x23,48x35,72x52,108x78,160x116,240x174,360x261,480x348,540x391,640x464,720x522&from=bu&cs=160x0",3
f2dadfe5bb28e381d1556634b92d3928.jpg,"https://sun1-86.userapi.com/s/v1/ig2/JGoGqsZJ49E3EYihHYSRpfkzMhM2vv7Jd-ayxJhCcTcBK0N7gtzfmAwz0Btm7teEswO9rSQN8HMZPHsOlgteQGxs.jpg?quality=95&as=32x42,48x63,72x95,108x142,160x210,240x316,360x473,480x631,540x710,640x842,720x947,778x1023&from=bu&cs=160x0",5
56edeb82c20eaeb3096f8a21061d8f2a.jpg,"https://sun1-22.userapi.com/s/v1/ig2/u0KdsMy33VWfp4Q3vnmTvLvi5hUdstk-bjWoEmZ_TZcSUEj0xLXhRTukWgDvimdt3T2xL6TaF4Yt6gKrMv7gW9uG.jpg?quality=95&as=32x40,48x60,72x90,108x135,160x200,240x300,360x450,480x600,540x675,576x720&from=bu&cs=160x0",5
bb212cbb306abd9342ccad01548d1ac7.jpg,"https://sun1-96.userapi.com/s/v1/ig2/-AQ9FXWE8e3X_2LrOEcLfPldpVS4elrJGi0_mn3woDwDj77vX3hzwnVdYtKiF3oWT7zW1w-CsT3bCkHRT7boPLsN.jpg?quality=95&as=32x48,48x72,72x108,108x162,160x240,240x360,360x540,480x720,540x810,640x960,720x1080,1024x1536&from=bu&cs=160x0",2
3c6ef311bd6c6cc81f9e9138d4bc3544.jpg,"https://sun9-57.userapi.com/s/v1/if2/yaEurKE_-rtKI3ZJf0Zl1kHHj7JC0T9pfk97qqIq9j4ZQ-Cspw_XSvv7PyBge3egNs91c4iNDUGG887IUOP7-jGm.jpg?quality=95&as=32x21,48x32,72x48,108x72,160x107,240x160,360x240,480x320,540x360,640x427,720x480,1080x720,1280x853,1440x960,2560x1707&from=bu&cs=160x0",0
d98a36edef1d2fbeb94d5d24e108a12a.jpg,"https://sun9-52.userapi.com/s/v1/if2/NP9VsKxxrubfBr673yFwZbGLTuI1XQLRP7r7WUSR-uDcdrNosl2fDdcwG54dvqPERScVMa7vBOMkpqiEUs5QHBMZ.jpg?quality=95&as=32x30,48x45,72x68,108x102,160x152,240x228,360x341,480x455,540x512,615x583&from=bu&cs=160x0",1
173366603858ffd951f7bf4917228496.jpg,"https://sun9-15.userapi.com/s/v1/ig2/UlPC0e5huxlGXSbk5STCWlolI7YJlUbKRGdfn3aP-Vfg-SkCSyxVCRORwSN3913LWElppjZq_sIbaZSI-QA3zh4z.jpg?quality=95&as=32x32,48x48,72x72,108x108,160x160,240x240,360x359,480x479,509x508&from=bu&cs=160x0",3
1b8b5cb17ee63859728409f53805cb49.jpg,"https://sun1-55.userapi.com/s/v1/if2/8NyF7EuqNdYFlh5_-fUfXmPQoVRPqtEalyS-lUqFX9mLxYnU15qrG0qkai4nKfuF8ZrVKEaJLxqcuZ0lRwXQ9ZfD.jpg?quality=96&as=32x24,48x37,72x55,108x83,160x122,240x184,360x276,480x367,540x413,640x490,720x551,912x698&from=bu&cs=160x0",6
584063d06ac66f0e397a02a2f32999ec.jpg,"https://sun9-10.userapi.com/s/v1/ig2/cWJw7UZuUXFeR8NfJLDCoBO_W-ZJ_Jc11XrxaVx6f4iwzl2Z4W8VNv6BsemtASnyosCWBtBDXxS_E1gs0jiNmlFX.jpg?quality=95&as=32x32,48x48,72x71,108x107,160x158,240x238,360x357,480x475,540x535,620x614&from=bu&cs=160x0",3
a35b562518b62aa85e765658ed35f168.jpg,"https://sun9-48.userapi.com/s/v1/if2/92LmXl3fSHZuaVAkyi4n0jaV0rBIEJC6U8Tn4xw3cpudSvCudETBbFBUcIHYki50pDwqd-2-EAn9uuLC3VkJBSuj.jpg?quality=95&as=32x28,48x42,72x62,108x94,160x139,240x208,360x312,480x416,540x468,640x555,720x624,1080x937,1280x1110,1440x1249,1476x1280&from=bu&cs=160x0",1
72a9f1d0456a7bf0ce67402ab15df243.jpg,"https://sun9-67.userapi.com/s/v1/if2/bslh2yB5SnmtPQ9Gf7GBMwuZXQcBHN3NJznGGYqFmpBiTTdZX_tE-AzLwmeJONwjLPzs2DTPjC2PdS2TbB_XRiED.jpg?quality=95&as=32x21,48x32,72x48,108x72,160x107,240x160,360x240,480x320,540x359,640x426,700x466&from=bu&cs=160x0",1
5f517f604287f8748fe60ed477b7925f.jpg,"https://sun1-54.userapi.com/s/v1/ig2/Ll7j0Bj4ntT_8BBccNc2Zap4eWNxXmZgsZ14xeOmmxZ2u7oBsa8SP0U4EfnEksNk2csSPny0wwdYWgVYhtoX8roK.jpg?quality=95&as=32x40,48x60,72x90,108x135,160x200,240x300,360x450,480x600,540x675,640x800,720x900,1080x1350&from=bu&cs=160x0",4
ddb4b941f06e2d6f0a3621d19cc51fe2.jpg,"https://sun9-26.userapi.com/s/v1/ig2/Q4bbFPMffXIfl7Z0DPCEUvN7tuXWS_l-dwPFCLLMlcdKsNQVvPh-PtLIuBouMr1eQKt3Vj1r2btDdCLaGsbi099x.jpg?quality=95&as=32x32,48x48,72x72,108x108,160x160,240x241,360x361,480x481,540x541,640x642,720x722,830x832&from=bu&cs=160x0",3
409dd81960a213ef835001264d8b4aee.jpg,"https://sun9-25.userapi.com/s/v1/if2/rQeORjVqDDXU72mbpQjXyIkDee-ipVVXX8hCfKMy5rLT5V7SMYOYmIqJUYrwOAOlcJfJoIR4Ner8osYKo8jdjlu2.jpg?quality=96&as=32x24,48x36,72x54,108x82,160x121,240x181,360x272,480x363,540x408,640x484,720x544,1080x817,1280x968,1386x1048&from=bu&cs=160x0",6
45a2ddebd569c0666c16360fad8c64ee.jpg,"https://sun9-27.userapi.com/s/v1/ig2/6PSF1xTYK8GbBV4s4OTUQ2GhogaeQSnty2McstsSkG0WKFke4iox4nJotOfzzCIVLg7u_DwHUsYCig6YGnqkrFaz.jpg?quality=95&as=32x32,48x48,72x72,108x108,160x160,240x240,360x360,480x480,540x540,640x640,720x720,1080x1080,1280x1280,1440x1440,1800x1800&from=bu&cs=160x0",0
6cb4d96e211065a1dc9e6b4388b50df8.jpg,"https://sun9-67.userapi.com/s/v1/if2/SuxR8sXP450Q-xGn0qh_AaYoDtDA9DWORUW47ruXZfkSHPVz2HD6VcXZe2xi_ib171rfqJ8vwyPEv2c4hGehYIfB.jpg?quality=95&as=32x26,48x39,72x58,108x87,160x129,240x193,360x290,480x387,540x435,640x516,689x555&from=bu&cs=160x0",1
9684b32a8296afabfad11c847fe1dc59.jpg,"https://sun9-59.userapi.com/s/v1/if2/TPZk4Z_3JxdEuf-lMn48RXcWwJz_VmrZ8HBrNgTPTu0IFH_F3m65S6Q06MYI6-s8Xzo8PA4usPhzrSy0Tbh9JUV-.jpg?quality=95&as=32x23,48x34,72x51,108x77,160x113,240x170,360x255,480x340,540x383,547x388&from=bu&cs=160x0",3
08af34d2fd02951af622ff2924d19dad.jpg,"https://sun9-15.userapi.com/s/v1/if2/1CLG3zrV6moGqdOfBu4VJryrgbCAszd3p93rxlQzUgMS_emkQYnJHv5dcZNZiB1YLsXBcfvjWKu0OZGzxeb8poNg.jpg?quality=95&as=32x27,48x40,72x60,108x90,160x133,240x200,360x299,480x399,540x449,640x532,720x599,827x688&from=bu&cs=160x0",3
2e9a0613d59d3c7af65fc2775b546232.jpg,"https://sun1-96.userapi.com/s/v1/ig2/vhVhjofWnS3UOd3WwV5Wib49mbtO-GccvDy0KAJUi2Y7WzeKJ1NwqFu7RhwzVr6aw59e-n6fJMj9uWueU8SRpfaZ.jpg?quality=95&as=32x40,48x60,72x90,108x135,160x200,240x300,360x451,480x601,540x676,640x801,700x876&from=bu&cs=160x0",4
76552bebbd1db13a4e2f16acb30ce48e.jpg,"https://sun9-61.userapi.com/s/v1/if2/2y7VmNGLurrZeLOTHNSEE3NG6V3hlPLhd9mPkAbImpDJ0Nthy9-0ciMqifbMGBa215qDuYrtRoB-7FCXf6lI3GW1.jpg?quality=95&as=32x31,48x46,72x69,108x103,160x153,240x230,360x345,480x460,520x498&from=bu&cs=160x0",3
63493bce6a5a2d065e95b8944c4f551a.jpg,"https://sun9-9.userapi.com/s/v1/if2/mZshqVYPqgtItTBZfwl66qnMSu3u-T_nxJakb0hrKxtOfUchBY_X47F98Vqku8UfOT-LBEAAnKaKOCyOGV6LyflL.jpg?quality=95&as=32x31,48x46,72x70,108x105,160x155,240x232,360x348,480x465,540x523,640x620,720x697&from=bu&cs=160x0",3
6b1f934dfc3db9b6eab8c837b7aef0cd.jpg,"https://sun1-16.userapi.com/s/v1/ig2/1HJvV-98JykqPtLAAvAADsyWBdNBCdXegndmGRqQqpB18o6olae3oxlB4AoNyj6RQ2uKlOAFi0DtZplOk1JBDFzX.jpg?quality=95&as=32x40,48x60,72x90,108x135,160x200,240x300,360x450,480x600,540x675,640x800,720x900,1080x1350&from=bu&cs=160x0",4
056572edcfdf3c93ca886d5cd46d0d22.jpg,"https://sun9-20.userapi.com/s/v1/ig2/BcJZZ3wqhTB0-amMqcGGTm1RxE5u6V_zzvEI2lUlB6CFkCNEIdIVGO7RuYfdI7rhY9GJKPYAZ4fpVNjKhlCIaF_f.jpg?quality=95&as=32x32,48x48,72x72,108x108,160x160,240x240,360x360,480x480,540x540,640x640,720x720,1080x1080,1200x1200&from=bu&cs=160x0",0
d2c6f2dcf9e6293463e125a4be9170b2.jpg,"https://sun1-18.userapi.com/s/v1/ig2/dcn9Pbz2M6ckF6We10Or1-dLbIxNJFC_o5FKiQ5ju8lsbSok-koyAX_sDrjNY5nhfDoxx6-BrxOM4-Tv6CFlEOKz.jpg?quality=95&as=32x32,48x48,72x72,108x108,160x160,240x240,360x360,480x480,540x540,640x640,720x720,1080x1080,1280x1280,1440x1440&from=bu&cs=160x0",5
41f7fa024ca5336e786d413fa99c5578.jpg,"https://sun1-94.userapi.com/s/v1/ig2/ekrv-VrB6Uu2NsHvJCLM63g3XsjhtpOZLgv7Mm-uHoA3XuPgf10W9YIqKb8IrSAGi_CckRuSKxdyVN3Bs_-B0Zp1.jpg?quality=95&as=32x32,48x48,72x72,108x108,160x160,240x240,360x360,480x480,540x540,640x640,720x720,1024x1024&from=bu&cs=160x0",2
4119aebd5bd1751b2b773f7d48c3b3bb.jpg,"https://sun1-56.userapi.com/s/v1/ig2/PVOqChjB3lkShhPkCjnnaPSLnHC84DfTYwcmNiq-qYkzwVM9HDSPkb0_KjoGPEAXdZH8M92R1yzohd1aTTBl-rQh.jpg?quality=95&as=32x57,48x85,72x128,108x192,160x285,240x427,360x641,480x854,540x961,591x1052&from=bu&cs=160x0",5
e76db054e57527dfdbe1895aeb79e4a2.jpg,"https://sun1-13.userapi.com/s/v1/ig2/BvOiz4XpOf8k8HXx8ecaSGBabgI4y9vmNljjGFXA0mkFE_8Zj1rgxuJRA6jHEbFKkMhfetaP5uQybxcebKEZxBMK.jpg?quality=95&as=32x32,48x48,72x72,108x108,160x160,240x240,360x360,480x480,540x540,640x640,720x720,1080x1080,1280x1280,1440x1440,2560x2560&from=bu&cs=160x0",0
0b8e513b9e68543ef1dcdabbda7a5d45.jpg,"https://sun9-40.userapi.com/s/v1/if2/0DZVY5iVQqSkxeVJ8EK5zP_69G9vADbDT2AYF-7omeopMqHMlaYG4Ll1-GGR3FAtb5jay6d2SkvIZCAHEy-9xwN4.jpg?quality=96&as=32x28,48x43,72x64,108x96,160x142,240x213,360x319,480x426,540x479,640x568,720x639,760x674&from=bu&cs=160x0",6
4e368cbc6b37c452d83d15cc71dab78b.jpg,"https://sun9-31.userapi.com/s/v1/ig2/hSQhQD7fNFODy1jqcvbHyoDwzy58N1rjBTdPuCAJN2QGiNr1Aivqo_owVq3t6lTi1435ozsovlUxog5eE9BRSmmW.jpg?quality=95&as=32x32,48x47,72x71,108x107,160x158,240x237,360x356,480x475,540x534,640x633,720x712,830x821&from=bu&cs=160x0",3
65899c47514719124e8e95a2375043a9.jpg,"https://sun9-72.userapi.com/s/v1/ig2/Xwz8F90aSt3_qoPyXcyB5kSqyeT2188ZUV5pd9Pke96XyMExgry_BfCUOCEde8HRGGpd8z6LilTPa4czECSmwaHr.jpg?quality=95&as=32x32,48x48,72x71,108x107,160x159,240x238,360x357,480x476,540x535,640x634,696x690&from=bu&cs=160x0",3
d3e3df736f09c63da104df2036b6c6a6.jpg,"https://sun9-33.userapi.com/s/v1/ig2/2itlQdBWKGfJIiqhQwONmTMdgfMa1QFO6ruF6e9qJqWQOSZl7ZszKu0QdFKlPCkNo7Z-lIUfUZz84ryzqsBE-Wxy.jpg?quality=95&as=32x32,48x48,72x72,108x108,160x160,240x240,360x360,480x480,540x540,640x640,720x720,1080x1080,1200x1200&from=bu&cs=160x0",0
2176c1116db26252acfd51227242bfbb.jpg,"https://sun9-18.userapi.com/s/v1/if2/Hd0yuWqUzArFKOHhdm3FRqwq0C2c5VCXz5fIjB_WAJyaF7sNLhubmLXuJFhtTkmy2c5WhOICdmXXtl6aqFwij8-p.jpg?quality=95&as=32x22,48x33,72x49,108x73,160x109,240x163,360x245,480x326,540x367,593x403&from=bu&cs=160x0",1
d374958a0af3ba8888d1bd995c78d315.jpg,"https://sun1-24.userapi.com/s/v1/ig2/yqWD-EbjVAk7AY6jEdzrkDIdFwqsWXQlcMB9-ZxpgDRXmc0ADuVFB4FDFENIo1DgxqmZbew6l7I68x9oTV4FDH14.jpg?quality=95&as=32x32,48x48,72x72,108x108,160x160,240x240,360x360,480x480,540x540,640x640,700x700&from=bu&cs=160x0",4
694609219f4471c0462e3184bc5d543c.jpg,"https://sun9-52.userapi.com/s/v1/ig2/gVDnVqO_JHgum8n1OD_yrxKGQXtBgTK_ROzQxD44b8KPasrX7zplDvvcVt2dgAyNq2izMTMTTrWYsyL7kL6ilP4P.jpg?quality=95&as=32x50,48x76,72x114,108x170,160x252,240x379,360x568,480x757,540x852,640x1010,720x1136,744x1174&from=bu&cs=160x0",6
f6681a5ea212fcad66dc8ac1d67a3c9f.jpg,"https://sun1-26.userapi.com/s/v1/ig2/3x-8v_-IfGFivxkXmjbRy4mhLmRPOkul_Dk4w03HeT7GuUC3nfxUV-N8BnkbIkO3z8twuzXocmMGq0TszYCbwr89.jpg?quality=95&as=32x41,48x62,72x93,108x139,160x207,240x310,360x465,480x620,540x697,640x826,720x930,1024x1322&from=bu&cs=160x0",2
0d5ee3296e3408996824edd3c6fee107.jpg,"https://sun9-83.userapi.com/s/v1/if2/HWDIZItU71sJcuxEknOj8dHUmxjx8u1uLaMIfRT-bWMYFTODid_uT933-ueG2LKJjEZGXPsK64fKw2GAL_h-dapl.jpg?quality=95&as=32x31,48x47,72x71,108x106,160x157,240x236,360x353,480x471,540x530,640x628,720x707,1078x1058&from=bu&cs=160x0",1
20492bab606df49d6693151a0b44aceb.jpg,"https://sun1-47.userapi.com/s/v1/ig2/B88JOkmHtYgt4MvbVwgEp748zPjGpk7oAGRI9vvkvZ_XK9AQ-8eI6OhkYHQb4gNsEYrVfBYtuj8qijQMj-UiXp6v.jpg?quality=95&as=32x32,48x48,72x72,108x108,160x160,240x240,360x360,480x480,540x540,640x640,720x720,1000x1000&from=bu&cs=160x0",5
fde68c755cc63f4a8a93520f82d7df99.jpg,"https://sun9-34.userapi.com/s/v1/if2/002kd5DbqwmEsZi7JIJSSsZ0n71Vx-z2aYeg258cQ3ofLMLbWLGt89wP3UWlc-2N1oiewnRiLweWhkCc7VdQMc0j.jpg?quality=95&as=32x23,48x35,72x52,108x79,160x117,240x175,360x262,480x350,540x394,640x467,720x525&from=bu&cs=160x0",3
2c623a5be794792725c43ef80756ad2d.jpg,"https://sun9-81.userapi.com/s/v1/ig2/Zpz-ckY69lxxdjYq3NmVG78-2cLq9DR9A-OVFzeh58zqIrz-mmpr-EpW7_q1IZBvLNek1Gmif3YbD9Toiumm7DzQ.jpg?quality=95&as=32x48,48x72,72x108,108x162,160x240,240x360,360x540,480x720,540x810,640x960,720x1080,1024x1536&from=bu&cs=160x0",1
269ba6b1c9c59f51ae22754358a59332.jpg,"https://sun9-9.userapi.com/s/v1/ig2/6-pYW5Sfu6keI1svDncUIHTJOM0IYMiLIlCTACxTRjx7nsQrJqcik5sGYaWViULE6NtgPzfU7eg5KIiJhyumWTlm.jpg?quality=95&as=32x38,48x57,72x85,108x127,160x189,240x283,360x425,480x567,540x637,640x755,720x850,998x1178&from=bu&cs=160x0",6
91c10aea1d69a65305c4774ced489fb5.jpg,"https://sun1-22.userapi.com/s/v1/ig2/kuM0ixBOB05VSj-7tP-qQdEd_lVPcLSV844K3WfARJQi-Yrk6oJcdxqSAWIiryDVoWK6zs0WevRI_ICz6VghhULh.jpg?quality=95&as=32x43,48x64,72x96,108x144,160x214,240x320,360x480,480x641,540x721,640x854,720x961&from=bu&cs=160x0",2
5fd11181956f9392c7d9b3d8eeb278e5.jpg,"https://sun9-5.userapi.com/s/v1/ig2/4CB6x6LV1WScXk2zXwgCOE_e9piCA7E2oJM7631TuY_KKoijJic8iM2-hseN4w5vdpPLQo_bC-CfwoHK5bWhnyLw.jpg?quality=95&as=32x32,48x48,72x72,108x108,160x160,240x240,360x360,480x480,540x540,640x640,720x720,1080x1080,1280x1280,1440x1440,1800x1800&from=bu&cs=160x0",0
268c0283516bf69b1ac6bea6bb05a944.jpg,"https://sun1-84.userapi.com/s/v1/if2/v4OkYTpeDPlbqALgHc4XlGUKK1iHhXKFEuAAcc98guiCC4815k_U1sqtwJ4ccpmJcHzwomb_8_BVZoCUnDslR7Kh.jpg?quality=95&as=32x21,48x32,72x48,108x72,160x107,240x160,360x240,480x320,540x360,640x427,720x480,1080x721,1127x752&from=bu&cs=160x0",5
b60dccf776882c8cad5956c5ffd595f6.jpg,"https://sun1-88.userapi.com/s/v1/ig2/wkD95FqhMhb-s2yJ5MZthlgB3atshqkYUtJPY2PqPsOMOhSfM73MpvUdIFrHQI9ra91tyAGO_QzpN3HawHV4C9aC.jpg?quality=95&as=32x39,48x59,72x88,108x133,160x197,240x295,360x442,480x590,540x663,640x786,720x885,1024x1258&from=bu&cs=160x0",2
1069c48cd321cf1fb22b6c93a095f442.jpg,"https://sun1-97.userapi.com/s/v1/ig2/lDuSdTbEqpDWLfngYDaNOCaLK3Ls9SK0KhUwd7gTQafOVcJYJZztz7KOz8XBltvRA1pQIL9XJgNHhSBfVbcvHIrJ.jpg?quality=95&as=32x40,48x60,72x90,108x135,160x200,240x299,360x449,480x599,540x674,640x799,720x898,783x977&from=bu&cs=160x0",5
e29b80c3a930d1f35aefb7ae34d32488.jpg,"https://sun9-8.userapi.com/s/v1/if2/8VaEvM2dhjlm-3AmpxX-TRdSFCE4KdUqw_nsAFBinjfPh0t_Rovrzqj9MgJTKwj9kMb-QAzjhQj34FfCjMmnE5f0.jpg?quality=95&as=32x21,48x32,72x48,108x72,160x106,240x159,276x183&from=bu&cs=160x0",1
1307be04881988ea4e49a5112c624651.jpg,"https://sun9-35.userapi.com/s/v1/if2/ndl63IKTDPwZorB2tpUBdvxJ7EFUggPmDrOeDJg2qNGmArlLEhgbH-uDxAMveDaPobqvdRUfdwH9ZC3voGTvS-zy.jpg?quality=95&as=32x31,48x47,72x71,108x106,160x157,240x236,360x354,480x472,540x530,640x629,720x707,1080x1061&from=bu&cs=160x0",1
5ef868a8304f770eed9d147cf16500fd.jpg,"https://sun1-19.userapi.com/s/v1/ig2/wtNagU7I8zLZgiKvzcRLE5NH9v2NWv39SblYpD4vFYF8qMv8-skIMH9rhN-6V97ikMkk5JiXZPdQVTROUbNIVnh-.jpg?quality=95&as=32x48,48x72,72x108,108x162,160x240,240x360,360x540,480x720,540x810,640x960,720x1080,1080x1620,1280x1920,1440x2160,1707x2560&from=bu&cs=160x0",5
8dadb9a3c278966565889ec32f556787.jpg,"https://sun9-70.userapi.com/s/v1/if2/sOatSb8pXbTFnQPi0oUmV1n0TzopqRdLOdCL-1V1jk0JRLgSK4wcFd5055MJE1BqHEbRJwDIZhZ5nHvUJHThcVg6.jpg?quality=95&as=32x27,48x40,72x61,108x91,160x134,240x202,360x303,480x403,540x454,640x538,720x605,822x691&from=bu&cs=160x0",1
7217810d7ac26cb688473b195407faac.jpg,"https://sun1-91.userapi.com/s/v1/ig2/BN9emu8Xz8UzQo2XKAjFSR8izuKXoJCh_w2t5Lb1uTjyyQSVIHpszmXd0NPuktr2GcFYVuim4_wM3ES2LfPuNsSd.jpg?quality=95&as=32x48,48x72,72x108,108x162,160x240,240x360,360x540,480x720,540x810,640x960,720x1080,1024x1536&from=bu&cs=160x0",2
af96d421235b910817f1fa943cb28193.jpg,"https://sun1-18.userapi.com/s/v1/ig2/fwqa2LERM99bKUddy_WNU5NCZkoo9uJFcKchYxqIAjiOPmWXztL3wghSqNCSEf20cr6tdsovPaxO5pTFwq53dbOk.jpg?quality=95&as=32x40,48x60,72x90,108x135,160x200,240x300,360x450,480x600,540x675,640x800,720x900,1024x1280&from=bu&cs=160x0",2
b366c18256cffd31a14da860fe770528.jpg,"https://sun9-9.userapi.com/s/v1/ig2/9QFubNW00TowyzRsQv1PleZ1uEGOJcrPRMT0BXxwjAP0fshbDew2o7xUPZV9nHhl8MVIXg8K-iYPjWY-KLUs5KtO.jpg?quality=95&as=32x58,48x87,72x131,108x197,160x292,240x437,360x656,480x875,502x915&from=bu&cs=160x0",1
55754db68e628d815eee62c9a6983599.jpg,"https://sun1-54.userapi.com/s/v1/ig2/AjF3Gnqdt8kyH_DURtFVgSdcYWVH6EZZI-6xTpn1nfVP1oxAS7PydIAtN7lGGhIA7NETh59ukKxijoK7LYd2LAu8.jpg?quality=95&as=32x32,48x49,72x73,108x109,160x162,240x243,360x364,480x486,540x547,640x648,720x729,1080x1093,1206x1221&from=bu&cs=160x0",5
69f9157a3369d29e18c8db9e5dd12f16.jpg,"https://sun1-25.userapi.com/s/v1/ig2/aXGmZFtdLCWJAflLRiIFQtVY8SgNdfZX6uyAB6cwG2tqlxsPf6bqwxgJVjfKlz1lo6eEZhWmTkt73LHNbtgpQmIU.jpg?quality=95&as=32x32,48x48,72x72,108x108,160x160,240x240,360x360,480x480,540x540,640x640,720x720,1080x1080&from=bu&cs=160x0",5
bf088a3b2e719d5c79528943f8c68a61.jpg,"https://sun9-32.userapi.com/s/v1/ig2/fP4gfw9aNqPltQyU2QjHDrt5sDTgLaYp2GfFQJGyVl0IOl5cHNsoLHFI266JncgRbLazqXEDze1DQo_ykCVSxEu_.jpg?quality=95&as=32x36,48x54,72x81,108x122,160x180,240x270,360x405,480x540,540x608,640x721,707x796&from=bu&cs=160x0",1
0bcb90a0ad54d67d1790093641354703.jpg,"https://sun1-83.userapi.com/s/v1/ig2/I7U06gJi4AYqjRJ34uuQH22MpMMsVPsw1CxGbgQMo17O3u2vg3ohGqc-qtcJO6gz7rkgKyumDQaq7tVhR6h5J8yO.jpg?quality=95&as=32x32,48x48,72x72,108x108,160x160,240x240,360x360,480x480,540x540,640x640,720x720,959x959&from=bu&cs=160x0",5
1e542046a1600579872aa215bdb31b08.jpg,"https://sun9-69.userapi.com/s/v1/if2/j61vGYYh00_XDSzQKauSC2l71MPJA7knlhl_ycczx6nLqQL-Xz4WuBEBkqrYOQJambdrfdHosMgtCr0eeE2C9g8u.jpg?quality=95&as=32x29,48x43,72x65,108x98,160x145,240x217,360x326,480x435,540x489,640x580,720x652&from=bu&cs=160x0",3
4ee37d5fe9736cbc9908768d1476d6a9.jpg,"https://sun9-15.userapi.com/s/v1/ig2/aZIDlgvneiUKFIGNcIeyqsTzTCttGltWAY96sKzk8iNkJz_4EOcoAGMQpNLfzg4bi8q3AnGpy8MFaBxIYKh8NH0M.jpg?quality=95&as=32x42,48x64,72x95,108x143,160x212,240x318,360x476,480x635,540x715,581x769&from=bu&cs=160x0",3
5494ee6c840ccdf9c8eff3df7f5ad05f.jpg,"https://sun9-11.userapi.com/s/v1/if2/Ffhxyv_5NTXouzkfK2Y0UJXstdr0B24sifAiF0INDOnW9vpLZ5_hTtWICTxRiyfV8YKRmn3oZSclyw8JPcPvvn4E.jpg?quality=95&as=32x28,48x43,72x64,108x96,160x142,240x213,360x320,480x426,540x479,640x568,720x639,1080x959,1280x1136,1440x1278,1443x1281&from=bu&cs=160x0",1
c03cc95272aa63a285dd61b34d3911b2.jpg,"https://sun9-28.userapi.com/s/v1/ig2/qUFPZeNYUhcb1jUCfASMzAH1TooJ5P3VJx6GOmq4Syd36_Ut-cEEH1qCXKip-LmQVlXSZbdv3DpaQm7cFXs453mP.jpg?quality=95&as=32x37,48x56,72x84,108x126,160x187,240x280,360x421,480x561,540x631,640x748,720x841,826x965&from=bu&cs=160x0",3
abfa719cd611a046613ef6310bbbd7ae.jpg,"https://sun1-88.userapi.com/s/v1/ig2/wnQlIL6T-DH3Y8izndtjLX8dK4iIgul2EHHlws7yK2SuuV_-ACfiL2Lkh4W88urXqvjpf36AosxskdO45i5Eta7k.jpg?quality=95&as=32x51,48x77,72x115,108x173,160x256,240x384,360x576,480x768,540x864,640x1024,720x1152,800x1280&from=bu&cs=160x0",5
b84dd76f552f47ec4df4f1fb10f4e442.jpg,"https://sun9-77.userapi.com/s/v1/ig2/ZHXDRtacT6IU3t7C9L1ciihHnLIfLvFlJqSjVm_BDwkrTrCbl1FddPZF3Un1R_fAc1hnzEH7Ky8X98N_-mHsC1bT.jpg?quality=95&as=32x32,48x48,72x72,108x108,160x160,240x240,360x360,480x480,540x540,640x640,720x720,1080x1080,1200x1200&from=bu&cs=160x0",0
6a852f2f78e0742978832e421f928c06.jpg,"https://sun1-83.userapi.com/s/v1/ig2/bMW9LMjg-DThmEa3O9oX8r0E4bi_1uXiIcoZGpFxk-Vw8abVxoOKWmoPkpy4qxopZ-EAyg1f9J9VyVJMlUvO-wNA.jpg?quality=95&as=32x32,48x48,72x72,108x108,160x160,240x240,360x360,480x480,540x540,640x640,720x720,1080x1080,1280x1280,1440x1440,2160x2160&from=bu&cs=160x0",4
b073b797cbabf292911938226caf78c0.jpg,"https://sun9-15.userapi.com/s/v1/ig2/gEQz9zP1VpFdNr-IjsulH12t27yJgCX7-8Whl8xkAROQ7kTA-Da0fv_CuRTo0xoHUcXh4-aknv7A78--ctr2oDT1.jpg?quality=95&as=32x35,48x53,72x79,108x118,160x175,240x263,360x394,480x526,540x591,640x701,720x789,809x886&from=bu&cs=160x0",3
90bc9ceb4b1707d425daabaf74b686e4.jpg,"https://sun1-88.userapi.com/s/v1/ig2/KDlK82xPN8Cy6vEGIDq1BZ6u8viBYiCscEoeY1Z2qhfmHjYJ9W4HiA7CLwPfSUSzhXSGg60jWMZW64Smuu-3i92L.jpg?quality=95&as=32x48,48x72,72x108,108x162,160x240,240x360,360x540,480x720,540x810,640x960,720x1080,1024x1536&from=bu&cs=160x0",2
253f3dc6f6cfbaad38681517bc246996.jpg,"https://sun1-14.userapi.com/s/v1/ig2/pStvQD7BxmRIIZToLGDfI1d0_A5_W2K1XUec_0CAMVqbacwGIeAAvzwKSyTLb25V4Y8mrrbkK82zuVko1dOMMcVD.jpg?quality=95&as=32x43,48x64,72x96,108x144,160x213,240x320,360x480,480x640,540x720,640x853&from=bu&cs=160x0",2
573f3e298a9d8307176ac37a23c2b0d0.jpg,"https://sun9-64.userapi.com/s/v1/ig2/tu-S-qScL67prEP6NNktxQVAFo4AsYWxnC57kqeD3L9CjZUG6oDBxgB3dywWUmsf5kUGQaS2nNBmjz8X5Jb6Atp4.jpg?quality=95&as=32x32,48x48,72x73,108x109,160x161,240x242,360x363,480x484,540x544,640x645,720x726&from=bu&cs=160x0",3
2cfff1228901621dd832c4c0ac70197d.jpg,"https://sun9-63.userapi.com/s/v1/ig2/spodr7SXivKlSBUlxPwHalK4LDIvrshGJT_A9kFftqXBqk5fj9udZaVM5r96etCHJE5c1qfWz3cU4PKQAh68252_.jpg?quality=95&as=32x35,48x53,72x80,108x119,160x177,240x265,360x398,480x531,521x576&from=bu&cs=160x0",1
09b8eb86654781fdbced302530f73f8b.jpg,"https://sun1-14.userapi.com/s/v1/if2/86nCypCOAGHHyq7d_iqhDYbrunI75uKQB1TDvz7xnj8oXaVs634vKU4VQ0ltaGD7RSuEqGtXtE34kk7FHTxGoaVV.jpg?quality=95&as=32x21,48x32,72x48,108x72,160x107,240x160,360x240,480x320,540x360,640x427,720x480,1080x720,1280x853,1440x960,1536x1024&from=bu&cs=160x0",2
67eef38df72207e3e983dc3bbe235a7c.jpg,"https://sun1-14.userapi.com/s/v1/ig2/xtnfM-i1b2K6-29m8HAciz73fiUBix88TPdbaAYY7ouSgoA-mUazcFun0dc1AD9gYPuSOE4efw_t3bxqnRhGeowN.jpg?quality=95&as=32x48,48x72,72x108,108x162,160x240,240x360,360x540,480x720,540x810,600x900&from=bu&cs=160x0",5
a3a4558ac57b50e125173dafd26ca99d.jpg,"https://sun1-29.userapi.com/s/v1/if2/yA3WBB1lnIJP9uYdm3UZZaZoEKXVTm6R7xD_rGcuGjEpJ73tf6dYAoC5K5ojcoxHkbThzkilfTmdxeiLEeauljqP.jpg?quality=95&as=32x24,48x36,72x54,108x81,160x120,240x180,360x270,480x360,540x405,640x480,700x525&from=bu&cs=160x0",4
39d8a7b2e361eb710f089ad689eec635.jpg,"https://sun9-56.userapi.com/s/v1/if2/eYRxHUU8NXRPbokI6gLybt9EPpGmKlMrW1Rh3Z8_zfNohqeIFoRVmsqXLCne3oCbuac9Kk5L4cY0V-sPVC80gswT.jpg?quality=95&as=32x19,48x28,72x42,108x63,160x94,240x141,360x211,480x282,540x317,640x375,720x422,796x467&from=bu&cs=160x0",1
001b91957d5b125d225a3597f821f3af.jpg,"https://sun1-92.userapi.com/s/v1/if2/mYd9LSmsV0jDEpXz3rgRUATeYh8VkgieYaLZ4P2SwBBgLQwHS5pV5g33_fqg7bz9Rb3-IIxAYqHHvTVhYViA-HHv.jpg?quality=95&as=32x21,48x32,72x48,108x72,160x107,240x160,360x240,480x320,540x360,640x427,720x480,1080x720,1280x853,1440x960,1536x1024&from=bu&cs=160x0",2
187f5f0b911612d79fbc8de7cdc694e7.jpg,"https://sun1-21.userapi.com/s/v1/ig2/yp0a18ViCVDwIYZk2L3GeQ_gVSU5Wq-byNto4QFKtnB0zLwBccvrxBqmn6yPd9WTkNh4C1p2O4j0n7BlRg1IDi8v.jpg?quality=95&as=32x48,48x72,72x108,108x162,160x240,240x360,360x540,480x720,540x810,640x960,720x1080,1024x1536&from=bu&cs=160x0",2
807e5ad78c805e7cbe2ce5fc41352fb5.jpg,"https://sun9-52.userapi.com/s/v1/if2/utqPZWZfIdJeSRPKG-_YU3tBihKBwiAz8tMw3Yw_F5ejfToAqv4c32qD2dU44O3xE_Z6zqBZp6KkXc6viUUl5arZ.jpg?quality=95&as=32x21,48x32,72x48,108x72,160x107,240x160,360x240,480x320,540x360,640x427,720x480,1080x720,1280x853,1440x960,2560x1707&from=bu&cs=160x0",0
1a1e64a723889ba1e3f785a1451a4133.jpg,"https://sun9-41.userapi.com/s/v1/ig2/0J8C6LmgzKVBr6Kk33U6vd_W70yw8n6GxrmfVlAuol9jmsQ16QoossmU1wOXLu17jQmVZ778b0aknPuECqKElEN3.jpg?quality=95&as=32x32,48x48,72x72,108x108,160x160,240x240,360x360,480x480,540x540,640x640,720x720,1080x1080,1280x1280,1440x1440,1800x1800&from=bu&cs=160x0",0
a13b9a366eb80ea91df612c6a5bb832b.jpg,"https://sun1-87.userapi.com/s/v1/if2/NqLXUMLwzrB3XNyKT9UXuJ1mGMFy7_5LobAAWwdYKJuoVDV48c1hqT058QTOZ1ikGF7KATJrqv9IU7Xq-i-zLT6-.jpg?quality=95&as=32x29,48x44,72x66,108x98,160x146,240x219,360x328,480x438,540x492,640x584,720x657,1080x985,1180x1076&from=bu&cs=160x0",4
aa74bdee20a00a2913eca21e44b8206f.jpg,"https://sun9-80.userapi.com/s/v1/ig2/LFG2pxvvVCcISMxLw9xAT37IRm8DVN0WLd9s96z3e5Aswg0yPN31judKdMtX2SVa9Lfr6Wm2uouTHzvsPEhiyjEw.jpg?quality=95&as=32x32,48x48,72x72,108x108,160x160,240x240,360x360,480x480,540x540,640x640,720x720,1080x1080,1200x1200&from=bu&cs=160x0",0
0612f9ca2883167d2469b058fc6058ba.jpg,"https://sun9-61.userapi.com/s/v1/ig2/lSK7KIT84xfsPlLpZ_Y4D4W2ORpz7Bk1tugBQuOkvoeVRlPT-M1rIhrRXJLITNsFJi89U2ybZTBRLuw8uBardk6E.jpg?quality=96&as=32x57,48x85,72x128,108x192,160x284,240x427,360x640,480x853,540x960,640x1138,720x1280&from=bu&cs=160x0",6
eb9bc640f5d61e05d7940a9060981317.jpg,"https://sun9-6.userapi.com/s/v1/ig2/xfPTKd3ag6eSkaEF82SBOg_H0ho76BoF7n-GdXHaT1eHNgF73MbOCaUvGzH6SKHZ_ViiDBDODJXcbU7kMJAzZV21.jpg?quality=96&as=32x40,48x60,72x90,108x135,160x201,240x301,360x452,480x602,540x677,597x749&from=bu&cs=160x0",6
b071dbc6672f5c24c556ffa5d7342629.jpg,"https://sun9-58.userapi.com/s/v1/if2/Iv0TjcpNT9RXVdhcRqBcD8o4LZ0JrcHonfOsz63uyH-BaWLItDAcZfMJV7OBsyzpjwWRNDYMLmHY3tH4EtbHfiyq.jpg?quality=96&as=32x20,48x30,72x45,108x68,160x101,240x151,360x226,480x302,540x340,640x403,720x453,868x546&from=bu&cs=160x0",6
1e57a9d82d3537f52b13f68b92da0591.jpg,"https://sun9-62.userapi.com/s/v1/ig2/V6SzEGB0xyZh_xZSdbnCgaVorpNOTOz1mqn6dDhCPP70N8PQGc7vJvlpuX-zn93lgHhXZfvI5ghZR5d-Yt3lvf0Q.jpg?quality=95&as=32x41,48x62,72x93,108x140,160x207,240x311,360x467,480x622,540x700,640x830,720x934,1080x1400,1170x1517&from=bu&cs=160x0",6
4f5ee3fd1b8862f0e57536e737f6f817.jpg,"https://sun1-16.userapi.com/s/v1/if2/SMhng8vYRQqL5Lxo8OTSurARAuRCwA79QtAyYFvI0T46tu2Ur8ZzFr73uX0KNqy9m44gNmmta0ZVnuE-U3CQ08NS.jpg?quality=95&as=32x18,48x27,72x41,108x61,160x91,240x136,360x204,480x272,540x306,640x363,720x408,1080x612,1280x726,1440x817,2072x1175&from=bu&cs=160x0",4
85ce3deae4c3c9c89484dfa9c97b95b6.jpg,"https://sun1-97.userapi.com/s/v1/ig2/1fLL-yFpolnrpgB4WV1KEmUPfgVIi30Z2Za-X_uuKue8XBUHp0h1oy6XQgJY4v093XeZq4sU-FDbbkydYdjy9H1B.jpg?quality=95&as=32x35,48x52,72x78,108x117,160x174,240x261,360x391,480x522,540x587,640x696,720x783,1080x1174,1280x1391,1440x1565,2355x2560&from=bu&cs=160x0",4
5de77885864dea0843cd15b4c2e9fc96.jpg,"https://sun9-38.userapi.com/s/v1/if2/vTZvignmjTLkZmsOMPAue9pdBhQ3C0JXcL9AZiu-88hZ0IXNCQiJ1gWxrN4fcbMGd-LmozUU1ZJqBWqytvnN8oAi.jpg?quality=95&as=32x30,48x45,72x67,108x100,160x149,240x223,360x334,480x446,540x502,591x549&from=bu&cs=160x0",3
ab78fc73d65277b5ba23e7021dfb09f9.jpg,"https://sun1-27.userapi.com/s/v1/ig2/J_Av874UTl6DgPebKxUsXI0xtAeqqE72zUKufsb8wHHvDd-0_vsRYCbsa3hdi72J4o5i37a3B5ypHeEn1Ud19ocp.jpg?quality=95&as=32x40,48x60,72x90,108x135,160x200,240x300,360x450,480x600,540x675,640x800,720x900,1080x1350&from=bu&cs=160x0",4
522d7fe0f06200ccb0cc12a49487f6f0.jpg,"https://sun1-19.userapi.com/s/v1/ig2/d8SuhRvJzvRjLF6EalH1bLAbBxR26XmEBp2K2liaoLvGan-6I2gdM9jlTi-2vsiPx9bz7n0EsqoNuquMSqbdGmcR.jpg?quality=95&as=32x32,48x48,72x72,108x108,160x160,240x240,360x360,480x480,540x540,640x640,720x720,1080x1080,1280x1280&from=bu&cs=160x0",4
6fa3b2cd07c2bacc59b3f2d728b99b9c.jpg,"https://sun9-40.userapi.com/s/v1/if2/y-0dyPN7gU8BvXfxZ84hNzVSfSsfBfMKRDtPxnWaR4u8Yr-rajRCLIlnN-Pli7CGPKQPPG0nYs6VaqhyT8OXFnbg.jpg?quality=95&as=32x15,48x22,72x33,108x50,160x74,240x110,360x166,480x221,540x248,640x294,720x331,1080x497,1280x589,1440x663,2560x1178&from=bu&cs=160x0",1
18c0b7887007cd007fe901137e56cd8a.jpg,"https://sun9-47.userapi.com/s/v1/ig2/_loaLjJ4SW_bZvOjkKXNRX5O63mdMdPeei38fvOjR8qlu4NNsNdLYANxFU-cUfKAYpDMsTEZvx93U2UyjVvj8EN9.jpg?quality=95&as=32x32,48x48,72x72,108x108,160x160,240x240,360x360,480x480,540x540,640x640,720x720,1080x1080,1280x1280,1440x1440,1800x1800&from=bu&cs=160x0",0
413a5deda951e7d2bbc0a7dbb07837a7.jpg,"https://sun1-26.userapi.com/s/v1/ig2/Bcg_fsaPDjSUs3vdjAvkm4M0QgI1Mv7KKdgKCrNQRuGcHPHA7-BDPYeV1xYwArVp70lasUZaQEBQQPJUiB3_Aktm.jpg?quality=95&as=32x32,48x48,72x72,108x108,160x160,240x240,360x360,480x480,540x540,640x640,720x720,1080x1080&from=bu&cs=160x0",5
1ef2bddce2a1328cadf23bdfb8f9bab9.jpg,"https://sun9-61.userapi.com/s/v1/ig2/nPWus2Nxeg7Mf3Lx4E27AKDc-bL1XOgkL58ax71thIYXn5qYFG-aDSGTCxyafNBBHFvWnXNfoWIFkqJUw88oLdhT.jpg?quality=95&as=32x32,48x48,72x72,108x108,160x160,240x240,360x360,480x480,540x540,640x640,720x720,794x794&from=bu&cs=160x0",1
d103c4ddec6fb70a2147fb0119903962.jpg,"https://sun9-40.userapi.com/s/v1/ig2/8tpWQcui6d6s6bBGb1eYzUr6HWNTXeqJnmrUHJBkDaG4vlsi8D-8o-hsNrj_leE0LxHr0VpHWTB-XboWiwx1IXU_.jpg?quality=95&as=32x40,48x60,72x90,108x135,160x200,240x300,360x450,480x600,540x675,640x800,720x900,1024x1280&from=bu&cs=160x0",1
60148258bf91a0d89f918fe788de6db3.jpg,"https://sun9-25.userapi.com/s/v1/ig2/Ht56aE5jBLb1TBPElr5Tw8MSfIrU0-qazlhzV6l9IAc_mmdCGLwI7cFWU1p4HlXifOzkXWMBVPDjWLeGoR4W841q.jpg?quality=95&as=32x32,48x48,72x72,108x108,160x160,240x241,360x361,480x481,540x541,640x642,720x722,830x832&from=bu&cs=160x0",3
6b96e5f39afb4b38c10baf9ed58681c0.jpg,"https://sun9-62.userapi.com/s/v1/ig2/M0eOBI3sSjbXirT6ct7RCc9VNKKQmjNCuPDVrfk9DSK13sOyzkbnbpA-Omq3EVk1WthvPBmK-6nBT3Bcefxsjd1X.jpg?quality=95&as=32x38,48x57,72x86,108x128,160x190,240x285,360x428,480x570,540x642,601x714&from=bu&cs=160x0",1
bcfcfc99dc507db2a64e7ecbdcb932f5.jpg,"https://sun9-58.userapi.com/s/v1/if2/KYzvdgfBks9HEf7F_tIAJOaJnDXUGT02KgnxPSJ4dvqSC2hFB21HsX4Eqz-0n4NQDxJvo6MxHlvQ_dnEssLVEmSR.jpg?quality=96&as=32x22,48x32,72x48,108x73,160x108,240x161,360x242,480x323,540x363,640x430,720x484,836x562&from=bu&cs=160x0",6
fecc1d7855d87e217f1a5538464c372d.jpg,"https://sun1-95.userapi.com/s/v1/if2/uzWOM6HZ0l7NaensuouuEZX2x5F0InFw57MeFa-JQwwi1lLDnmB8Xmoale4i0z1tBlhHI9OzQhnlX9B1p4NNRU5y.jpg?quality=95&as=32x25,48x38,72x57,108x86,160x127,240x191,360x286,480x381,540x429,640x508,700x556&from=bu&cs=160x0",4
af8b6750604133ba9cecd13339bb5374.jpg,"https://sun9-35.userapi.com/s/v1/if2/RUwHcUzhm0Kdpa8xiZ_hZxME_fmhUrmzBcYR1TBjoBeD3dMgaSosrwmkmUAuqhxB8g1bfNHf0NHg6MBWPKRGa0Lu.jpg?quality=96&as=32x29,48x44,72x66,108x98,160x146,240x218,360x328,480x437,540x491,640x582,720x655,1080x983,1222x1112&from=bu&cs=160x0",6
068a030593660ac3c1522b546d0f0525.jpg,"https://sun1-30.userapi.com/s/v1/ig2/KXJSuD43HGCob5yLANpX3Yk8pFyoLN7zGQg3ufgtBTVym8xQjSYMkmrRZ9QhOosI7l6HPGcvKWEwGk7mi6wkZ2Ri.jpg?quality=95&as=32x34,48x50,72x76,108x113,160x168,240x252,360x378,480x504,540x567,640x673,720x757,1080x1135,1280x1345,1417x1489&from=bu&cs=160x0",2
53be168eac0a46ebd95d43810c80161b.jpg,"https://sun1-26.userapi.com/s/v1/ig2/NQo1kVN71Sfi1n1XMJcsLgMzVzUXbFA6M9NA04HMhKsDNSjvNVBeqUhwUHqeRyW6FyBksLEEQFmR0LpyfTnox5AV.jpg?quality=95&as=32x40,48x60,72x90,108x135,160x200,240x300,360x450,480x600,540x675,640x800,720x900,1080x1350&from=bu&cs=160x0",4
5cfbd3be9f25dcb2c00c3d0d6fd02ad4.jpg,"https://sun9-31.userapi.com/s/v1/if2/Mkh1_eWxQ3X_McstIY-6EXoDzAs994Uy0fDsRsIlfkCzErrWZoQku4odOp3M-Nu1wcupxFnhlHL7B9xOQ2iMsAsz.jpg?quality=96&as=32x24,48x36,72x54,108x81,160x119,240x179,360x268,480x358,540x403,598x446&from=bu&cs=160x0",6
b350904782308ea043c31433424ca798.jpg,"https://sun9-52.userapi.com/s/v1/ig2/L1LbFVVocu81FqpyB8XoRAHyB-U4X2st7Ne7mjnpcuoFBGR0gB1Xlveu9VGGwdE62r5JlHorCyncM75LtmVQ9SwG.jpg?quality=96&as=32x37,48x56,72x84,108x126,160x186,240x279,360x419,480x559,540x628,640x745,720x838,868x1010&from=bu&cs=160x0",6
4cbe59ef6b06966a49a5938a8d4ba164.jpg,"https://sun1-93.userapi.com/s/v1/if2/IfW1Y0hzxbYFxreXGI3ni0dvpUfHRUFujt6IXkxUkaLvwNsPwcdFIqrTNHtyvhGp2G4AlVMEU-XajzoW7LJm3hO_.jpg?quality=95&as=32x21,48x31,72x47,108x70,160x104,240x156,360x234,480x312,540x351,640x416,720x469,1080x703,1280x833,1440x937,2560x1666&from=bu&cs=160x0",4
9ca0d795b6b6ac7ddf3547a61edfa0a2.jpg,"https://sun1-47.userapi.com/s/v1/ig2/f74EdtMZn5cbLwFHluq8rJA8Q2Ub4KzEdsb69LnXrDRrBKm28KDDdtKEQLU3Ew0Wp3EKm3FKuX_3WKspyfjN3HCQ.jpg?quality=95&as=32x43,48x64,72x96,108x144,160x213,240x320,360x480,480x640,540x720,640x853,720x960,960x1280&from=bu&cs=160x0",5
cf96c7ee156eaccec992a0173adbc67d.jpg,"https://sun9-85.userapi.com/s/v1/ig2/GeSAYW0nddsxDz91wAptV7VmSp_Nms0YwZE1IYL6baKG11a1C4UdfMmB21wsEWe8lZIiYL6tJS3LhwAjw8CSAbJr.jpg?quality=95&as=32x48,48x72,72x108,108x162,160x240,236x354&from=bu&cs=160x0",3
831ef75a76e8aab61919f14043afea15.jpg,"https://sun9-80.userapi.com/s/v1/ig2/PJ27XkOMG6JJ3t5vFf-iNJLNJD2yjsIyHw0Fdd1YOeGhhGaq9iIZ7yi-s9dAjib2UYtEg6G_Sfk5icxXau8o1mrG.jpg?quality=95&as=32x32,48x48,72x72,108x108,160x160,240x240,360x360,480x480,540x540,640x640,720x720,1080x1080,1280x1280,1440x1440,1800x1800&from=bu&cs=160x0",0
62ddc5e0294ea1273e95a085430c470a.jpg,"https://sun9-68.userapi.com/s/v1/ig2/vMhxebPQtPrIQ0orIekPgLS6TKkfOK4ns_WpQS7BiZ0bciK6X6l0bAofmKu7nr1e2hm3mQ4mLb6kSsnO63bG1H2f.jpg?quality=95&as=32x32,48x48,72x72,108x108,160x160,240x240,360x360,480x480,540x540,640x640,720x720,1080x1080,1280x1280,1440x1440,1800x1800&from=bu&cs=160x0",0
c38d70249fde628aab120fb2bd285b18.jpg,"https://sun9-26.userapi.com/s/v1/ig2/m1_mqpmSz9nONJeDBnerTLuTjWHZlEp4xIngeRDIjc3JW1l01Q3bUKc8sjTW2trT6nvp6Xbuhxr4DS0RZi_fEQI8.jpg?quality=95&as=32x32,48x48,72x72,108x108,160x160,240x240,360x360,480x480,540x540,640x640,720x720,1080x1080,1200x1200&from=bu&cs=160x0",0
62e914c644fc8805401559757921eec1.jpg,"https://sun1-25.userapi.com/s/v1/ig2/42Kc4iBd6Xn9okWAUW-R8iFRoXwQiRTgWrj1OaUmQzCNX3F9DAbTWcwb27rEXVrRJWogcLIu_s0vhsxE3mrqj7t3.jpg?quality=95&as=32x40,48x60,72x90,108x135,160x200,240x300,360x450,480x600,540x675,640x800,720x900,1080x1350&from=bu&cs=160x0",4
65f15d752a1263733f249718c22aacbc.jpg,"https://sun1-25.userapi.com/s/v1/ig2/SbVLYSnxRb9bPEBa0YAvX-nLaBl-ZtLITUuzE_xerMAKjL62NZffMcuiozABlDmNEZtg_Y6SHN-b5V4RuwmBwmK8.jpg?quality=95&as=32x40,48x60,72x89,108x134,160x199,240x298,360x447,480x596,540x671,640x795,720x895,1030x1280&from=bu&cs=160x0",2
6840b0a9c1e5b475c36cd16f9c94513c.jpg,"https://sun9-11.userapi.com/s/v1/ig2/1xDAlTyHipAnbQ1aofPLvV288OYKVKNAPiyE6oyBtgpjAGK9H8GlAJi-_HNs5jsXMaJdzeDp_1o0O_K7xHDxsUcY.jpg?quality=95&as=32x32,48x48,72x72,108x109,160x161,240x241,360x362,480x483,540x543,640x644,720x724,830x835&from=bu&cs=160x0",3
19670152dd83fc365b735a3f7a9e161d.jpg,"https://sun9-38.userapi.com/s/v1/ig2/MDHPG3JdtBenJv8RxrkDZx6v2zqcv650Qyk0PqZ7RIJW-8JxF_tQF_LcYRhevg2lwkica6sImXyVoFCHSL8b_vUy.jpg?quality=95&as=32x32,48x48,72x72,108x108,160x160,240x241,360x361,480x481,540x541,640x642,720x722,802x804&from=bu&cs=160x0",1
836a15b7793315118dc66d061663a951.jpg,"https://sun9-15.userapi.com/s/v1/if2/GpwT84VHysdG9a3YeDRKkfC_CItrbWUjYuNEr7-TzS3oj8IE9UxpsER8Q5g7XJFQ6xRqRMb5XuAci4dAI7noYFhb.jpg?quality=95&as=32x21,48x32,72x48,108x72,160x107,240x160,360x240,480x320,540x360,640x427,720x480,1080x720,1280x853,1440x960,1620x1080&from=bu&cs=160x0",0
83a74dbe13552da46e600a7ec7887ad6.jpg,"https://sun1-57.userapi.com/s/v1/ig2/OZ7sEBhewoK1m1NECy0SnNy7mfND-xGmQNS0aSBF1D75qglSqhKSyj3hIW5Af6H1OSv6QpYnT_gEG0X5GoUkNCty.jpg?quality=95&as=32x48,48x72,72x108,108x162,160x240,240x360,360x540,480x720,540x810,640x960,720x1080,1024x1536&from=bu&cs=160x0",2
0517e1195277864d0f44267c6b997c0b.jpg,"https://sun9-70.userapi.com/s/v1/if2/Q3tp8m-cIutJHKDg6XKNZWb1oZOBLbcMvbf4kgBb-NK1IixrA9HzlX3q3p9CUkDXAY8X4DsDEHChHcguWQeeCsuP.jpg?quality=95&as=32x21,48x32,72x48,108x72,160x107,240x160,360x240,480x320,540x360,640x427,720x480,1080x720,1280x853,1440x960,2560x1707&from=bu&cs=160x0",0
4761aa344c563ae07c5dea42d7bb6d7a.jpg,"https://sun9-41.userapi.com/s/v1/if2/Qe2rMQWLDb4drUlwQEyPpClX92YhL6AJdX3GN_yAyuJiEjgyiMUAXMAQm8ewANII_HQQL9jxF7q_VX62YVE9h4wg.jpg?quality=95&as=32x21,48x31,72x47,108x70,160x104,240x156,360x235,480x313,540x352,640x417,720x469,1060x691&from=bu&cs=160x0",1
83a11d0daba6aa3e5e925cb7b4746097.jpg,"https://sun9-14.userapi.com/s/v1/ig2/mBkxThorEyyYsdeG7ztwnzrdifktsukjv6043rcBSh3NV2DYQSIhfqaxU_RFbzqXbyoqnqpZS3xf6MdqW83Z5Ko1.jpg?quality=95&as=32x32,48x48,72x72,108x108,160x160,240x240,360x360,480x480,540x540,640x640,720x720,1024x1024&from=bu&cs=160x0",1
606c03a7c6d8e7b423811dced3a62593.jpg,"https://sun9-12.userapi.com/s/v1/ig2/W3oX1sSO3J5Bx-QGXpqhM1aAIiXu5W6SmRLscnD5dAhEU9aAT34FOV4WEb92T9a0ogYnLkyRe5ryqDlHq1gXLNSy.jpg?quality=95&as=32x40,48x60,72x90,108x135,160x200,240x300,360x450,480x600,540x675,560x700&from=bu&cs=160x0",3
fec3a3a23f0b0cc9caacdccc025cbecd.jpg,"https://sun9-14.userapi.com/s/v1/if2/1-z4jAuxkoqgcdDyEzkUzsMhtYqJY7hAP8mhW9bOsIOdlhFg2aeit2hRC0PjE-iCj_-6CsuFwWjlCVKo8gzA69Up.jpg?quality=96&as=32x23,48x35,72x53,108x79,160x117,240x176,360x264,480x352,540x396,640x469,720x528,772x566&from=bu&cs=160x0",6
ce48f13b51d6c39046d35f1ef6909547.jpg,"https://sun9-23.userapi.com/s/v1/if2/ttlTLJn1oELEul4pO46vEdSzOBcvJ7UH0h_0H63o0OLCMxzQuMwbMXm7dODEiZ3Bx19kACIIkc3klFfAK1olTpCH.jpg?quality=96&as=32x30,48x45,72x68,108x101,160x150,240x225,360x338,480x451,540x507,640x601,720x676,1080x1014,1172x1100&from=bu&cs=160x0",6
23f78d912ccacbe731eb694beece2808.jpg,"https://sun9-55.userapi.com/s/v1/ig2/xAv__HRwOjt8RO7DFxwACz2AA_IM0uDiBXLTWec1w_fKCDR6Xi_0_GFP1ahqddwp0XJS_4fMfRJ__DzYV-bKuafI.jpg?quality=95&as=32x36,48x54,72x81,108x121,160x179,240x269,360x403,480x538,540x605,640x717,720x807,1080x1210,1280x1435,1440x1614,2284x2560&from=bu&cs=160x0",6
e2d996fb4ecb408b8082cc0254c87a98.jpg,"https://sun9-20.userapi.com/s/v1/if2/kaAlm28xO2kXPH_tFmVEgOKFMtLXDYS-F4mg5YECNYoNlQqdUX_1ItiKOJ-LuO9x9FOReVTtBDySgm7D7QBsR-qb.jpg?quality=95&as=32x28,48x42,72x62,108x94,160x139,240x208,360x312,480x416,540x468,640x554,720x624,1080x936,1280x1109,1440x1247,1480x1282&from=bu&cs=160x0",1
e96b8a1e42ffb3046540f1b463ac83cf.jpg,"https://sun9-39.userapi.com/s/v1/if2/PotLwv8PVKH2CoqZ0mp8CdBDqhii0jmt9AVK4jvvNA6fotF-AkvGEkXWJDoQTNx3J-Al-3vYTd4UPVqP3P79CGjl.jpg?quality=95&as=32x18,48x27,72x40,108x61,160x90,240x135,360x202,480x270,540x304,640x360,720x405,1080x607,1200x675&from=bu&cs=160x0",1
d4a3c1bddb9fd29226de2c71d8ad609f.jpg,"https://sun9-87.userapi.com/s/v1/if2/grOibf3_XZA3lM1E9yRrBH_ZxmZZcwbPML1WdiHSdzjt2BCKGSLz-p7w8uhJ79QLDZeWS5oNpV3Hqu-xOSLrJ2cn.jpg?quality=95&as=32x27,48x41,72x61,108x92,160x136,240x205,360x307,480x409,540x461,640x546,720x614,830x708&from=bu&cs=160x0",3
fec9e1ba2bd8a153599569f117214d2d.jpg,"https://sun1-30.userapi.com/s/v1/ig2/4QNrH32UbLYuJSgIRsX9m57TUeTBQWh5PLmEm4yeb6rUdagev2FxZaoJMjoDf15bqvErB90D6qv95QsgtO-pkAt6.jpg?quality=95&as=32x41,48x61,72x92,108x138,160x204,240x306,360x458,480x611,540x688,640x815,720x917,1024x1304&from=bu&cs=160x0",2
cfd9f9a757b61d974be9a64bb3f4599a.jpg,"https://sun9-5.userapi.com/s/v1/if2/2-erZl42ueW820FAgmU85bcZDhi5p2iHdEwtKltlUeUHT5zjWrMTFKurxnF4nu9m9cNq_RK8H_jN0-1jFyecM-ao.jpg?quality=95&as=32x28,48x41,72x62,108x93,160x138,240x207,360x311,480x414,540x466,640x552,720x621,1080x932,1280x1105,1440x1243,1484x1281&from=bu&cs=160x0",1
09833569fbdb690739ab7a038c71ca20.jpg,"https://sun9-31.userapi.com/s/v1/ig2/4kNSy2mDhEZQhQ6RAieHRwShooMUcXqqTMw1cIfEWRfcRvQDEL5PupiWpGH_Vf5eWmb6BTP_1ml2QxmFc9lbi60a.jpg?quality=96&as=32x32,48x48,72x73,108x109,160x162,240x242,360x364,480x485,540x545,640x646,714x721&from=bu&cs=160x0",6
065c985027ee6d92389a4bb6e7dacff3.jpg,"https://sun1-54.userapi.com/s/v1/ig2/1aq6jmftZuwW2tYKVBen4q1SuZKIHcQ1PYS1wsWQermwaTYAidJcfkqogv1bUjp1SSqOrtke9bGKU_HMLi6PSYDq.jpg?quality=95&as=32x40,48x61,72x91,108x136,160x202,240x303,360x455,480x607,540x682,640x809,720x910,1013x1280&from=bu&cs=160x0",5
9f7da6c959f3cf5e717ee48aaf1f8346.jpg,"https://sun1-29.userapi.com/s/v1/ig2/8qgzyXmQuvXz5sFZ_2TUyWqbNNXdm1ZoxZ6lu-zZpb8rhsSbgj4hRmE1-vUBg44Qp0lUFo9bkrFoh8EcMFt2uvBs.jpg?quality=95&as=32x32,48x48,72x72,108x108,160x160,240x240,360x360,480x480,540x540,640x640,720x720,1080x1080,1280x1280,1400x1400&from=bu&cs=160x0",4
14fd28e18e2f731fcbda061575940cfe.jpg,"https://sun9-19.userapi.com/s/v1/ig2/sD68EaBHZZysYTMGB0KL0xJH_1Pli9g_ORFwv6BSnwbJk0TIM_pQ9xacoM2oB4YpyD2GtKsvRqwt3z384YesIipv.jpg?quality=95&as=32x34,48x51,72x76,108x114,160x169,240x253,360x380,480x506,540x570,640x675,657x693&from=bu&cs=160x0",3
a104586a83c8255b0cc03c3ef63d2fc4.jpg,"https://sun9-79.userapi.com/s/v1/if2/-a_2JBtEB-C50sfhvlLMXZc3Dpn3uCZwtFdKMg5GjD9tKvHaZ3_6x8cIRgTn0zJ5vN2Kr5JHBytbOHZm-ZuTghru.jpg?quality=95&as=32x23,48x35,72x52,108x78,160x115,240x173,360x259,480x345,540x388,640x460,720x518&from=bu&cs=160x0",3
499f1a3821d4f06383b931d49a9a7936.jpg,"https://sun1-91.userapi.com/s/v1/ig2/YGK1_tid7LqxqfbZEVDp-Fpdf0iGvuIbYbdQfKvEL2cKtwrU0D8hAj9qDOMEpDB_s3Rn6mwge2YbUA78IdzO3ue3.jpg?quality=95&as=32x32,48x48,72x72,108x108,160x160,240x240,360x360,480x480,540x540,640x640,720x720,960x960&from=bu&cs=160x0",5
5269a16e7d6dfd099fe17e816a01c418.jpg,"https://sun1-19.userapi.com/s/v1/ig2/fF8A8sMcormT1WdDUR7RI8snZJNrLsU7RnnuaQBZWF21DcuCZAEB3R0D2V1JgIgJBfWMzyydHDPcCyGladmLuPhA.jpg?quality=95&as=32x57,48x86,72x128,108x193,160x285,240x428,360x642,480x856,540x963,640x1141,718x1280&from=bu&cs=160x0",2
18e62b7c53a8578290432f89da02db40.jpg,"https://sun9-86.userapi.com/s/v1/ig2/MajvupAhuy15i1WfIj8mYOcDKQawODuJswPTdSBA_EKqkoTu0Nz0cYw3Ak3qgaqLmTQO_Gr-y3HRlyQFUU1EOiwj.jpg?quality=95&as=32x33,48x50,72x75,108x113,160x167,240x250,360x375,480x500,540x563,640x667,665x693&from=bu&cs=160x0",3
88a9f6e43bc44ce9fc11f9e9fe94db98.jpg,"https://sun1-18.userapi.com/s/v1/ig2/aisRO6m6q7O-852kD8FoUzRobciYyEyydTqcFK94fZgOzxV9VQn0IjKoWq_JpH028wehmaasi221wAVcaSyFlktz.jpg?quality=95&as=32x46,48x69,72x103,108x154,160x229,240x343,360x515,480x686,540x772,640x915,720x1030,1080x1545,1280x1831,1440x2059,1790x2560&from=bu&cs=160x0",6
15364d6350ef91b1f860dfd354dd720c.jpg,"https://sun9-10.userapi.com/s/v1/ig2/kZGr60jTE3sS-ePru6sQfI2_ffMMpKg6F735zgGjD53QJAM3J6DHnQZ8QgQU428dmiRp0Y4RHPtKVtDpXhMvnJWY.jpg?quality=95&as=32x32,48x48,72x72,108x108,160x160,240x240,360x360,480x480,540x540,640x640,720x720,1080x1080,1280x1280,1440x1440,1800x1800&from=bu&cs=160x0",0
3233cc38a0dc40e796555eaf1526315c.jpg,"https://sun1-22.userapi.com/s/v1/if2/qm3uVqMdqa4YaoB1IpO4XDj6lpYttEhkGbQ30KZ018kDZTiq_UkIISlg2CW0ypThvPzOjdACuy-4pYV3YJPSA64Y.jpg?quality=95&as=32x29,48x43,72x65,108x97,160x143,240x215,360x323,480x430,540x484,640x574,720x646,1080x969,1280x1148,1440x1291,2560x2296&from=bu&cs=160x0",4
34709e954d5004678359360e10b65afe.jpg,"https://sun9-83.userapi.com/s/v1/ig2/JqWUYTmTF8vcgiPVNZw74KEep4leIyciWJG83NScNEiZYF25goXl3bA74m_bmGJ_RkQIcpVaweNuqEh5Eu1EYrWk.jpg?quality=95&as=32x43,48x64,72x96,108x144,160x213,240x320,360x480,480x640,540x720,640x853,720x960,960x1280&from=bu&cs=160x0",1
66e9d2ba515cf06dc40afebd41f2ed71.jpg,"https://sun9-50.userapi.com/s/v1/if2/3W4fywe0mPJytr81Yj7cBvjkSG2-T6IiJSxq0SUxpi_mbwJfSKalJKtnaYtSrWTVI-Q7BW1livjEeUOEysd78Ca5.jpg?quality=95&as=32x28,48x41,72x62,108x93,160x138,240x207,360x311,480x415,540x466,640x553,720x622,1080x933,1280x1106,1440x1244,1483x1281&from=bu&cs=160x0",1
bc3723743c72e8728256134780552368.jpg,"https://sun1-95.userapi.com/s/v1/ig2/Ly7lsOME_xse109WbiqD74RIJvCtgtq8pvlFkceJvLSIIr547KVJlC7uMK43xuKLIeUEVCyLbldbgeN0c18BQ-WN.jpg?quality=95&as=32x32,48x48,72x72,108x108,160x160,240x240,360x360,480x480,540x540,640x640,720x720,1080x1080,1280x1280,1400x1400&from=bu&cs=160x0",4
47408dd336a1c899c2329daaa5736733.jpg,"https://sun9-84.userapi.com/s/v1/ig2/1hW5ON98NB_SW6fd7tLS-5ky1_bB0Zjv58mtD2fsRMTKp6xzPsSS7tXXwH-vzRkF3D-kSm-A_z18rutZfizlhD6m.jpg?quality=95&as=32x48,48x72,72x108,108x162,160x240,240x360,360x540,480x720,540x810,552x828&from=bu&cs=160x0",3
21f70586668aee1b234b50a3c4ca7d73.jpg,"https://sun1-13.userapi.com/s/v1/if2/3x_gCvFvSz2z2H9YSKv2h2o9mzki-SfUvMAO2G9Nvrb7iCdcqJzz5mzH4us5EE5ilktHALNMxseK3TcnTGgWyHHN.jpg?quality=95&as=32x21,48x32,72x48,108x72,160x107,240x160,360x240,480x320,540x360,640x427,720x480,1080x720,1280x853,1440x960,1536x1024&from=bu&cs=160x0",2
5dcb65f3d881fddec40fd6f50af35336.jpg,"https://sun9-57.userapi.com/s/v1/if2/qD38XoUX0epMDit8nPUp7wTrDc3c-MirZnrahVYKKax2fBK_gFof_wy_EtcPl7J0wAV7V0t8FSCFamcIkjNSNiiL.jpg?quality=95&as=32x29,48x44,72x66,108x99,160x147,240x221,360x331,480x442,540x497,640x589,720x663,1080x994,1280x1178,1440x1325,2560x2356&from=bu&cs=160x0",6
2a694e1cd40d2b81cf624def35cd14d2.jpg,"https://sun1-29.userapi.com/s/v1/ig2/xeiIrX5cL5UnRCuSY4MVNzonHGn3Ii8D2t_4NQ2J37zwdnfX3cbEy2zRkEbo-K-l_3LD04YRGMLVHPwSIqGCPSxL.jpg?quality=95&as=32x32,48x48,72x72,108x108,160x160,240x240,360x360,480x480,540x540,640x640,720x720,1080x1080,1280x1280,1440x1440,2560x2560&from=bu&cs=160x0",5
88af1df4d4fc639083b919ba36441c49.jpg,"https://sun9-51.userapi.com/s/v1/if2/Ah6sYYp3jF686CbFZ6sbVGirBi-uUXzWwb6a4rSNPV5dz5BWLJUPiD41B_VEdX3r0pRZiyIetE3lZ_8Ph_CTC6oQ.jpg?quality=95&as=32x31,48x47,72x70,108x105,160x155,240x233,360x349,480x466,540x524,640x621,720x699,1080x1048,1200x1165&from=bu&cs=160x0",1
2e4235f7a00af17c2ddfcf50f4cf8a1d.jpg,"https://sun9-28.userapi.com/s/v1/ig2/VEe4fFsfFd8qCFHXqDMFlr77k5PzVjB7WeRZSAWAD2hd6RhFYcCKUIwat3aQdgYCTEM17Uc0DtSJ8GfbAedHrDb0.jpg?quality=95&as=32x32,48x48,72x72,108x108,160x160,240x240,360x360,480x480,540x540,640x640,720x720,1080x1080,1280x1280,1440x1440,1800x1800&from=bu&cs=160x0",0
357d9477728df2c71c50a31cb192be9c.jpg,"https://sun1-24.userapi.com/s/v1/ig2/JUlKgfU007QjyurqTpjtQ5jwiXhBF_wSXSFumlz9BLTPaEeDkdb_mPFoleWsWZy-nLJFfLOke2KUWlZQItwHsBqU.jpg?quality=95&as=32x32,48x48,72x72,108x108,160x160,240x240,360x360,480x480,540x540,640x640,720x720,1080x1080&from=bu&cs=160x0",5
efece611e854f4d853f78a3026a8ccc5.jpg,"https://sun1-23.userapi.com/s/v1/ig2/i4hUG0ILJSrtWmc1kJnSWHHbaODQnFyrzpMUn8Y-3OI9Y7Gj94G1zbnyrYZ694dM82ccY32hL7nKazXKMMJjda6b.jpg?quality=95&as=32x32,48x48,72x72,108x108,160x160,240x240,360x360,480x480,540x540,640x640,720x720,1080x1080,1280x1280,1440x1440,2560x2560&from=bu&cs=160x0",0
d77ab1ced476fa729a13c0327adceed2.jpg,"https://sun9-18.userapi.com/s/v1/if2/eqsILjxASLDJmX05TAMY1qSNinOiW1wuu9BHv6oFlSFxkhQAbqcKd__Nkj2e-4nXruzoB8GB1dr9dcxxE6VYMn9h.jpg?quality=95&as=32x23,48x34,72x52,108x77,160x115,240x172,360x258,480x344,540x387,640x459,720x516&from=bu&cs=160x0",3
afcbc09d33289d32923da3c227826f8f.jpg,"https://sun9-79.userapi.com/s/v1/ig2/fKn8xAhnS5SGu6ftV3Yfb_TLFRUDvuopGuZcwKWLMUC5WdfC8MUmsnN8ayKzQZ1wObhM15B8SR_cQy5u25-I9HzP.jpg?quality=95&as=32x32,48x48,72x72,108x108,160x160,240x240,360x360,480x480,540x540,640x640,720x720,830x830&from=bu&cs=160x0",3
e45248f90576549410cfb46ba99f7fea.jpg,"https://sun1-57.userapi.com/s/v1/ig2/_uawuU9afn7PLZ9n9uGVagFqoMKrZOEQSOT4M275w1nzxqMH_DuaL7LDpXzso-9rn0_RR1tLJhdOIXcDV9stHH1f.jpg?quality=95&as=32x32,48x48,72x72,108x108,160x160,240x240,360x360,480x480,540x540,640x640,720x720,1080x1080,1280x1280&from=bu&cs=160x0",5
a1b9e8d816cd70781725ff5ea5fa99bf.jpg,"https://sun1-84.userapi.com/s/v1/ig2/s4E-paofUYLtK58akyJ3FQkP9fj469q36WZ9bGR63sarLuieaSXssWJAESzfbQ6AhW8yKeV87CgD3f2XrEM57aY8.jpg?quality=95&as=32x38,48x57,72x85,108x128,160x189,240x284,360x426,480x568,540x639,640x757,720x852,1024x1212&from=bu&cs=160x0",2
16bbcd13370f59fe136c63a9fdd5ca10.jpg,"https://sun9-7.userapi.com/s/v1/if2/ZSM1SbjlN-EarPfdiwA9Vq1ZrOXFlEtI7WfGSFw1eSVr3r6tW_xZ8tmNGeS0bI3-GhbcBcAVT_3XOxAh9xXzg1WN.jpg?quality=95&as=32x28,48x42,72x62,108x94,160x139,240x208,360x312,480x417,540x469,640x556,720x625,1080x938,1280x1111,1440x1250,1478x1283&from=bu&cs=160x0",1
097ec266387634d75ee51180812c0ffb.jpg,"https://sun9-60.userapi.com/s/v1/ig2/K5-ah34W3Q9UWq0rMB7ZstQ_KS3eaqXyX8Y7jBxnZA2Z5cgEuf0ms6T2JCw2o8s0lmgZlJxilvDSAl25WdpAAuf2.jpg?quality=95&as=32x32,48x48,72x72,108x108,160x160,240x240,360x360,480x480,540x540,640x640,720x720,1080x1080,1200x1200&from=bu&cs=160x0",0
196d6b3ea88f801a67bd5bf3a50d7afa.jpg,"https://sun1-97.userapi.com/s/v1/ig2/BrBU-9AIBPhgC5biEpGhs68Zauq4M4v7QJj9afQCA-JlyrdVs8AQjcfHEXleWVFnKIiYLy1RrDhz528VJyQCWDtI.jpg?quality=95&as=32x42,48x64,72x95,108x143,160x212,240x318,360x477,480x636,540x715,640x847,720x953,1024x1356&from=bu&cs=160x0",2
23307149452709f3366f2d5c37c200a2.jpg,"https://sun1-19.userapi.com/s/v1/ig2/zaB2ud6dVOIQIbqqgrDs0q60mTH_Zqnanls3PXMI2CIl9qDDp_7UkhrHEisLV7kckP06x_mTKnNbhlTISpa9GIUv.jpg?quality=95&as=32x40,48x60,72x90,108x135,160x200,240x300,360x450,480x600,540x675,640x800,720x900,1080x1350&from=bu&cs=160x0",5
3c8ea71cbc9ff4610c147e42b4225440.jpg,"https://sun9-84.userapi.com/s/v1/if2/nLQTYTz-vCgD-8HnimA2di8ZygOxlIvaDTW0IcCs-0rvyD25qU3DK14p01Er8LzVpckhYFkG7zEhWre8ZkfzoEVL.jpg?quality=96&as=32x31,48x46,72x69,108x103,160x153,240x230,360x344,480x459,540x517,640x612,720x689,1080x1033,1198x1146&from=bu&cs=160x0",6
81475f0dfa8460573e317ac2f44a7d88.jpg,"https://sun9-60.userapi.com/s/v1/ig2/lqye-8EPiUbdPlMBwfnh5Bf52QX-yS1OO8Yqs5zDoQgKEWIec1Lhj7Oj1ZB_Bg1tYRbEXm-JPzNTwFH5bXzyc1qk.jpg?quality=95&as=32x32,48x48,72x72,108x108,160x160,240x240,360x360,480x480,540x540,640x640,720x720,1080x1080,1200x1200&from=bu&cs=160x0",0
3723750bbbbeb27eae5f81ea3d07a4d8.jpg,"https://sun1-91.userapi.com/s/v1/ig2/EALHQV3459NLjvWtiTMPeFeZIyXe5-4FrfZLqadTQrnt_VOWxt1eRuYNgQEAPx5NuYD3UboiWKf2-dvBOLRob6PZ.jpg?quality=95&as=32x32,48x48,72x72,108x108,160x160,240x240,360x360,480x480,540x540,640x640,720x720,1080x1080,1280x1280,1400x1400&from=bu&cs=160x0",4
7b146eba935ad166093709031a187a91.jpg,"https://sun1-96.userapi.com/s/v1/ig2/59DYmy9EoINe2bsmU18r5ue7D0tUw48VJCWa4L7vCZH_BS-LatESFsa2XhfpqTVmuKxnVAVWxOTdkS50U3sNDKzB.jpg?quality=95&as=32x32,48x48,72x72,108x108,160x160,240x240,360x360,480x480,540x540,640x640,720x720,1080x1080&from=bu&cs=160x0",5
3f1e949b70150de80d423168aaa2323f.jpg,"https://sun9-68.userapi.com/s/v1/if2/JMX71L9c45Zl7TpIQUlu-mPBwIurncx0v5KwlSnbMiNl-IrJKZtw36UfFOHMCR0Wd23lt3-gcLaxYyPufY0SrySn.jpg?quality=95&as=32x27,48x41,72x61,108x91,160x136,240x203,360x305,480x407,540x457,640x542,720x610,935x792&from=bu&cs=160x0",1
d3cbc43a19c95c5ad1b9868ff6205070.jpg,"https://sun9-48.userapi.com/s/v1/ig2/buGZmWt6ok5ZwB1Kh4jG8njxOVSkBkn1ZtgXJ-3Gh_ysVfSoYzTPq5aLMntjS5H-bllXw30uq7SXTh9qy4sFu8E1.jpg?quality=96&as=32x42,48x63,72x94,108x141,160x209,240x314,360x471,480x628,540x707,640x838,720x942,891x1166&from=bu&cs=160x0",6
e8137f69e0ab577be9ec35b23dc736ba.jpg,"https://sun1-83.userapi.com/s/v1/ig2/M22WXEoq4G18xT2XwecgAJO_467WfeJxXmT1riGvEMyTxvL9CB8PsYC-e4aq7wodK8HnJzMKBFg-t5mLoxqm41Z3.jpg?quality=95&as=32x32,48x48,72x72,108x108,160x160,240x240,360x360,480x480,540x540,640x640,720x720,1080x1080&from=bu&cs=160x0",5
7aaf4d0942bcbca42f71ab217b6f62fc.jpg,"https://sun1-16.userapi.com/s/v1/ig2/l_RjioEqy4dac7gQQaSc3GG3VTfzzeLuUrtR9lMJDsSv1omGPrBpq540vjszz0abArPpeIGOXgiiHnmYB42TmSwr.jpg?quality=95&as=32x40,48x60,72x90,108x135,160x200,240x300,360x450,480x600,540x675,640x800,720x900,1080x1350&from=bu&cs=160x0",4
3181336c1e4e3be96016884ab11538dc.jpg,"https://sun1-19.userapi.com/s/v1/ig2/kcSs_GbCkPPTte1esgWCGTkmNQR3IqGrx_ftrSc1DKazvCYlibNkw8_OHas2Qw1ITbKn-n5ut1lY-4hCCsQrLhJz.jpg?quality=95&as=32x32,48x49,72x73,108x109,160x162,240x243,360x365,480x486,540x547,640x648,700x709&from=bu&cs=160x0",2
b646f4106d5bdecddab672ca7544488a.jpg,"https://sun9-74.userapi.com/s/v1/ig2/2fPFgyaDQtakLZ0UYtIG0EuVkU8dKylo-Btw7XIAbpKlt4I9-yMmb_GvdWJHmvOp6vyGGGsIIXqG74gpteDrrLAS.jpg?quality=95&as=32x44,48x65,72x98,108x147,160x218,240x327,360x490,480x653,540x735,640x871,720x980,1080x1470,1280x1742,1440x1960,1866x2540&from=bu&cs=160x0",6
74d07260a12eb274de6f91352d38145c.jpg,"https://sun9-50.userapi.com/s/v1/ig2/H7aPQJu0FrwsENEOtWdPNx7nAsbpdl_bD7Czw933UeiTFEP1jUCRsGH_wU014vPgmJFRpog6hQKvPJtgxJtVvnUr.jpg?quality=96&as=32x35,48x53,72x79,108x118,160x175,240x263,360x394,480x526,540x592,553x606&from=bu&cs=160x0",6
9994a9c45cd92f352f11ce48fa8a7fae.jpg,"https://sun9-5.userapi.com/s/v1/ig2/jbuLgtqHbvT9RhHKsvZsIkQp4f2cuPg_BDTTElhv4lt3DQuiRKCg6hIx7soZXrD3pQ5E91DpDJeNEAuqtLoVjulY.jpg?quality=95&as=32x42,48x63,72x95,108x143,160x211,240x317,360x476,480x634,540x714,640x846,720x952,1080x1427,1280x1692,1440x1903,1937x2560&from=bu&cs=160x0",6
dd3c8651c242b92354eadac0463616d3.jpg,"https://sun9-13.userapi.com/s/v1/ig2/mR9GeAYXpMPTl8gwEWVSRpCiH6rJaBGGh8TDQyMWTACkZWeSfwC8h9D74cqeaxFJkOALwEZeU9MtU-GLdcESC8pF.jpg?quality=95&as=32x40,48x60,72x89,108x134,160x199,240x298,360x447,480x596,540x670,605x751&from=bu&cs=160x0",3
1b8466905dd66a57c122a0c90e5e7e5c.jpg,"https://sun9-48.userapi.com/s/v1/ig2/TeTuPenxQOAVcF2CVAWweh4K_QzvVvikVFcMbQwx0PEgBl3Bx9-L7gt1uV8nwf2iunCG98sB0oA4H0wJP7_DxpC6.jpg?quality=95&as=32x32,48x48,72x72,108x108,160x160,240x240,360x360,480x480,540x540,640x640,720x720,1080x1080,1280x1280,1440x1440,1800x1800&from=bu&cs=160x0",0
227132d5e700b6b41c5a5b241eb28080.jpg,"https://sun1-54.userapi.com/s/v1/ig2/cyoT7xRmRKWyM2S5SLDn-3VsXfTia73VF1pAG8ZkbQ3YZtRU7uojHd65aAzvhiKlxXFgihZmeXTwjUJ8OhfJHpBT.jpg?quality=95&as=32x49,48x74,72x111,108x166,160x246,240x370,360x554,480x739,540x832,640x986,700x1078&from=bu&cs=160x0",4
522264af91870b39be6149d99d95fd72.jpg,"https://sun1-92.userapi.com/s/v1/ig2/6GC8cLdBmNk5Hga59q2JKnRciRmmKktnK-JqfqxNjqNu7SBxdqfVgIYPZbjjkOtSAKphKGlL6KhfNtPqvWiFxb88.jpg?quality=95&as=32x40,48x60,72x90,108x135,160x200,240x300,360x450,480x600,540x675,640x800,720x900,1080x1350&from=bu&cs=160x0",4
c00d247ac1ca2c859a8d8304f85f8626.jpg,"https://sun1-25.userapi.com/s/v1/ig2/kgRSPpcZvFpi4jhch5AMmTibWFpbYF3bU16N-AZ4F3Znv21CgCBH3slo245Pb89Bf74bRr7uiv9PD38FTnQGSTLu.jpg?quality=95&as=32x33,48x50,72x75,108x112,160x166,240x249,360x374,480x499,540x561,640x665,720x748,1080x1122,1232x1280&from=bu&cs=160x0",5
e5d8884395542d85a11969b7b5d47562.jpg,"https://sun9-30.userapi.com/s/v1/ig2/XC9sncsRErYQhoY7xo6cFbgiXwohK83v6y_JC8Tp7m_eWvEyIxrlmOhtFiATersGPFHyiFadYDgsfGRudBWL0aEx.jpg?quality=96&as=32x41,48x62,72x92,108x139,160x205,240x308,360x462,480x616,540x693,640x821,720x923,906x1162&from=bu&cs=160x0",6
5a26390104115abb34f3c9c393345f5b.jpg,"https://sun1-20.userapi.com/s/v1/ig2/i1DAgqWEonAziRX_5qhqOUSMKYi68o6TgOINsu04azuMf91gl8UEEExXeZX_ucPkLbWCo55sEnfNKD8xg8b-G64Q.jpg?quality=95&as=32x32,48x48,72x72,108x108,160x160,240x240,360x360,480x480,540x540,640x640,720x720,1080x1080,1280x1280,1440x1440,2560x2560&from=bu&cs=160x0",5
c064db9ccafea42d783e58108c0baf8b.jpg,"https://sun9-6.userapi.com/s/v1/ig2/avkV5-rrOsWz6ZxshwzP6mZmhDOa-fBg179_kYa8JFRnn99egFyjak8_JFjUCHdABLp2HkQE2E5sORheFMXZF1_Z.jpg?quality=95&as=32x32,48x48,72x73,108x109,160x161,240x242,360x363,480x484,540x544,640x645,720x726&from=bu&cs=160x0",3
9520499d0a2971b709c8a791a2e7b633.jpg,"https://sun9-77.userapi.com/s/v1/if2/f0DOztqp7O4uN-_IPyaTP06iNLebekXN1fzSVdfnDHUE-qQ3vU10JgbF-fvO9-u4YmBeAFaDOxpXO5hRKKjzXSEe.jpg?quality=95&as=32x23,48x34,72x51,108x77,160x113,240x170,360x255,480x340,540x383,640x454,656x465&from=bu&cs=160x0",3
2328ea426d9bfb16eaecff0da2b702c8.jpg,"https://sun9-51.userapi.com/s/v1/ig2/E1DloOy6CDfoDxVwr9aoF0LAK7H7tbnHa3W4HfqSqceSiF11a3RiRJB05g-B7bwL04A8MHkrrXPeW0rkBignTE2N.jpg?quality=96&as=32x52,48x78,72x118,108x176,160x261,240x392,360x588,480x784,540x882,640x1046,720x1177,1080x1765&from=bu&cs=160x0",6
9b01aae8c8dd7729141f68e390bb2c14.jpg,"https://sun9-67.userapi.com/s/v1/if2/wkw75Nsoy3kv5Ojn5Ad-prSnyHIIszHV6LPl7-FU7nAOZYEG2o6vhtHsgExpF-CrWZwxI-TWaKpaOq_j9CyZlcen.jpg?quality=95&as=32x22,48x33,72x49,108x74,160x110,240x165,360x247,480x330,540x371,640x440,720x494,913x627&from=bu&cs=160x0",3
aa04e3553c042eb4a26cb03531af264e.jpg,"https://sun9-64.userapi.com/s/v1/if2/bgnym9j0_czhOYXT3C88VQpCt8-6QgEUlUhF07_AlCaT67FGIclBBvrmX04h2Qcn00ZlEnm1L0VjdUcQoMHA4HQa.jpg?quality=95&as=32x30,48x45,72x67,108x101,160x150,240x224,360x336,480x449,540x505,640x598,720x673,840x785&from=bu&cs=160x0",1
de615e15b101b8a8f8406832d73d3a08.jpg,"https://sun9-47.userapi.com/s/v1/if2/NmtEQ0ERf6Y5wusntWRbe_G9p-9ZOUZf1Cni29zgye1ZUlhR5ZMCBKrb-2zJOG48DByMzPpckunE5BFaMgD-h4dR.jpg?quality=95&as=32x29,48x44,72x66,108x99,160x147,240x220,360x330,480x441,540x496,608x558&from=bu&cs=160x0",1
c90ca54a1f39308d6eef0bf853c0b4f2.jpg,"https://sun1-30.userapi.com/s/v1/ig2/wPS4o93cExEQWZ_JxbhFcNY5TXxhhT_rD0FWNDwslqysZgO_n8SZoPt3X9sZuU3Gbf7K7F2d5N348fCPHDwihYNB.jpg?quality=95&as=32x32,48x48,72x72,108x108,160x160,240x240,360x360,480x480,540x540,640x640,720x720,1080x1080,1280x1280,1440x1440,2400x2400&from=bu&cs=160x0",0
3f81d4dbacfd30d423349559f069f55d.jpg,"https://sun1-54.userapi.com/s/v1/if2/ZO6UO085rsohlVCHFQsrJQEDjpes4MP-AqGNMxrTnofDNJIJ6hkYA2gBKvqr0vCONvcNgVZNL3OleHziHdBn04WO.jpg?quality=95&as=32x28,48x42,72x64,108x95,160x141,240x212,360x318,480x424,540x476,640x565,720x635,816x720&from=bu&cs=160x0",5
a664176fd3785504b6c32290578deede.jpg,"https://sun9-87.userapi.com/s/v1/ig2/ZJRewZmstahgig3RN79yDEHI39NbEd2xnqPV4Sp0h-5T-77FTqvyUXsSzvI0dCHKdXBsx5J65aCFV0LBVMwKHnG8.jpg?quality=95&as=32x32,48x48,72x72,108x108,160x160,240x240,360x360,480x480,540x540,640x640,720x720,1080x1080,1200x1200&from=bu&cs=160x0",0
07fc548b7177bf7f9450e26512d182db.jpg,"https://sun9-26.userapi.com/s/v1/ig2/PTf5gmYeN2cjuFLRU2DnAk3vpI-TNrtRnvSz9niL2xKMs5gw21d_yy9Caon5MzY_Can3sDPuKdK4oNPwM1TvSzUA.jpg?quality=95&as=32x41,48x61,72x91,108x137,160x203,240x305,360x457,480x610,540x686,640x813,702x892&from=bu&cs=160x0",1
06e5da1823280fa3de6f3092a4cee940.jpg,"https://sun1-21.userapi.com/s/v1/ig2/R1LwNsV_Bu46CyNKwIGItHabToqSMebMZPb6H19onivZZ6gUKhOl_8iy1Omkf_Uz9BZvNQfVGinD8lv6SVh9UulF.jpg?quality=95&as=32x33,48x50,72x75,108x112,160x166,240x249,360x373,480x498,540x560,640x664,720x747,914x948&from=bu&cs=160x0",5
c9ad6b8aa09a6efc717b4ac9a7a04b9b.jpg,"https://sun9-37.userapi.com/s/v1/if2/v0RatjqKofK3THbL0ze6XJSeeZoOmkrYM1skYP0wBNA9IGuW_DqUBL7Hf4ZTAiMx_Ji1TZ-TBccQ4d0oxH92bqF0.jpg?quality=95&as=32x18,48x27,72x41,108x61,160x91,240x137,360x205,480x273,540x307,640x364,720x410,949x540&from=bu&cs=160x0",1
0caa36ae20a9d2637565d68b8d259eac.jpg,"https://sun9-13.userapi.com/s/v1/if2/UU5orgIYT23MbTmF7YwqtnWqysGIXdBuzHZ8feZZ0BnmgNZYL-9wurpYCkmOx_v8TazawvPxyJXHoem4oP2dA3WC.jpg?quality=95&as=32x23,48x35,72x52,108x78,160x115,240x173,360x259,480x345,540x388,640x460,720x518&from=bu&cs=160x0",3
525ca41c0a0098103bb7e58e9ac4727d.jpg,"https://sun9-40.userapi.com/s/v1/if2/lpqEOPNJeacxhrKW2zdBnD6fg65DgP0ekv-3_g6cHyTpo7PGnvrxGyznGyad1FayT0wc6IL9PuZroDZvZpZYrcsF.jpg?quality=95&as=32x28,48x41,72x62,108x93,160x138,240x207,360x311,480x415,540x467,640x553,720x622,1080x933,1280x1106,1440x1244,1478x1277&from=bu&cs=160x0",1
c66b16033da616df73be191a61ead835.jpg,"https://sun1-26.userapi.com/s/v1/ig2/Oy1UTRw3PJj7_D2VZVrZL4SxiJqz79kOjqhBoTIDRucvl6_eqDzAqYcqDhBFmYEdJu9BXkoboq5WhIQJvKApnH1h.jpg?quality=95&as=32x32,48x48,72x72,108x108,160x160,240x240,360x360,480x480,540x540,640x640,720x720,1080x1080,1200x1200&from=bu&cs=160x0",0
89c9b82963bdfac51a44469bba96a07c.jpg,"https://sun9-35.userapi.com/s/v1/ig2/7BgAjwl67J3wemLUnhTPwMYpBQ-eejL0C-spud6WO3SDhQpq5F-Va4A9l-jYN-6opWEUjFqlcK_c5niv0_LeKTsT.jpg?quality=95&as=32x32,48x48,72x72,108x108,160x160,240x240,360x360,480x480,540x540,640x640,720x720,1080x1080,1200x1200&from=bu&cs=160x0",0
d8b23eda014c9dd6a3681cd98016ffde.jpg,"https://sun1-94.userapi.com/s/v1/ig2/WBkIS_yElk4Ls107rR9obeUPpP5yZuq2XgpHgbQjJ92TANLq-F6cMHw_KdU3-2femv3wVPg0E_lxurjdIeROcYvX.jpg?quality=95&as=32x37,48x55,72x82,108x124,160x183,240x275,360x412,480x549,540x618,640x732,720x824,1024x1172&from=bu&cs=160x0",2
84c1d264887ed6cd695bd6d78bcd72f8.jpg,"https://sun9-46.userapi.com/s/v1/if2/i0-OQe0gdWDNQEKxbhx3Jt1jSOijJVAIgBIMsk19DqIpPPYxkQl0LZFb6IEFH1t0O-N5e2Q6X4zeAYesOAXmdAN3.jpg?quality=96&as=32x25,48x38,72x57,108x85,160x126,240x189,360x284,480x378,540x426,640x504,720x567,1080x851,1280x1009,1434x1130&from=bu&cs=160x0",6
8506c7c1d75cc932fb6af6ab6acb5f46.jpg,"https://sun9-53.userapi.com/s/v1/ig2/ho2jgG0yXl_znsVb6WaapTaiNDqm0dApRQ_ZllfULazMEtPyuKpR-yQmcimFoAbMzeslBG6wv366uVhAYrM1Enwk.jpg?quality=95&as=32x43,48x64,72x96,108x144,160x213,240x320,360x479,480x639,540x719,640x852,676x900&from=bu&cs=160x0",1
e4e6f8a1b59778fe15a6b47bd7e43b0e.jpg,"https://sun1-24.userapi.com/s/v1/ig2/vLwL_2IE2S_xN1sjWv8Fs2oDI1iCvYVAwC76FpnC3EMj4UjIG-95wFGIaxTzrRdYkd7ITSprzGetsy72voP9B8qA.jpg?quality=95&as=32x39,48x58,72x88,108x131,160x195,240x292,360x438,480x584,540x657,640x778,720x876,736x895&from=bu&cs=160x0",2
c81afe5d26f4aaba40a50c57ce15b5a4.jpg,"https://sun1-97.userapi.com/s/v1/ig2/zI75yQcStj7LZd0rK3isRSb_NQekMq-vhfGlZEXaeo5I_XfhYKqYt8adKaDVjY3O7VyTz1lcZ3LFuYymIH3z0t7h.jpg?quality=95&as=32x32,48x48,72x72,108x108,160x160,240x240,360x360,480x480,540x540,640x640,720x720,1080x1080,1280x1280&from=bu&cs=160x0",4
2090394b691ba972d96466d4600e3520.jpg,"https://sun1-56.userapi.com/s/v1/ig2/MXyElhmaroxfcmt10c0UU3sHnhRLvobvjO1ALpP8lyLU43qAzeBfQsf9DdnxbX_nCzrCYb8dOvQ4bw58bxdJn63Y.jpg?quality=95&as=32x32,48x48,72x72,108x108,160x160,240x240,360x360,480x480,540x540,640x640,720x720,1000x1000&from=bu&cs=160x0",5
cf8f445aa1eadc045813d1aa41411437.jpg,"https://sun9-30.userapi.com/s/v1/if2/LB2B98nb1Yg2FvLeihRHwlwJRiDDSqEo2kwsNsHI5gblXXJu_Gc_LAvq0otv_ZmNzC9KPouocwOm5E7a6-QDxAdF.jpg?quality=95&as=32x27,48x41,72x61,108x91,160x135,240x203,360x305,480x406,540x457,640x541,720x609,981x830&from=bu&cs=160x0",1
bccd58b6af57c9604f50ec944137584d.jpg,"https://sun1-93.userapi.com/s/v1/ig2/f5LighBczDVgsKSz1WLH754UyBdyh6tHR8X3rFb6ktrTmngEOFnts0vit_N4ekNrqTcmVqF9DfYVxmj7A9m_ax3A.jpg?quality=95&as=32x32,48x48,72x72,108x108,160x160,240x240,360x360,480x480,540x540,640x640,720x720,1080x1080&from=bu&cs=160x0",5
26bb883e07b0a713cbdb69379448cb5f.jpg,"https://sun9-5.userapi.com/s/v1/ig2/cM-KkpyQhSwj7QNRA5fTyNIg-9kn3seZsRfbvay-DEmK-2nYKe3kZ9oVoc10uOiMKXwiXJojHGeA3nZbMjTH59OO.jpg?quality=95&as=32x32,48x48,72x72,108x108,160x160,240x240,360x360,480x480,540x540,640x640,720x720,1080x1080,1200x1200&from=bu&cs=160x0",0
99cc7303121c8d3abf60d48a21d30695.jpg,"https://sun9-34.userapi.com/s/v1/if2/vy9YnLl1jCyzcIMucDeEXfrTUnwMSy-6pssAodOx_xCnJ0sySX5sB9sN0qrrhnbRr9z3YzAF2eiytT1rdKjazc1m.jpg?quality=95&as=32x28,48x42,72x63,108x94,160x140,240x210,360x315,480x420,540x472,640x560,720x630&from=bu&cs=160x0",3
77e5c7bc0b70705779d73290ecf79a47.jpg,"https://sun1-55.userapi.com/s/v1/ig2/f98Z-aRRkoW7391-NhJIUC9ss4uU846323OaE61mtElGJozpfS7BeuhF-TDVo10vDGNpRAL24MVym1SOWwj0x-Ai.jpg?quality=95&as=32x48,48x72,72x108,108x162,160x240,240x360,360x540,400x600&from=bu&cs=160x0",5
cef48227632b3987f1fb4ef3fb226aa8.jpg,"https://sun1-47.userapi.com/s/v1/ig2/_MdpTqZCFrDnoAn356dUs4kjNKLsCHEoWGqWnRugs761FFL5DaEWSeh52U3waezOjCsw8guANAPPvImtnUl4UBJo.jpg?quality=95&as=32x40,48x60,72x90,108x135,160x200,240x300,360x450,480x600,540x675,640x800,720x900,1080x1350&from=bu&cs=160x0",4
489f698dd5ea4f8e780b954c280c1fb8.jpg,"https://sun9-72.userapi.com/s/v1/if2/7wgbr6n6fkgXXgAbfkgXpewUPkoBQX_VFyIdd05ch1WBsDzLEp_2ce6Hag-dCFUzdHL-Te1Wi-LXaKEkZq1R30hi.jpg?quality=96&as=32x28,48x42,72x64,108x96,160x142,240x212,360x318,480x425,540x478,640x566,720x637,1080x955,1280x1132,1282x1134&from=bu&cs=160x0",6
6b5fc35556107b57a7fb7f3aff8f3669.jpg,"https://sun9-19.userapi.com/s/v1/ig2/Dwyl1nNHtTR0ebXWnkaU55ZwHUn_K-Dpk3aixMKN8u0_RPqnqKpAsPx7DF4T_3jDVkTE4XffrLl25D158x3PkiEL.jpg?quality=96&as=32x46,48x69,72x103,108x155,160x229,240x344,360x516,480x688,517x741&from=bu&cs=160x0",6
3e76fc1fdb8613bd5080b240d43228a6.jpg,"https://sun9-36.userapi.com/s/v1/ig2/sJmJAw5jLdnYdD8kML-8-j0pyrMCnxUIMDydZplST1qraNoUWl4hCm4k-28aAJa8_I0mO1H99-zCPjQxZzCa3nfZ.jpg?quality=95&as=32x40,48x60,72x90,108x135,160x200,240x300,360x450,480x600,540x675,640x800,720x900,1024x1280&from=bu&cs=160x0",1
bf688cd28b4a2534cfb765ffb9c2dc03.jpg,"https://sun1-97.userapi.com/s/v1/ig2/CXxfm0Sz8hP4EJKRQXQGpNyeoDDH0rgbo1iDD3HIk2WWccI03Fm4RDmrUogEtlf7Tb0eWYdEb7D16hqGb38iSkm9.jpg?quality=95&as=32x42,48x63,72x94,108x141,160x209,240x314,360x471,480x628,540x706,607x794&from=bu&cs=160x0",2
d37387b063b205d90878dab8ee3570a3.jpg,"https://sun9-72.userapi.com/s/v1/if2/hbSHH1zIC0ZtU8wDLdu0tu77DfDqVoImC_zZ0BEoKnfeYQT9J4OF-L7WWgtRgHVl3qAGD6PoH7q0HijeSKPXmkr0.jpg?quality=95&as=32x21,48x32,72x48,108x72,160x107,240x160,360x240,480x320,540x360,640x427,720x480,1080x720,1280x853,1440x960,1800x1200&from=bu&cs=160x0",0
b4fa7fdd3dc55363db99ed9c5ca3b769.jpg,"https://sun9-42.userapi.com/s/v1/ig2/RdzqQvXYta9USpSR1r82Iygkakq_jvAHxTlqaU_VyHXKCYUWADEQOs2NHRIOBHUCldSYaCM-pw6F0sRdUkDhQJBF.jpg?quality=96&as=32x39,48x59,72x89,108x133,160x197,240x295,360x443,480x591,540x665,598x736&from=bu&cs=160x0",6
4e8ac7894ca559c992db2d25d68d1fd1.jpg,"https://sun1-54.userapi.com/s/v1/ig2/Bz36c-EFH-W3QcMU_cB8Q_uhw4NmDqP8ASSIdUZZtCXDIwgYR3DdDHTEWruMoyUiTqPqDoucNNKa4KEL0vdGM46K.jpg?quality=95&as=32x40,48x60,72x90,108x135,160x200,240x300,360x450,480x600,540x675,640x800,720x900,1080x1350&from=bu&cs=160x0",4
d437079a0998dc0e9787ff8be744bfbc.jpg,"https://sun9-73.userapi.com/s/v1/ig2/1v3MA528aHTPLSdHIC1Gx_YQBZmGAJ4gOaEsRgTtCwn0ctjGIr3OAJ0v6cHn-EOzi7g5w1jM6xQpEgDQg5ysK1Nq.jpg?quality=96&as=32x40,48x60,72x90,108x135,160x200,240x299,360x449,480x599,540x673,640x798,720x898,1080x1347&from=bu&cs=160x0",6
9ed51bde7b1381a231edb0ea5d596e3f.jpg,"https://sun9-47.userapi.com/s/v1/ig2/JwmyjT9tvC3eAsoaMHmIsdYWeF5BiudPQhI7pcpIT9YpEmqEFiowSOPpyl6cb9-jcOwJS0sxvIByW488EuQVQ77V.jpg?quality=95&as=32x33,48x49,72x73,108x110,160x163,240x245,360x367,480x489,540x550,629x641&from=bu&cs=160x0",3
8794edbf3bb5dc8d4120376776cf7ed0.jpg,"https://sun9-5.userapi.com/s/v1/ig2/--51KkIHwZHNJc3obsD6zF2WS-WbV0UeXxEG9RNcBs1Ct24B0zYqrMmzADnAN5xhl3Xmtl4WKjvdBg7ZSc92kRZ3.jpg?quality=95&as=32x32,48x48,72x72,108x108,160x160,240x240,360x360,480x480,540x540,640x640,720x720,1080x1080,1200x1200&from=bu&cs=160x0",0
8bd43604d478dc4e34ee5e96e35ead1f.jpg,"https://sun1-94.userapi.com/s/v1/ig2/NpTGMtWm314XQLjZbyCpNeZdmHCggPzS2pD6J3GQ8Uvk3M7TuxWrPGrajhTrR1zmf8Zgw6_aszfu_Va_TxPzOLmB.jpg?quality=95&as=32x43,48x64,72x96,108x144,160x213,240x319,360x479,480x639,540x719,640x852,720x959,975x1298&from=bu&cs=160x0",2
84d76e8d9635606d29e2b0b89dced8ff.jpg,"https://sun9-88.userapi.com/s/v1/if2/royG-VMj85zG9hC5qjijGK8RC7LX0pDpwcqANI4gKoQYvQ16SnInNKHDi0W_lnMWJ8Zd2mu0OcY2mC3Q-U09872U.jpg?quality=95&as=32x28,48x42,72x63,108x95,160x140,240x210,360x315,480x420,540x473,564x494&from=bu&cs=160x0",3
85ab3d6b563c4af94ca838bbcc5acfa1.jpg,"https://sun9-16.userapi.com/s/v1/ig2/b69MsX3aPVKHCBxn0GslE-e-a7WA38XFs_7Jll2djtl73EUgIKpeFcyGOz04Sq2L1PN06Voer85WDA1DFmtGo42_.jpg?quality=96&as=32x38,48x57,72x85,108x127,160x189,240x283,360x424,480x566,540x636,640x754,720x849,924x1089&from=bu&cs=160x0",6
a5f3709feab6843c8b5dd026f9042a22.jpg,"https://sun9-42.userapi.com/s/v1/ig2/FRqFRLo1rH23LKgX59HXIPFGsW-NtzoLn6L9aBWXP0nsZtBOKFWhRrpumYKsh4FM33bVJd2wE98vHrxIxp0KNWyp.jpg?quality=95&as=32x32,48x48,72x72,108x108,160x160,240x240,360x360,480x480,540x540,640x640,720x720,1080x1080,1200x1200&from=bu&cs=160x0",0
ec16d196dafba47485ec8d9e035df0ad.jpg,"https://sun9-29.userapi.com/s/v1/ig2/GIOwlyN2yw6Wo7jrO94vAyk13lvR8qBDym78cRsYw_B1oOUDE-RwsaZPrJl8XFyy_LF36YY-l_ZBfK9vtFbePSFJ.jpg?quality=96&as=32x40,48x60,72x90,108x135,160x200,240x300,360x450,480x600,540x675,640x799,646x807&from=bu&cs=160x0",6
e1cd2f9fa7506a31d6fab6cd7255db96.jpg,"https://sun9-85.userapi.com/s/v1/if2/eeO8mNMUzn__vSUVl_wE09DW1NCSPvnNMNxno-wB2AIimmUzyjnJ3MctfLqIqzLzy5cLLjiF1Su8MJqkGV4M6fcu.jpg?quality=95&as=32x31,48x46,72x70,108x105,160x155,240x232,360x348,480x465,540x523,640x620,720x697&from=bu&cs=160x0",3
7cfc8446424bff895a783f1ffbb01300.jpg,"https://sun1-17.userapi.com/s/v1/if2/Zz1gD-XAKW_AmaCjHH4THr49nJRgQeFQ2Vr_u99pqqxSxQUhtldAW51kWCGgwsyQ0PhjABO93joF7UwdgqT04nPi.jpg?quality=95&as=32x21,48x32,72x48,108x72,160x107,240x160,360x240,480x320,540x360,640x427,720x481,1080x721,1170x781&from=bu&cs=160x0",2
193e2424f9c5bdf89298a0b1febc87eb.jpg,"https://sun9-72.userapi.com/s/v1/ig2/flT_Moi5dAat2zai4zqZW3MMDlCON4pQth3AmN6IIrOeezkyNVbS695JaNSEre9D6KOMjH7QqlQjCHDcfxPObTC0.jpg?quality=96&as=32x37,48x56,72x83,108x125,160x185,240x278,360x416,480x555,540x625,640x740,720x833,868x1004&from=bu&cs=160x0",6
5d4141ed86c90102f0ff237b97391743.jpg,"https://sun1-30.userapi.com/s/v1/ig2/-UdhVuzdvXmj3GufdmMBJQKAog6IgK2N0TtYEwg6LSyWZ9x0e_1sotorsp25m4Kw-F4pxwkHXTF2bUvAblAkE5r3.jpg?quality=95&as=32x55,48x82,72x123,108x184,160x273,240x410,360x614,480x819,540x922,640x1092,720x1229,750x1280&from=bu&cs=160x0",5
9212e8e8e810be72898caf1ef1a3caca.jpg,"https://sun1-89.userapi.com/s/v1/ig2/eDRi3-Fc06nteo8AZ_eZ2OZiHsByZj_nrHtKrYReZX-5NijwyzZkPPgVCPTaGWGG580KFp0ik7SbFRLZbKNohaJq.jpg?quality=95&as=32x40,48x60,72x90,108x135,160x200,240x300,360x450,480x600,540x675,640x800,720x900,1080x1350&from=bu&cs=160x0",4
648672ce33126147b41a9be8f3c14b4a.jpg,"https://sun1-20.userapi.com/s/v1/ig2/yyRwr3fIXphafwLwTBYF-x-3xOLYSb2qg_LJLupWNqo9SCsfwUMNP9SR6VY0qk72RtV4jzDBedWJgKOgkgYFdkLp.jpg?quality=95&as=32x52,48x78,72x118,108x176,160x261,240x392,360x588,480x784,540x882,640x1045,700x1143&from=bu&cs=160x0",4
a6f747ac17247d992d242ec46821454a.jpg,"https://sun1-86.userapi.com/s/v1/ig2/X9kGPI-3D4ZHj0VFY80EVu8OCfMO0SRPVlJpwxzDsvef0-jPkpo4zb_VVyaq5KLrQQt1HqTwMxogE7OW0bUA2fk_.jpg?quality=95&as=32x32,48x48,72x72,108x108,160x160,240x240,360x360,480x480,540x540,640x640,720x720,1080x1080&from=bu&cs=160x0",4
28ffbfae14464474e0006a51201596b7.jpg,"https://sun9-60.userapi.com/s/v1/ig2/vD3fj7CHwdhdDL8c8k0ZCKuwFtlUDPe2eKVln0CiDnYAyZzFre_WUj9PuCmMSFJLdaLGn5vIf_3Yx9JPOPKvVH3m.jpg?quality=95&as=32x38,48x58,72x86,108x129,160x192,240x288,360x431,480x575,540x647,640x767,720x863,1080x1294,1280x1534,1320x1582&from=bu&cs=160x0",6
fefd9d397581c79dc983770739f7d791.jpg,"https://sun1-87.userapi.com/s/v1/ig2/AHwYIgFlyaYInQu0L8IOPv_71B5sfaQSYgljP17BXKvKorx_RKlCelUTl849bJ2D6Xn6p1VFqrTV5z4JyM6M5UFC.jpg?quality=95&as=32x41,48x61,72x92,108x138,160x204,240x306,360x459,480x612,540x688,640x816&from=bu&cs=160x0",2
b83443a79588b1e59758049c575186e2.jpg,"https://sun9-52.userapi.com/s/v1/ig2/TqgX-zGspYJRdxsQE_Ra1XLV2KrtIIZqcX_GzACDw0mDMsHqVwYRXmExcZXAY5rn0_GKvqw_Wb8PaC-RVIemENUI.jpg?quality=95&as=32x32,48x48,72x72,108x108,160x160,240x240,360x360,480x480,540x540,640x640,720x720,1080x1080,1200x1200&from=bu&cs=160x0",0
5f46b6cf42127ba544b08b59f422d3a7.jpg,"https://sun9-26.userapi.com/s/v1/if2/7_OKNlf_7xhNDAe6XbNEXZrRSbMLTkQ_1iCfKn-cBDeAGaqKq90O266ZnvNd1ybKHLqTtv8mtf3029M_K3II_bE6.jpg?quality=96&as=32x27,48x40,72x60,108x90,160x133,240x200,360x300,480x400,540x450,640x534,720x601,1080x901,1280x1068,1350x1126&from=bu&cs=160x0",6
82539d2f2dfcd83a04c24aece18e01a6.jpg,"https://sun9-27.userapi.com/s/v1/if2/HzjmDqcBUd34RJC0WNseWntuQvrHkWKaXjMU7wdYXy4s9gngbYREkn4tT0Sw9muHv1KmisrkCO1ZyO7VqdNljh3H.jpg?quality=95&as=32x21,48x32,72x48,108x72,160x107,240x160,360x240,480x320,540x360,640x427,720x480,1080x720,1280x853,1440x960,1620x1080&from=bu&cs=160x0",0
d51b981b3fe8dc5671069faab3437c67.jpg,"https://sun1-83.userapi.com/s/v1/if2/8y5NvxBCKQN25PKNQvKjbHk2K1URxzx_dXj7Xk6TrNjvIm3yJxFjHW7QRTi4Dxsv2QtuMKuTEVo-KiroQleVPvCd.jpg?quality=95&as=32x21,48x32,72x48,108x72,160x107,240x160,360x240,480x320,540x360,640x427,720x480,1080x720,1280x853,1440x960,1536x1024&from=bu&cs=160x0",2
9ec676d5c12233a653d44ccc4554a8cc.jpg,"https://sun1-84.userapi.com/s/v1/if2/pUvjdBCb8UmJhirRsx_NtvqG_3OmWhkUrWL_igXbc7RNvBmnJ2AOx2d5bK2Ct68N7rNYZxM5BflOLjLhizJQCBo7.jpg?quality=95&as=32x21,48x32,72x48,108x72,160x107,240x160,360x240,480x320,540x359,640x426,700x466&from=bu&cs=160x0",4
3357907fd6604ac5d641031893118790.jpg,"https://sun1-29.userapi.com/s/v1/ig2/EWXtVpBXLZLm0sTQIsEvIW8BZX8diQ-qpUGQ6xwtN8l1EBkQKQ_esNs2wrgxKCGSwDPRXQ_A0tX3aJGOzxIzPMR4.jpg?quality=95&as=32x32,48x48,72x72,108x108,160x160,240x240,360x360,480x480,540x540,640x640,720x720,1080x1080,1280x1280,1440x1440,2400x2400&from=bu&cs=160x0",0
72d2a391f0b867767546b3765039db04.jpg,"https://sun1-24.userapi.com/s/v1/ig2/3Aft1eee-75ZJ_TF3grZk4DmCu4_quD1jQLCoLPyMfM5Z6_mWRLQgpp3qcRlx6qmU6Jsxl34A9c2nCs-qOpPXO9c.jpg?quality=95&as=32x40,48x60,72x90,108x135,160x200,240x300,360x450,480x600,540x675,640x800,720x900,1080x1350&from=bu&cs=160x0",4
260391e7db28737280a3aa00cb5a5388.jpg,"https://sun9-44.userapi.com/s/v1/ig2/TNVRvZhKq_HjEzVsD0KKyzyASdIFOAMaM9EjiCerkcXGg1JQAZamf68_ceHLahRIyyy9tJspDcnNtKExuFMEIj31.jpg?quality=95&as=32x32,48x48,72x71,108x107,160x159,240x238,360x357,480x476,540x536,640x635,720x715,820x814&from=bu&cs=160x0",3
02479e713d1c87231b3ce9d293fcd118.jpg,"https://sun1-27.userapi.com/s/v1/ig2/3nbG9C6of_DuGJhUOqcGnCxah0_XTkz-67PTYoGp5hbhznMWn3PescymBbpZHau_mBqpyAo9-aYOUVxS6csNUEao.jpg?quality=95&as=32x32,48x48,72x72,108x108,160x160,240x240,360x360,480x480,540x540,640x640,720x720,1080x1080&from=bu&cs=160x0",4
74f5ef910776a367cf75e8d6b2acfd15.jpg,"https://sun9-53.userapi.com/s/v1/if2/IWnjoKB1Ojrlb9naWA9u3P-PHvyYzj6CJ-d3cLBMMWkSGOYjuih3dCHzK8gCc6bzfQdUCEZBoStBHJVrsrdSTLmi.jpg?quality=95&as=32x25,48x37,72x55,108x83,160x123,240x184,360x276,480x368,489x375&from=bu&cs=160x0",3
ecaa43eb9fc3eccbdae63f35a80ccdac.jpg,"https://sun1-86.userapi.com/s/v1/ig2/sHImQxBRjAqt1TD1wwHh1O3yB_yHX5hv2kyv335lld2YDgj_S6JekAqZRdtjlnFSYrpkxtrlC2f_bYrN943Rzs9r.jpg?quality=95&as=32x36,48x55,72x82,108x123,160x182,240x273,360x410,480x547,540x615,640x729,720x820,824x939&from=bu&cs=160x0",2
954e8677a4ba5263992396b4559c4952.jpg,"https://sun9-9.userapi.com/s/v1/ig2/E-XYBo-ngOrsIFwZOHbtO7jy7YNOm1IM8GsmdAkqMK52ITT-JrN93REY2XT-jjnyp99t7-dmRCCHzvG_jvKQtAoo.jpg?quality=95&as=32x32,48x48,72x72,108x108,160x160,240x240,360x360,480x480,540x540,564x564&from=bu&cs=160x0",3
8a65ff83e6772bdf62532c0fdb6b57b2.jpg,"https://sun9-78.userapi.com/s/v1/ig2/wWXpqHfW72W83nZhm9ltyQ5hrQWIWWYbXw0ddGaMtG2w6-ZaWxSZ-63-XrDBPtxlk7mcxCu9Hs0hYIuedXLSgi5D.jpg?quality=96&as=32x44,48x66,72x99,108x148,160x219,240x329,360x493,480x658,540x740,640x877,720x987,1080x1480,1280x1754,1440x1974,1576x2160&from=bu&cs=160x0",6
a2ef5833269fb4af65cb4089478c0294.jpg,"https://sun1-57.userapi.com/s/v1/ig2/Y0xeQYEwCdOobmEfQBBg2kU1M35iz_xRsf4FIkHhMLfBelxtz1ID5n7pEjlQaBnxDeA1bXGLIIo5MSHdPOMPIXPU.jpg?quality=95&as=32x49,48x74,72x111,108x166,160x246,240x369,360x553,480x738,534x821&from=bu&cs=160x0",2
e1e15187715be28a23a416288251afd0.jpg,"https://sun1-30.userapi.com/s/v1/ig2/sSgbq34Hv21iKJmFBngEPoalTdJS48ylkiZCjAVacMk0CcC-2XVauZeLGnCw195o8zKHPmgq1_gHs7RAInoz-GFh.jpg?quality=95&as=32x32,48x48,72x72,108x108,160x160,240x240,360x360,480x480,540x540,640x640,720x721,1080x1081,1279x1280&from=bu&cs=160x0",5
38420ebf0613fc5768c88ea7da3e740c.jpg,"https://sun1-47.userapi.com/s/v1/if2/Pwy1OD_h76328g63E4lv_uZTACfwDzZYsyqYAiAApLYsEqW1ZYtL4Hik7JDOrrRX-zCrHMCuz_0m5ytlV8_rwCwy.jpg?quality=95&as=32x31,48x47,72x71,108x106,160x157,240x236,360x354,480x472,540x531,640x629,720x708,827x813&from=bu&cs=160x0",2
7e1a95b2575595e21673cc77584cb7c4.jpg,"https://sun9-50.userapi.com/s/v1/if2/lZExLG-5kvqGd0T_GShIM7o0sfsid0W7QdPplNJufKkMrGbWauVqDLPOgeGoQ5RBNnWWwaBDTs94IMUcff3x6_MV.jpg?quality=95&as=32x29,48x44,72x66,108x100,160x147,240x221,360x332,480x442,540x498,640x590,720x663,1080x995,1280x1179,1387x1278&from=bu&cs=160x0",1
b38b12b154cd3b7b83446b06195da6c1.jpg,"https://sun1-26.userapi.com/s/v1/ig2/rgtXR6QFvCbwukyCOja3R7FXyEHdwhD3doRzBgrwkEwIDFDu0vq_e9VTUzSgsH1dKy3ir2T8i74rv3d_8Si_C6fV.jpg?quality=95&as=32x32,48x48,72x72,108x108,160x160,240x240,360x360,480x480,540x540,640x640,720x720,1024x1024&from=bu&cs=160x0",5
1443e21ee679912be5eef022e1b2e976.jpg,"https://sun9-18.userapi.com/s/v1/if2/gBe9cBpEX5H5gsTEO5h8V-J3cgr1LBgPKYTmMxTV5yIAITl8thevm8z0R0gSOryRDkukoTx4LpDDK2XZjbh4uEzQ.jpg?quality=95&as=32x21,48x32,72x48,108x72,160x107,240x160,360x240,480x320,540x360,640x427,720x480,1080x720,1280x853,1440x960,2560x1707&from=bu&cs=160x0",0
2a697f869cfe328cb76410dd319b355b.jpg,"https://sun1-47.userapi.com/s/v1/ig2/9yjU5hC5icLQlsbvFSQMapUJss_1GKk9Cox6yh127-10zhwexue0GeT_vS7gWXDLLtW01CbbPqzhID3co45U7fhb.jpg?quality=95&as=32x32,48x48,72x72,108x108,160x160,240x241,360x361,480x481,540x542,640x642,689x691&from=bu&cs=160x0",2
87cdecf332f1826d0edc06fe799c9986.jpg,"https://sun9-32.userapi.com/s/v1/ig2/q5Axdf4CKWUzObtdYtap4mKClxfMR8lNUCRmPbqkprcCxHdUGJrudbfMHhJdFnErcU3ZfldDhADO1ouVeXRX8327.jpg?quality=96&as=32x57,48x85,72x128,108x192,160x284,240x427,360x640,480x853,540x960,640x1138,710x1262&from=bu&cs=160x0",6
315f912b85b7acec4c3da09401cd01c8.jpg,"https://sun9-73.userapi.com/s/v1/ig2/hl-H5t0uG1iuTyNSyO1f2kJhd7KPnFVSvUQ82wzVrFayct5WyszRKXgqCOSW14ebFwNAMod8wuO_gdYwSrE2grE5.jpg?quality=95&as=32x32,48x48,72x72,108x108,160x160,240x240,360x360,480x480,540x540,640x640,720x720,1080x1080,1200x1200&from=bu&cs=160x0",0
1592d7266562c4c06696f1cdf6f8aaac.jpg,"https://sun9-79.userapi.com/s/v1/if2/nLhg8hGxvdv0yvQag4gB1mQRFIQqwVrxBSSOOwtkIFiJowkEDpyOnpGKOGgcScF2srvqriv5sAIovp-1fG3TAxy-.jpg?quality=96&as=32x24,48x35,72x53,108x80,160x118,240x177,360x265,480x354,540x398,605x446&from=bu&cs=160x0",6
4560c44b93415edd5af54fbf310c48e2.jpg,"https://sun9-85.userapi.com/s/v1/if2/a0kSGIlRzTgnphqlNBhxrsHATQhzrIP4WKN31lQ4_r7sy4Q6gPei2iwJC_lvsly_UsmVF0BQsv9dBwcTsvrXGiZY.jpg?quality=95&as=32x23,48x35,72x52,108x78,160x116,240x174,360x260,480x347,540x391,640x463,720x521,919x665&from=bu&cs=160x0",3
2ccf4235a6cfcf728dbe5a8d93e5dc97.jpg,"https://sun9-20.userapi.com/s/v1/ig2/2F1CYRvyBAukPGxHHSeV6UDjMfmSKrxwn-C0FYHUXkcmTey3KYUhnyFKw5-wBim_P-azDtzNuiAZVCzHemwP7oKD.jpg?quality=95&as=32x32,48x48,72x72,108x108,160x160,240x240,360x360,480x480,540x540,640x640,720x720,1080x1080,1200x1200&from=bu&cs=160x0",0
b9f20575f47d8c15479f646fe0576ccc.jpg,"https://sun9-83.userapi.com/s/v1/if2/TiEf2S5DF3wLKRGhLlhw4IdKxNWcqtv-obufbrwH2wZ3yvv2f9ylrcI4w3B2-rA-nUq_xbxjd1siNBRQEKd2_npP.jpg?quality=95&as=32x30,48x45,72x67,108x100,160x149,240x223,360x334,480x446,540x502,640x595,676x628&from=bu&cs=160x0",1
8927559c7ee58fddb5b43512f660bc3f.jpg,"https://sun9-20.userapi.com/s/v1/if2/0CXzqoZdmNO5ni5RnbSuOiEb6GfiDaDX8eHK4I3JEDMYTjR1nyquEJK6FX4lpPQKhdblG8NYFYZqC_CtRQWFWBMc.jpg?quality=95&as=32x18,48x27,72x40,108x61,160x90,240x135,360x202,480x270,540x304,640x360,720x405,900x506&from=bu&cs=160x0",1
1d873dfcf0e66c0a95e2cf0f0947cfe5.jpg,"https://sun1-55.userapi.com/s/v1/ig2/KWBX8YXADK35wEKtW6L75rrSbHFNdLN01KnWEFSCJs_P5urSCx9WJTZt3vRsp3q7Rjz7x2nnm18ZU2Dom-B6wWVK.jpg?quality=95&as=32x36,48x55,72x82,108x123,160x182,240x274,360x410,480x547,540x616,640x730,720x821,984x1122&from=bu&cs=160x0",5
50356704fe8e8b3f1cad4c292594a95d.jpg,"https://sun9-33.userapi.com/s/v1/if2/4ocWJJWUsIshYQtY9QteFw9eENo_dg2zq-s2uSNO6MUm3bmOQiUa1r3e-WoaS5mohllVV-3F6gR6Y7h0p0HxOhzT.jpg?quality=96&as=32x29,48x43,72x65,108x98,160x145,240x217,360x325,480x434,540x488,640x578,720x651,1080x976,1224x1106&from=bu&cs=160x0",6
df4620a0b1f4a81ce947bfde5e06d31b.jpg,"https://sun9-24.userapi.com/s/v1/if2/0wK5-CPjG93sNhppe9ddacb1f8v8AiunI0pPY1QBZ2MZOtdRRFIaU6s4iOaWeVQim5QksJqFB3b0O1fUqWvC5ooC.jpg?quality=95&as=32x27,48x41,72x62,108x93,160x138,240x206,360x309,480x413,540x464,640x550,720x619,1080x928,1280x1100,1440x1238,1482x1274&from=bu&cs=160x0",1
ad3d05ce428c0f0cccc231449a7a1a4c.jpg,"https://sun1-16.userapi.com/s/v1/if2/QHwnLEZAQunXrVdmqG50On0iGxVM2grqq4j-tQo6KxcI26I93sgQzkf9cQBJq9DbtffVVeeD8d6AXN2IeV2MjYIm.jpg?quality=95&as=32x21,48x32,72x48,108x72,160x107,240x160,360x240,480x320,540x360,640x427,720x480,1080x720,1280x853,1440x960,1536x1024&from=bu&cs=160x0",2
c2871a83adf419071b2a015ff35a55d9.jpg,"https://sun1-16.userapi.com/s/v1/ig2/2ngwPoxi_facUfNwbaGwDyezs5WzDOU67cyc9keUNqZUsqpLIvT1EEIadIEGDL-hZ7W58r8uEKtoZyl539ZFgSvw.jpg?quality=95&as=32x53,48x80,72x120,108x180,160x267,240x400,360x600,480x800,540x900,640x1067,720x1200,768x1280&from=bu&cs=160x0",6
70686c6ac8c92556cc0c5c9888ce53a6.jpg,"https://sun1-14.userapi.com/s/v1/ig2/EH7lMkk1KLVEcTVKJkTNycXmQk1yO52zXEipRgVVK_y7HKFNH1lmpAy3H84_2qsaB0wScucA5QNaiI3WDoNgA3XL.jpg?quality=95&as=32x32,48x48,72x72,108x108,160x160,240x240,360x360,480x480,540x540,640x640,720x720,827x827&from=bu&cs=160x0",5
06d559d746c860daaea0dade2199cd18.jpg,"https://sun1-95.userapi.com/s/v1/if2/MaJBxU7SkFfP6Pr2DiPnw9S7xGgw3FY7l8m5TsHavOj2IkSGiUj04xr9s5UAvGMJ9q6w-R9BD3p0_ATsM4kBAwQH.jpg?quality=95&as=32x17,48x26,72x39,108x58,160x86,240x129,360x194,480x259,540x291,640x345,720x388,800x431&from=bu&cs=160x0",2
cc15888e4d8264ec090f171d67e18d84.jpg,"https://sun1-19.userapi.com/s/v1/ig2/NlVbf6KWEipCfqyJ3UhwyWr9Iii-dqqBOCMJJ9Ep5-yCZUBvgH95NkwYxu0weZnAhfElngUJQMUib3iOI8ykcmUb.jpg?quality=95&as=32x42,48x63,72x94,108x141,160x210,240x314,360x471,480x629,540x707,640x838,720x943,1024x1341&from=bu&cs=160x0",2
1317e701521f4b101606a7d5834e892c.jpg,"https://sun9-84.userapi.com/s/v1/if2/5iEyFybHKUhpLvIBmJysK2L0DUGcL_CpK1y7Mm86C-APnyCf-WPlH19Z2_GOYg_4Q2NlOMU5QfGeTGXXyibruqHC.jpg?quality=95&as=32x21,48x32,72x48,108x72,160x107,240x160,360x240,480x320,540x360,640x427,720x480,1080x720,1280x853,1440x960,2560x1707&from=bu&cs=160x0",0
d786df7498e087375bfd7655c3e7c6ef.jpg,"https://sun9-16.userapi.com/s/v1/if2/GvmGtIULAY9HuX2181gkP2-l-CWdn9RtD61dvq9sPNl-NEa6_ylzPe3rJPISGwjIn9djnN_32F7ikkQs6T8eNdCN.jpg?quality=95&as=32x31,48x47,72x70,108x105,160x155,240x233,360x349,480x466,540x524,640x621,720x699,1080x1048,1200x1165&from=bu&cs=160x0",1
567d2f86a2369874faf6b2dfe49356bb.jpg,"https://sun9-15.userapi.com/s/v1/if2/uY1TkNxg2k-Xfuz2s9gDmw3sosAFYI3ZHiUuGSDDuiX9a0eiOkuhN_kl9HjPlhsGtpffNaJkHk3qJJ7c4_CRynU4.jpg?quality=95&as=32x21,48x32,72x47,108x71,160x106,240x158,360x237,480x317,523x345&from=bu&cs=160x0",3
9820c1dcf22cc8ca6e308f2a89e35a26.jpg,"https://sun9-47.userapi.com/s/v1/if2/P-wPMyUC7PXorqWZDvh4Y2o1F9wm_eEM-_z48gVj8sRkTjs9bzvOsnvsYJIjKboPc_qqO4TETyPbBzcSnKbRPaRX.jpg?quality=95&as=32x24,48x36,72x54,108x81,160x120,240x180,360x270,480x360,500x375&from=bu&cs=160x0",3
55d9c7d2d9daec09a2b4993a3d040ff6.jpg,"https://sun1-88.userapi.com/s/v1/ig2/b6DzZEH6kOXwQpbFNgZEDajROCp31S_D4btdx6SLti6Pt8uKxlg1U_iudnoTY1hvg43a5RqQwNKwhQDtxnKljCxD.jpg?quality=95&as=32x32,48x48,72x72,108x108,160x160,240x240,360x360,480x480,540x540,640x640,720x720,1080x1080,1280x1280,1440x1440,1500x1500&from=bu&cs=160x0",5
1087707324b669d08e723b5f9a6b76a1.jpg,"https://sun1-13.userapi.com/s/v1/if2/2XC19EVSPNdrwFy6oV32yNC7ilSmLtoypQAz4cNHO82nWwtoEIptBY5FvT8c9dn3POJx6pdJHh9PndLpMWLNd-gt.jpg?quality=95&as=32x21,48x32,72x48,108x72,160x107,240x160,360x240,480x320,540x360,640x426,720x480,1080x720,1280x853&from=bu&cs=160x0",2
2157c4c3a20cff1eb73aad46cb66a65f.jpg,"https://sun1-92.userapi.com/s/v1/if2/UYC9g1FE9gJnTKpBa5ZYWrqtoGjkr7bH_yQZxSK-vdE9xQezaNGITCYSIXucXchOx6NNAIlGQy8Ehwbe-1eaRzRO.jpg?quality=95&as=32x31,48x47,72x70,108x105,160x156,240x233,360x350,480x467,540x525,640x622,720x700,1024x996&from=bu&cs=160x0",2
f52582ed5cbcecb7ea02d4c670c6d227.jpg,"https://sun9-39.userapi.com/s/v1/ig2/PMfYOF-VzRox0DTVH9_uyyYAuq7jvIzn6oVHDS7Af1djcAJkQA-GRQrUUpZ6zfNjs48mwUK9-j6erXkPjntF9d3e.jpg?quality=95&as=32x32,48x48,72x72,108x108,160x160,240x240,360x360,480x480,540x540,564x564&from=bu&cs=160x0",3
15d0e05c5c731aa6557ba6e247c3ae12.jpg,"https://sun9-82.userapi.com/s/v1/ig2/2wXZh1aAAZqJtV_97jL9oDupA0Knb-aZ8nFghyY2Ux6tYpH5cedCerwPn3UF6t8dHY7R6VA078kyh4bcNQeynInm.jpg?quality=95&as=32x32,48x48,72x73,108x109,160x162,240x242,360x364,480x485,540x545,591x597&from=bu&cs=160x0",3
50e917f8cee080e58f415a683fd0b9b5.jpg,"https://sun9-70.userapi.com/s/v1/ig2/YbwnFeQAg5pl3WpN-lV5-tB6und7rcFaXfjmchBBvkrCsNY_GG5S8zGXV2KaHYnKbaOETRDLqwuTrkgpHP_YitCz.jpg?quality=96&as=32x42,48x64,72x95,108x143,160x212,240x318,360x476,480x635,540x715,640x847,720x953,1027x1359&from=bu&cs=160x0",6
444fd525b05a12cde305a9a8d8fe1fdd.jpg,"https://sun1-97.userapi.com/s/v1/ig2/gaIluYjTYKexOdom8WU95f_0gXHqxvtiLodZqHZc_0IVzAHlaYFG5jyE3FXVjIRuRufwvrIWTm0EENh7729bt-xH.jpg?quality=95&as=32x32,48x48,72x72,108x108,160x160,240x240,360x360,480x480,540x540,640x640,720x720,1080x1080,1280x1280,1400x1400&from=bu&cs=160x0",4
04e0321fd6b4e8c41347753284b5a419.jpg,"https://sun9-13.userapi.com/s/v1/ig2/52sK2Z5dWsq-8f49rn3uA4WIpdSlwjB-euEeCrxeDc-RnUk8YbMhSXPfnmLS5UWPklsc9CNwuKojh8NSjlFsLlvQ.jpg?quality=95&as=32x47,48x70,72x105,108x158,160x234,240x351,360x526,480x701,540x789,640x935,720x1052,739x1080&from=bu&cs=160x0",1
e9169bab4bbffcf190a7d1eae9cc45da.jpg,"https://sun9-22.userapi.com/s/v1/if2/TO6BQdPONOaX8t37pbPkrLVyLWcYN5PvlXEiz_HG7_sSWaOGXo5BAOa4tbhfmjRInFnXbQ0XiK70RtJ4moSP7IJ_.jpg?quality=95&as=32x23,48x34,72x52,108x77,160x114,240x172,360x258,480x343,540x386,640x458,720x515,1080x773,1121x802&from=bu&cs=160x0",3
97c7f055bbf06f55b21e075b1d36bded.jpg,"https://sun1-57.userapi.com/s/v1/ig2/HzpGcbt0RS3_IWoCcOMS0RGLpqqKJhgvwhZ3rXh4QJaZScwIhhhlfCHygQs4Fr4xrQQZ2gV1Es2ryY50WhaQy_bt.jpg?quality=95&as=32x32,48x48,72x72,108x108,160x160,240x240,360x360,480x480,540x540,640x640,720x720,1080x1080,1280x1280,1440x1440,2560x2560&from=bu&cs=160x0",0
c12abf722b8791997c3125bb0a839174.jpg,"https://sun1-87.userapi.com/s/v1/ig2/7WDV-Lg1C6flc0BHKs4h0QjsRrzQQZzagYTv1TPPuM9X5z2RRcmvDCsJ4aTnjasPQtm3fy0Utftsg8KxgwXNHhaw.jpg?quality=95&as=32x40,48x60,72x90,108x135,160x200,240x300,360x450,480x600,540x675,640x800,720x900,1080x1350&from=bu&cs=160x0",4
10c75ae89eda9f3859361999961873ac.jpg,"https://sun1-22.userapi.com/s/v1/if2/TIF-cZrKkBOGLLi6IcC9b1EIba4TXy5h7J__Y_uPjdbkO5vOm-qAdAInjo_ZY3RWeyfo4bDFui6GwUcLbt9YNTGM.jpg?quality=95&as=32x21,48x32,72x48,108x72,160x107,240x160,360x240,480x320,540x360,640x427,720x480,1080x720,1280x853,1440x960,1536x1024&from=bu&cs=160x0",2
19b3470c220d8b76b4b872f4655b670e.jpg,"https://sun9-68.userapi.com/s/v1/if2/0C5p3fh-r2zLpq9BS1RS9oF5G_JzyDgz78cT2Niv1gn1GzF33-H2a2aDWJ43GySRqF_-UVqk1ZNaJnnO2l6D2veS.jpg?quality=96&as=32x29,48x43,72x65,108x97,160x144,240x217,360x325,480x433,540x487,640x578,720x650,1080x975,1280x1155,1440x1300,1816x1639&from=bu&cs=160x0",6
588e855be6ad9a76c6aecebfcb25d78a.jpg,"https://sun9-70.userapi.com/s/v1/ig2/NDRxKDVtRFntAFc4FpMW49VDbVMlYkGzO-7_kY3ypzz8x_MNspIMA5S4YJk7xHjv-Rcnv0OlAJwqkL19wfavDj9O.jpg?quality=95&as=32x32,48x48,72x72,108x108,160x160,240x240,360x360,480x480,540x540,640x640,720x720,1080x1080,1280x1280,1440x1440,1800x1800&from=bu&cs=160x0",0
abcbcc2d678c8e8582ed4ade5b7ae7bf.jpg,"https://sun1-83.userapi.com/s/v1/ig2/OklSccz3Z_kAgKop7E6ZHGIHE5RL9dTYaJZ9k47DAEowUqRTZ_vv6OMWYRbKF3Vx2gizmg074TH_Wgexgb7z7CN4.jpg?quality=95&as=32x48,48x72,72x108,108x162,160x240,240x360,360x540,480x720,540x810,640x960,720x1080,1024x1536&from=bu&cs=160x0",2
7dc3e619b19f880ad29b70e89cf5e115.jpg,"https://sun1-20.userapi.com/s/v1/ig2/-61BAXI1owF6MJDjkyuzhgty2paIRniTDqd1u2AGtDrwBcvBxhc1gZ8V-KH_1rRB0qlc76DZKjZc3gGcpJKEhzos.jpg?quality=95&as=32x48,48x72,72x108,108x162,160x240,240x360,360x540,480x720,540x810,640x960,720x1080,1024x1536&from=bu&cs=160x0",2
e5c4bfacca866392314ccbd72aaee6e2.jpg,"https://sun9-56.userapi.com/s/v1/ig2/wQ2-_5RC4fWyEmnExQ2GqqFbT7s5PM13xAoGOVDemmYnjYhBzKyp6WvMTXLRwYwV_LtbDcV19drsYN5STZT48XMD.jpg?quality=95&as=32x32,48x48,72x72,108x108,160x160,240x240,360x360,480x480,540x540,640x640,720x720,1080x1080,1280x1280,1440x1440,1800x1800&from=bu&cs=160x0",0
84f3e4469e7ef539af2c00c00976fc0a.jpg,"https://sun9-56.userapi.com/s/v1/ig2/P-JQCzEEuRvlof10hZjs0unKawxunACL0HSCg2q1qwXwNYrtCxtqo7gzp1Pi8d3v70HQoqwBqUR5Xgn1sL5erWXE.jpg?quality=95&as=32x32,48x48,72x72,108x108,160x160,240x240,360x360,480x480,540x540,640x640,720x720,1080x1080,1280x1280,1440x1440,1800x1800&from=bu&cs=160x0",0
f5181425c4cc54837e0e4254d3a888e0.jpg,"https://sun9-25.userapi.com/s/v1/ig2/w6icDGqgaZ0mWSqDL8PW3edVqSdmbUjblpIw4DuyHlGp8dmtNHZuh3ogrUR8PTXpx78GDsctxElwcFZwe9vHqmRi.jpg?quality=96&as=32x48,48x72,72x108,108x162,160x240,240x359,360x539,480x719,540x808,640x958,720x1078,1080x1617&from=bu&cs=160x0",6
915fc814a14c1b427890576db0fccb95.jpg,"https://sun1-24.userapi.com/s/v1/ig2/-K5ccjDtoOrkrgov8qRXf0rc2F8kT-22z09bDqtdYtytoV8HH4zABewfZPetB6UOIPpXM6SiA85_xPNOa0Lucjug.jpg?quality=95&as=32x40,48x60,72x90,108x135,160x200,240x300,360x450,480x600,540x675,640x800,720x900,1080x1350&from=bu&cs=160x0",4
bd920cc4c997cf3dd023642c72501ba5.jpg,"https://sun9-52.userapi.com/s/v1/if2/5y_rOZQkNyNTfzFOdfjUbj5LOWqlm69rkBVb4mV_FwnJjgYvB_d9WSBKaBaRDmHEMFYuZVrTmmntoDBsmRt1m9bB.jpg?quality=95&as=32x26,48x39,72x58,108x88,160x130,240x195,360x292,480x390,540x439,640x520,720x585&from=bu&cs=160x0",1
b82cb389fd63c8b05edaeb987dbd38b7.jpg,"https://sun9-40.userapi.com/s/v1/if2/ubYNBFAZhhhsW38ExibTpi2qcnZugMNmai8RPbxexpES24gH9Yc-2AGG0Bj3igLlBlTevnRxVNbYu1kX1-e6510k.jpg?quality=95&as=32x28,48x41,72x62,108x93,160x138,240x207,360x310,480x414,540x466,640x552,720x621,1080x931,1280x1104,1440x1242,1489x1284&from=bu&cs=160x0",1
0176b92c6d11b8ca116bdb4ebd931ed2.jpg,"https://sun9-41.userapi.com/s/v1/ig2/4fS0qIEiE-YtjV47TxWjdVYH7dklEZ6lTRXaDywBQY9iSCEcwIJ0kvg1mKVeucuq7_9qupaQY9mPi0k3BkdSMw06.jpg?quality=96&as=32x43,48x64,72x96,108x144,160x213,240x320,360x480,480x640,540x720,640x853,720x960,810x1080&from=bu&cs=160x0",6
45cfa37fd184b7fcf8245b4430f01b69.jpg,"https://sun9-32.userapi.com/s/v1/ig2/FgZAoeQze4eGAd41gXgokgan0HEimRjpBaUoVPt4CK1yoZu3Ud8mM-U_c2kG0fXhD9mBrLoovCUdToyDdImD22ZL.jpg?quality=95&as=32x40,48x60,72x90,108x135,160x200,240x300,360x449,480x599,540x674,564x704&from=bu&cs=160x0",3
fdd3b53477b8181ba84a366e01854eb4.jpg,"https://sun9-60.userapi.com/s/v1/if2/9UsnhlMIl1O-j1l08JahZVey6nRN3eKmKpGG-SjqBnq08U5_GBud5teIRn9MB-9JfJ9CULucDznfP6xeag1sJkHu.jpg?quality=95&as=32x21,48x32,72x48,108x72,160x107,240x160,360x240,480x321,540x361,640x428,720x481&from=bu&cs=160x0",3
2bea8cd3b8f7037016c8453a9ac2b5f3.jpg,"https://sun9-42.userapi.com/s/v1/if2/MdBJvU-6ge5yMPkOYgmJuv4FUOP176gB9Q_gqfCnoyc7buVnM5Zj8jBYIiJfMo2rpaE7cA83g7El3VU-5NQ0j5Bd.jpg?quality=95&as=32x21,48x32,72x48,108x72,160x107,240x161,360x241,480x321,540x361,640x428,720x482&from=bu&cs=160x0",3
9db98cce8ab4028f0475331a20898857.jpg,"https://sun1-90.userapi.com/s/v1/ig2/cBr4nnXFpdM53sNSdU-upBz-SIbi2iRRTh6YBUiL9a1cOWGGBXica9UzJ4_kzFZiK5Vw-sCw436_K2xEh9EXaSUC.jpg?quality=95&as=32x32,48x48,72x72,108x108,160x160,240x240,360x360,480x480,540x540,640x640,720x720,1080x1080&from=bu&cs=160x0",5
30d87f0b1daf1cc03d16b56136435230.jpg,"https://sun9-37.userapi.com/s/v1/ig2/NRnJScryJu_N2bLQlDXpa3c3oHvBNVuWCxMbdDPtIQpMw1nZLBCrVESyOm6BchcQrk-BIclCZzjDJGy0H0w1TUp2.jpg?quality=95&as=32x48,48x72,72x108,108x162,160x240,240x360,360x540,480x720,540x810,640x960,720x1080,1080x1620,1280x1920,1440x2160,1707x2560&from=bu&cs=160x0",0
b8300f048a6087797d68e25e88b59538.jpg,"https://sun9-30.userapi.com/s/v1/ig2/okJ6NjrAl4Ain4W0bjZ8000vfAgZcuMWQnc1ZwV0Tg66F3ey_YPFreqvzRcssu-JOhhEfh0ifjrNZnDsze9Q2yPo.jpg?quality=95&as=32x32,48x48,72x72,108x108,160x160,240x240,360x360,480x480,540x540,640x640,720x720,1080x1080,1280x1280,1440x1440,1800x1800&from=bu&cs=160x0",0
bfc2c7fd6f973e850c46e07e7fe16520.jpg,"https://sun1-25.userapi.com/s/v1/if2/77GIwD4LDCSj6v9TcwwIBS2oy7RHEzsq7XJN9LcNMC7ot6OgxLyZS-KZ4s4q_BTBCHdiyOL6wg_bEZWHf4zTjI-t.jpg?quality=95&as=32x27,48x41,72x61,108x92,160x136,240x205,360x307,480x409,540x460,640x546,720x614,1080x921,1200x1023&from=bu&cs=160x0",2
94795f1da20204337467881887d5d4f0.jpg,"https://sun9-73.userapi.com/s/v1/ig2/-8AXhYr4JMYoIGTxXA_NgN03g8vOGRDL4Rm5wHdh1JfV1PVZGSSty8ARzixRKj-G0gDzcCy9TEFkjf_jq5FCGXhk.jpg?quality=96&as=32x40,48x60,72x90,108x135,160x200,240x299,360x449,480x599,540x673,640x798,720x898,1080x1347&from=bu&cs=160x0",6
8a0fa512b444f2f2db6d427b62885fbd.jpg,"https://sun9-34.userapi.com/s/v1/if2/EeKSl7J0ZatqiFvKiFcvVck7NG1EDfdWCTMdtGPe6pNGP8J0cAZSak6TUrlo_TOA7kVZr3PYBnyyNH3gU-RqfMdn.jpg?quality=95&as=32x23,48x35,72x52,108x78,160x116,240x173,360x260,480x347,540x390,640x462,685x495&from=bu&cs=160x0",3
9334624bc1dec8e398ec2b40527c67dd.jpg,"https://sun1-26.userapi.com/s/v1/ig2/5hNojhraTyYpSbGlBE6_vPeAOHQkdetd0w67oemSRJuxsrL33subMjd0cn6hfM8NHRBlQGA6sWBS3auMxDO8r74o.jpg?quality=95&as=32x32,48x48,72x72,108x108,160x160,240x240,360x360,480x480,540x540,640x640,720x720,1000x1000&from=bu&cs=160x0",5
1972012e15e58e3905a65175f6ea16b1.jpg,"https://sun9-27.userapi.com/s/v1/if2/-NoTTBiAbk5XeywNFbgnaE8zMZ2nNBxUOiAahEe7hrkQ6j5iltlma7_ONKPJ4q2YKSwsrHv48CBebSSNYuXBozA1.jpg?quality=95&as=32x25,48x37,72x56,108x83,160x123,240x185,360x278,480x370,540x417,640x494,720x556,1030x795&from=bu&cs=160x0",1
d1982c2a22755111f1b5ee57de6886c7.jpg,"https://sun1-30.userapi.com/s/v1/ig2/nAXjYjYrayNOt4Nmu2zgsuofI8Kz0V46hN1gGokBB85nQorPY-QMTpH43nUP58-A0zTkv7s6-dSWf2yevnRDfgK1.jpg?quality=95&as=32x32,48x48,72x72,108x108,160x160,240x240,360x360,480x480,540x540,640x640,720x720,1024x1024&from=bu&cs=160x0",2
298c15b224f9872cc34a66623f5f0c98.jpg,"https://sun1-91.userapi.com/s/v1/ig2/xP2_eiG-fWBMCRznBi31_fPhqBq1M4nDo2SM5OMW29Tfvq0TG5aItOpr4CdfGB9xGj9EYt9rQwax_u7szR7i8i_b.jpg?quality=95&as=32x39,48x59,72x88,108x132,160x195,240x293,360x440,480x586,510x623&from=bu&cs=160x0",5
be3fb869a9a31848b3ad281960354130.jpg,"https://sun1-23.userapi.com/s/v1/ig2/d_UgPigXwi3iwm0KJD2LJ8p1OaFSt0LFhUUcLqWHz5YBw1i-uStOa2oFPbFk9Dkyi9ZYl3N3n--BY61YELbHqv6c.jpg?quality=95&as=32x43,48x64,72x96,108x144,160x213,240x320,360x480,480x640,516x688&from=bu&cs=160x0",5
b74c738ecc316b5372e94571ad29cb0f.jpg,"https://sun9-35.userapi.com/s/v1/if2/BgsNv5a7aAxFeBQc-0FfyW2j-uP-Rb2DMZK1cGVL3WFipiEdfaWvTxUqr3W-XCj2zJSQ_-SdA5rxnc3DpoT3DnY0.jpg?quality=95&as=32x21,48x32,72x48,108x72,160x107,240x160,360x240,480x320,540x360,640x427,720x480,1080x720,1280x853,1440x960,2560x1707&from=bu&cs=160x0",0
87aa425290369e1a490a241ec9436e5e.jpg,"https://sun9-33.userapi.com/s/v1/ig2/PxG5fZwXkaN16xFWFwv6l5oylQ5d8Ftr21MmaNps6IofDkSsXKk_VreF49Ev3Moda0s6G-Nq3ggqW9KDdABzQYXo.jpg?quality=95&as=32x33,48x50,72x75,108x113,160x167,240x250,360x375,480x500,540x563,640x667,720x751,800x834&from=bu&cs=160x0",3
581a8c816ba86722a0e4478cc64d1a3a.jpg,"https://sun9-27.userapi.com/s/v1/if2/_7hlE_pVU6hYYU8gH3gsLMBkYxBzcZzpNkZI96NBYewprZLQt_NKa2WtdiysrzDpEzPyTaVKnDDk8h7klYVfhJyi.jpg?quality=95&as=32x22,48x34,72x50,108x76,160x112,240x168,360x252,480x336,500x350&from=bu&cs=160x0",3
3f3c78caa9e585c5f55ec4c35631e329.jpg,"https://sun1-56.userapi.com/s/v1/ig2/2-aQhOxSWN-OmO9HEj2pmyog1xjq9xKq6LZMUqDUlzuCLj8OJbLnJYGAe3pPMfMjbwLATMwPuFlbd8McZ7KmlxmI.jpg?quality=95&as=32x32,48x48,72x72,108x108,160x160,240x240,360x360,480x480,540x540,600x600&from=bu&cs=160x0",5
a8db26208eb5807d78a8de10065d7a4e.jpg,"https://sun1-91.userapi.com/s/v1/if2/0j2t3n0qDmNObFOYXrb8OZLa_wHGgo5a3yFVW1YHwvSFtfzrG5ymHjEUnoRWh8cbecW9UimW8l1q3iI6I3YwDKAs.jpg?quality=95&as=32x25,48x38,72x57,108x86,160x127,240x191,360x286,480x382,540x429,640x509,720x572,1080x859,1224x973&from=bu&cs=160x0",5
0a0e7b8cd7319c79b068c853fc1cc2ef.jpg,"https://sun9-46.userapi.com/s/v1/if2/vLtOAkFV3HlyQvWhVUgK7CCGE_XxH5dHcN-hK4ythfUXUHYgrgsyGSjS1icoSceZlmyHUpEVpkPlcaWsc7sqcor3.jpg?quality=96&as=32x31,48x46,72x70,108x105,160x155,240x233,360x349,480x465,540x523,640x620,720x698,1080x1046,1156x1120&from=bu&cs=160x0",6
1088fff5db890391d25a5f47f54507e0.jpg,"https://sun9-54.userapi.com/s/v1/if2/3L8Xicd77xlmW2lwB6KO9p6u603EDckkZnZdGwjX3n-_x1Ut6yjDDzjm5e_6k_8ZjCLwvKwe7SulxDEwe8qs9Vdc.jpg?quality=95&as=32x21,48x31,72x46,108x70,160x103,240x155,360x232,480x310,540x349,640x413,720x465,818x528&from=bu&cs=160x0",1
64a2c27c000ef895b95fe757a381cec2.jpg,"https://sun1-27.userapi.com/s/v1/ig2/Sld17NktpMdBI5OIyP9QpZ5olBMzwnWgmZ_ehH-bE7fli-Q4ab6jjMg0t1jcNXRRrsSlFjVg_XSkE5tRb29rOQDD.jpg?quality=95&as=32x43,48x64,72x96,108x144,160x213,240x320,360x480,480x640,540x720,640x853&from=bu&cs=160x0",2
e59d9f34a506167250a4056a3ee31910.jpg,"https://sun1-24.userapi.com/s/v1/ig2/H1Kl_O9W3L2pQnUVbpzGiw6BjBPuQuaXbSuwOoO8wErN5DYDvHxZh8alWu3IGP5y0RH3nAwoU9wAoA3001zjJkMp.jpg?quality=95&as=32x40,48x60,72x90,108x135,160x200,240x300,360x450,480x600,540x675,640x800,720x900,1000x1250&from=bu&cs=160x0",5
e6dff8ecf4d69302ccce8674a5e028c2.jpg,"https://sun9-25.userapi.com/s/v1/ig2/zm_COfiSEZh4Nl_qqNfBbXGBiWJpNOPRt5tcRiHCnds_o8-_f7hY_olliQPtREHsFbMgSiIQOkif7rd0ibmx5jBB.jpg?quality=95&as=32x40,48x60,72x89,108x134,160x199,240x298,360x447,480x597,540x671,640x796,720x895,1000x1243&from=bu&cs=160x0",1
dccaf80b22dc13b87e03f6c4c1a32280.jpg,"https://sun9-82.userapi.com/s/v1/ig2/MkXZSxJ47YP2e7W54V8U9pZoWMdIwhPAnFCfhQGIoAh3EBvts3oIyTrOS0-EaHwU2-WOKXWrMu--dKR5f3okXbNC.jpg?quality=96&as=32x37,48x55,72x83,108x125,160x184,240x277,360x415,480x553,540x623,640x738,720x830,1080x1245,1164x1342&from=bu&cs=160x0",6
6e90c5ea74cd18de07d4d15ddc4c237c.jpg,"https://sun9-80.userapi.com/s/v1/if2/mKnmtAH68CKDZk3aOzZt9bXCk0j3EIGX1mxKuA1LLx9hRUHXYPm2Tq0B2urHyzRvpFca1G1k-l4CzeLEf8E5MXjq.jpg?quality=96&as=32x22,48x33,72x50,108x75,160x112,240x167,360x251,480x335,540x377,640x446,720x502,840x586&from=bu&cs=160x0",6
6fff55ec18f4d8c23d66b5b5e18d005b.jpg,"https://sun9-80.userapi.com/s/v1/ig2/Aa1UlkmVdHAw4VvVgexguqGwlmdEmTr7jaQiI7J8VAVAGqquYQXMMAkzCYZXVwGM7r_aSMmLbMcoNf1veW_nOOlh.jpg?quality=95&as=32x34,48x52,72x78,108x116,160x172,240x259,360x388,480x517,540x582,640x690,720x776,1066x1149&from=bu&cs=160x0",3
a590f07f8f17b986b262b271f8f566eb.jpg,"https://sun9-58.userapi.com/s/v1/ig2/aewCmr7kfwLtvWI_VUk9mYyuG9N_L3IFHub7ZMwXOjqZz_r-Yhj6ZfaFbhQhdm1zkus-gxsM3euM2mupoOgxa3KV.jpg?quality=95&as=32x32,48x48,72x72,108x108,160x160,240x240,360x360,480x480,540x540,640x640,720x720,1080x1080,1200x1200&from=bu&cs=160x0",0
d2af7ddb97fa9dcab5aa194cdc685034.jpg,"https://sun9-7.userapi.com/s/v1/if2/2I5l-ENuHMRtuy8R_ocUFz4tPw5dKWgZ5A3AcpLkIUzQSMMjPfSrWduf-Y3pL9uThj2OmynIPjkDSOK_ALOA1Nnd.jpg?quality=96&as=32x28,48x42,72x63,108x95,160x141,240x211,360x317,480x423,540x476,640x564,720x634,1058x932&from=bu&cs=160x0",6
47610a5accd108cd5d99477ebebb62a0.jpg,"https://sun9-15.userapi.com/s/v1/if2/2WuN2_pvUSCeRxarl9ybUZDyyAedczUHgMpuo-FBezqLKATeNSUH38he1_Y2AVMbkfmzNJ9MJdzAlLshVYyal9QP.jpg?quality=96&as=32x30,48x44,72x66,108x100,160x148,240x221,360x332,480x443,540x498,640x591,720x664,1080x996,1164x1074&from=bu&cs=160x0",6
4c78778447d440d95ac8e768fc68fda5.jpg,"https://sun1-98.userapi.com/s/v1/ig2/AmXJXzFPkiGPE11Qn2QO4mhABlm5DkoSbRu2q7GjOk7dcY0kL8BwTCLewQ84es3lpVq32l5ojkRcE7K78mh09V4z.jpg?quality=95&as=32x40,48x60,72x90,108x135,160x200,240x300,360x450,480x600,540x675,640x800,720x900,1080x1350&from=bu&cs=160x0",4
84d76e8d9635606d29e2b0b89dced8ff.jpg,"https://sun9-88.userapi.com/s/v1/if2/KvvWMvYk5qqKVv-34GPhYqh7XcE6f_z0Oj4fu9s-Gn97CYz1uOOtXarmqxkyxyIOEMeVHZ7lWu4AfBOQGMwQjdJw.jpg?quality=95&as=32x28,48x42,72x63,108x95,160x140,240x210,360x315,480x420,540x473,564x494&from=bu&cs=160x0",3
db182cc73974a98b40c837ac95bbc0aa.jpg,"https://sun1-96.userapi.com/s/v1/if2/d0MvdG0382ZALpBMlPtSjlQqem3NEiZmLntmRb79OwE2LG8IQf68t0WK1MNFHN6OvuScj0Bim2DJTQVkYfmC294m.jpg?quality=95&as=32x31,48x47,72x71,108x106,160x157,240x236,360x354,480x472,540x531,640x630,720x708,1000x984&from=bu&cs=160x0",5
08ddcaefc97f2550b7eb51f233247800.jpg,"https://sun9-55.userapi.com/s/v1/ig2/gBnorfDmbxH5qcZ6be3YNAOHZDA4WWsvaStfia7t9VKbW02Yf_rAtyjoMH7PIKwPcVwE42DH214EDUiF5D-i3KQi.jpg?quality=95&as=32x32,48x48,72x72,108x108,160x160,240x240,360x360,480x480,540x540,640x640,720x720,1080x1080,1280x1280,1440x1440,1800x1800&from=bu&cs=160x0",0
76a63387a3e2351c2d5101453ab7bb70.jpg,"https://sun9-78.userapi.com/s/v1/if2/g5hM9X2QwwC4T7h7OqnINoQuO5ARDh7hGniMunVlcPK_Od6kOPz9L56HolIsC1ykebitK1AqlgFvZuUHV-xS4IT_.jpg?quality=95&as=32x21,48x32,72x48,108x72,160x107,240x160,360x240,480x320,540x360,640x427,720x480,1080x720,1280x853,1440x960,2560x1707&from=bu&cs=160x0",0
a73aeb336613fd681855719781ee3078.jpg,"https://sun1-17.userapi.com/s/v1/ig2/i_rrN37Uo4RrxUgnDaIwQEBOgO5jVpi6c4ZqnqD02U1jCiGCqkX4s5QftSdZOKoUcXnrTyW7TMS1RccK_Gbj_aio.jpg?quality=95&as=32x32,48x48,72x72,108x108,160x160,240x240,360x360,480x480,540x540,640x640,720x720,1080x1080,1280x1280,1400x1400&from=bu&cs=160x0",4
dee142dc8a4021d6c2840f83568c0b94.jpg,"https://sun1-97.userapi.com/s/v1/ig2/IDZrC7jX3hXYg9MavJF78zh0uYvV_E6rjuLqFvDEPdJ9JmGxBxBxZikWOeQuA7W--b-XLaDhZPF1UkFLgnmQlGIo.jpg?quality=95&as=32x40,48x60,72x90,108x135,160x200,240x300,360x450,480x600,540x675,640x800,720x900,1080x1350&from=bu&cs=160x0",4
bb4a9d05fac7f6b1f722b9fcbcf3e807.jpg,"https://sun9-56.userapi.com/s/v1/if2/NvwUXH-XFfzW3mlVdaIR2TxFuOXybe9_0_fO4LXwsfYcNISrP3m6AMUKLKN1YtWb1eSRNpeKCzv_b4hprAd9Aykp.jpg?quality=95&as=32x28,48x42,72x62,108x94,160x139,240x208,360x312,480x416,540x468,640x555,720x625,1080x937,1280x1110,1440x1249,1480x1284&from=bu&cs=160x0",1
0d879deaee1717d13d6263c695c139a2.jpg,"https://sun9-55.userapi.com/s/v1/if2/1d1oDM1QOsTh_Ov-qvu4PbvVVw6e8o7MyKsL6eP1WT3NgcF1HgFD1BWoA9Sztu6wFsAPiePk7kpSbIb-3TWLSvhx.jpg?quality=95&as=32x21,48x32,72x48,108x72,160x107,240x160,360x240,480x320,540x360,640x427,720x480,1080x721,1280x854,1440x961,1800x1201&from=bu&cs=160x0",0
71e1f024fb76c94f7bfadc3772a2ca5b.jpg,"https://sun9-72.userapi.com/s/v1/ig2/1cRZnoWdtliTCvcoihpW8gf5bfBuCk4tttsjRFl2NsveFahj1kKVnINmLF6U01XQm09oYhMvb8UGCYzdMZMpGKBy.jpg?quality=95&as=32x32,48x48,72x73,108x109,160x161,240x242,360x363,480x484,540x544,640x645,720x725,1080x1088&from=bu&cs=160x0",1
196b7127af3a0eeb14d80da47d5385fe.jpg,"https://sun9-51.userapi.com/s/v1/ig2/Yy9Q6_BEaRrvatyYtjjlgctIxd5wJ3O3p3XEjKBp9YnwUL7ziS6Xt4t4KB40JEnD8vU2q4zJq59f6XzDXE0TwiTL.jpg?quality=95&as=32x40,48x60,72x90,108x135,160x200,240x300,360x450,480x600,540x675,640x800,720x900,1024x1280&from=bu&cs=160x0",1
b7a2a5df032b23570c8464ebf4cced1c.jpg,"https://sun9-57.userapi.com/s/v1/if2/-laI71WXYfFQ6XFGL2FZ3WbPyaukq6IysZP8KHA1K3h45B3LI2JQgznPJcS886oOHzDeN_il86UqUgLlCejaR_39.jpg?quality=95&as=32x19,48x29,72x43,108x64,160x95,240x143,360x214,480x286,540x322,640x381,720x429&from=bu&cs=160x0",1
f3fc9d314e4d90a565c1e086611c2c8c.jpg,"https://sun1-26.userapi.com/s/v1/if2/UbA86PSVpe75Ctu34PDO689pCpNj1unqpe55tQlESu0QZ--3v47NYMyuL0jxXYMTL5HUeHLjlp3SW3PpIt8sDCfI.jpg?quality=95&as=32x21,48x32,72x48,108x72,160x107,240x160,360x240,480x320,540x360,640x427,720x480,944x630&from=bu&cs=160x0",2
5d942ab065c76ca88219284cd8e2549f.jpg,"https://sun9-83.userapi.com/s/v1/if2/cxRRQTLYvVnv5IAxgv8TZ6C54DMJOroIq2UbKRii8rsZSyB4EbgkXIU2nfiXCNfO-bxUf_HLLAEmN9gBi8putSTh.jpg?quality=95&as=32x18,48x27,72x40,108x60,160x89,240x133,360x200,480x267,540x300,640x356,720x400&from=bu&cs=160x0",1
ff020ab28d61dd59b3d88ef0db786b42.jpg,"https://sun9-28.userapi.com/s/v1/if2/Byxoq7C-qqBTdIFOQd-c_ZAE-kX-z2KusRt-GXbsl7eDwwHJ4jaL8B1bLiGO61MEvwOKDAcAPvNCaJ_Zgt-PVPP0.jpg?quality=96&as=32x23,48x35,72x53,108x79,160x117,240x175,360x263,480x351,540x395,640x468,720x526,1080x790,1094x800&from=bu&cs=160x0",6
73c892b8aa4e476a30bbd0f9f62cf742.jpg,"https://sun9-77.userapi.com/s/v1/if2/J1Gid4SgkZeCNPEQkbf3wnWzKeeFaAIbnhAt8fJONjcpFR5aa2XpkqBygmJQcdUHuoIqDP3khASvJ7Og98A6zATE.jpg?quality=95&as=32x31,48x46,72x70,108x104,160x155,240x232,360x348,480x464,540x522,598x578&from=bu&cs=160x0",3
b511a694332fb2dcce1d8faa67adfb57.jpg,"https://sun9-21.userapi.com/s/v1/ig2/1BmyTPHHBpSW5BrxXddyUHsI6rB48zzWiSK_DSqitigOthu3axtjM1_uTXnYVUyUKs0exhtSOiv4dfqaCDkQ83hy.jpg?quality=95&as=32x32,48x48,72x72,108x108,160x160,240x240,360x360,480x480,540x540,564x564&from=bu&cs=160x0",3
c412e2d446030b02aafde7b575d7aba0.jpg,"https://sun9-86.userapi.com/s/v1/ig2/pjx3Lm8KJDXBdALlyk1IAkitdOTvCXgxtmyNRrNwqelFFNMfepSV-AMmiTzLxkO7spGvuXrw2DT7bqQUBuwqT3r8.jpg?quality=95&as=32x46,48x68,72x103,108x154,160x228,240x342,360x513,480x684,540x770,640x912,720x1026,1080x1540,1170x1668&from=bu&cs=160x0",6
5efe4740e4d4a05d7ae4f55604a2436d.jpg,"https://sun9-25.userapi.com/s/v1/ig2/CbNN0wMdYZ0BJ9uO5ZImSpIyX-1GqWwDl53pkzg04jabiXCaQEPzjnW1TTf9CatiMRcMj7rhmAUhO2s84RxgNyiu.jpg?quality=96&as=32x42,48x63,72x95,108x142,160x211,240x316,360x474,480x633,540x712,604x796&from=bu&cs=160x0",6
33ecf0296506abf2cfab595e5356a893.jpg,"https://sun1-21.userapi.com/s/v1/ig2/WDzmsQ7bq3TY_JxF2ZISGgnLWgJG-FgO-yEsjhi_lgHUKXr_28gOrRoqGVlD1PMHCc_ww61JCZIaT3rkfzJpNEdq.jpg?quality=95&as=32x48,48x72,72x108,108x162,160x240,240x360,360x540,480x720,540x810,640x960,720x1080,1024x1536&from=bu&cs=160x0",2
03a9cb838b81eabcdbc6cdd6cf522a25.jpg,"https://sun9-12.userapi.com/s/v1/ig2/npYXJFJEK67pRQU5A5jXMDKoY0yrMNvdEgahWsWPGzMDI2RYsTBtOZ-QckC2aSiHGT_L6KTtwXy_EBE1aplnTJ_E.jpg?quality=95&as=32x36,48x54,72x81,108x122,160x180,240x270,360x406,480x541,540x608,640x721,720x811,830x935&from=bu&cs=160x0",3
018e82b7cde790bd00c43b5d2b2b850b.jpg,"https://sun9-6.userapi.com/s/v1/ig2/XvRpiyzHp4K6czGUwV6pEuoq6Ga83KWhD24j9nGY14BGRsdYZcuLfD8lfcHUk070Pc3ezFfrW_-F4vZJ4jLaTSQY.jpg?quality=95&as=32x44,48x65,72x98,108x147,160x218,240x327,360x490,480x653,540x735,640x871,720x980,858x1168&from=bu&cs=160x0",6
91f83884a8b7fca7ce125b405f942883.jpg,"https://sun1-57.userapi.com/s/v1/ig2/Cqe88HyeO6osStCIPwjecPHE2oh260l4f0U8k_pfIqOb7UyE-kZIWjF1zMOB7oW6XY93Nt_FX8ef7X6zZy6ZY4HD.jpg?quality=95&as=32x32,48x48,72x72,108x108,160x160,240x240,360x360,480x480,540x540,640x640,720x720,1080x1080,1200x1200&from=bu&cs=160x0",0
8c0b92b13119c676d944db75e01a4d05.jpg,"https://sun1-13.userapi.com/s/v1/if2/UochDEGnq8wFdMko9cdjy_yRkQWUxtE0HGVeunTUjbqbMnGvRsftPhzAnTT3Rec1MnObFvZNThV9QDG74wUsXDBZ.jpg?quality=95&as=32x20,48x30,72x45,108x67,160x100,240x150,360x225,480x300,540x337,640x400,720x450,1080x675,1280x800&from=bu&cs=160x0",2
f0944c84f69131a3562a2fef772df9f4.jpg,"https://sun1-97.userapi.com/s/v1/ig2/z2VTbNC6zP0JnJ_mVivFLIA3VnV2CtzGtIVTw-vmjbMQJhzG3pVKYmWh1euQ9Girx8RHV7MGMB0pyqKcfBszSPuv.jpg?quality=95&as=32x32,48x48,72x72,108x108,160x160,240x240,360x360,480x480,540x540,640x640,720x720,1080x1080,1280x1280,1440x1440,2560x2560&from=bu&cs=160x0",0
fa32d2aee8ce3b79abc4b5c23b3cee6b.jpg,"https://sun9-54.userapi.com/s/v1/if2/1gP0cshhst3wuCwUEtplO6SOFDC9tvggDKT566WP1T8x-anXYWM5FsB4p7D_WisheMGC7OZ75lynVFhIDicvvoqf.jpg?quality=95&as=32x25,48x38,72x57,108x86,160x127,240x191,360x287,480x382,540x430,640x510,720x573,790x629&from=bu&cs=160x0",1
a9c22b1010267bf13adb4023427ede06.jpg,"https://sun1-90.userapi.com/s/v1/ig2/VlxQwUgkSTXQEKfbtnAN5RHosEfFTTdsQ2KCey9tfsSFdl3V8LSDNPxRwid2G1YEEd3dzwjoiJ-XhiUrPb5r44YD.jpg?quality=95&as=32x32,48x48,72x72,108x108,160x160,240x240,360x360,480x480,540x540,640x640,720x720,1080x1080,1280x1280&from=bu&cs=160x0",5
aedb9bbc83e55ff6ae2a4770426e97a4.jpg,"https://sun9-77.userapi.com/s/v1/if2/2e_Vep9LMdoqgcR7nSsSDi3jv8DGqzTiWyXt76AH-2KatxZyr3VC7R2_lP8R6J7bRbCKsu6msxda6krdFJkUy1WD.jpg?quality=96&as=32x28,48x42,72x63,108x94,160x140,240x209,360x314,480x419,540x471,640x558,720x628,1080x942,1280x1117,1284x1120&from=bu&cs=160x0",6
a0d972ab8a321570e9650acabe44965c.jpg,"https://sun9-37.userapi.com/s/v1/ig2/mgJngKUsm2EWk9vlpJ3jcmMtCkR0LnU3mVoN4jbL932Ub1BQuQJTrm9dA64-mnwjpFX1STURAvphsJAVj3X3WTbA.jpg?quality=95&as=32x32,48x48,72x72,108x108,160x160,240x240,360x360,480x480,540x540,564x564&from=bu&cs=160x0",3
4968306f9a295d1014f89a2bea042a51.jpg,"https://sun9-68.userapi.com/s/v1/ig2/Zq2KXXGhVxhYe87YZtHMal-2YvL-2kUBsuwwHxKudtWxkw16QV0m5eix5ENNUegTRnPf9Fol8V5pc-Lgxtr2CTBD.jpg?quality=95&as=32x34,48x50,72x75,108x113,160x168,240x251,360x377,480x503,540x565,640x670,720x754&from=bu&cs=160x0",3
922ccfe0a1a72809c7a881fbcc2758ea.jpg,"https://sun1-85.userapi.com/s/v1/ig2/55u-XPRlzARA8uPgJXdOQyQJHrSHY32Dk1zYAm5arFx8vEvLQxdTkcNNfoK9jGS5Q4hMw6HokT9PjYddiE4hlUV1.jpg?quality=95&as=32x32,48x48,72x72,108x108,160x160,240x240,360x360,480x480,540x540,640x640,720x720,1080x1080&from=bu&cs=160x0",5
2e14e59431dbde5a49517fc4a524ddca.jpg,"https://sun9-45.userapi.com/s/v1/ig2/UBFeCz45BnU6In2ZIl_u7z5j3nhcjvnUW_ymlb4RWnmSgwf5l8cuiTLKC4rXlWFPdKcO4cPI-TSleKC-VST2TPn0.jpg?quality=95&as=32x32,48x48,72x72,108x108,160x160,240x240,360x360,480x480,540x540,640x640,720x720,1080x1080,1280x1280,1440x1440,1800x1800&from=bu&cs=160x0",0
2c46ea35ce5ba546ca3f34450ba82d34.jpg,"https://sun1-89.userapi.com/s/v1/if2/dGgh6vkWCtbwuvnLWGzh5mWlu6SPc0ez4Dso-5xysrlxWU5YcpaZTNupGDkjJ0WtnafCLTo80fauW44DR56UdJdj.jpg?quality=95&as=32x29,48x44,72x66,108x98,160x146,240x219,360x328,480x438,540x492,640x584,720x657,1080x985,1180x1076&from=bu&cs=160x0",4
8815190e2ca168b4644ac5357326506a.jpg,"https://sun1-20.userapi.com/s/v1/ig2/UDDirEEVm8bQlQw2LFb062H7z7wytvBbgwQ51Bkz8WNychc3iS2Cp3-t00yCohSr188Avz82uOz0Ngq_-0oeeyFw.jpg?quality=95&as=32x48,48x72,72x108,108x162,160x240,240x360,360x540,480x720,540x810,640x960,720x1080,1024x1536&from=bu&cs=160x0",2
124474144c9b5fade6c33307cfb3913d.jpg,"https://sun9-9.userapi.com/s/v1/if2/4iiJ60YCQRiZZoX8hpnaIyr31tF2YHlQBI-nTVcE_qnQTJDYOyq_S5r9FLcWVUF94lShcxZft4bjOt45R3DQ16o_.jpg?quality=96&as=32x28,48x42,72x63,108x94,160x140,240x210,360x315,480x419,540x472,640x559,720x629,1080x944,1222x1068&from=bu&cs=160x0",6
39d09009c41e8c1b800ccbe337a430a7.jpg,"https://sun1-90.userapi.com/s/v1/ig2/rgcJf1rFXG7g608g18QJ0RY1cgJ6e6fJSyp4JG0cIuqSue1mKjxAfLpoxGR14AGaKn10YlbV7ehSZE5iREBxHPb6.jpg?quality=95&as=32x48,48x72,72x109,108x163,160x242,240x362,360x544,480x725,540x816,640x967,720x1087,1080x1631,1280x1933,1440x2175,1695x2560&from=bu&cs=160x0",6
cc3f6c8e2992bffbd9f3b84faa698ae7.jpg,"https://sun9-78.userapi.com/s/v1/ig2/cPXU6kRI4lKiy1disgcJQBXifeXbFKSQI8_Ht5iHSaZP9KL5vcw79tzRASLv1ED0JY5oBGPu9AjGMi0uYc_d_bKU.jpg?quality=95&as=32x32,48x48,72x72,108x108,160x160,240x240,360x360,480x480,540x540,640x640,720x720,1080x1080,1280x1280,1440x1440,1800x1800&from=bu&cs=160x0",0
78ac8c7ae7fdddd83179ca069f6c1784.jpg,"https://sun9-78.userapi.com/s/v1/ig2/LeXnDGuF6i7rJzdvBQI54vHjIB5B7GJv3ciK6eYDVn37a2G3f4cpIGxp01izyFij4ZhJLe3Cc-6XeSDT0m6ty1pV.jpg?quality=96&as=32x57,48x85,72x128,108x192,160x284,240x426,360x639,480x852,540x958,640x1136,710x1260&from=bu&cs=160x0",6
fcda42081ba3d97627202c0bda9da795.jpg,"https://sun1-57.userapi.com/s/v1/ig2/RbgjkQ2Qm9XUsf_27W6WRijLrTcZnTK01QuI9lLa2TSVpNe-AWVkSs_13hOAACEc0aRHL2Of6hkGQ420wMpcjG7V.jpg?quality=95&as=32x48,48x72,72x108,108x161,160x239,240x359,360x538,480x718,540x807,640x957,720x1077,1080x1615,1280x1914,1440x2153,1712x2560&from=bu&cs=160x0",4
18b3ccda7136ca459fd703be7cbb186b.jpg,"https://sun9-81.userapi.com/s/v1/ig2/PYNHD1LDlvMV3Jz2oB926QFvbQbfJISyHOaHnXq0AhnRKRM5J-QDqJz3C0kUr4fOCSCGAvanXzbfONRivH2rpbMo.jpg?quality=95&as=32x42,48x62,72x94,108x140,160x208,240x312,360x468,480x624,540x702,640x832,720x936,1000x1300&from=bu&cs=160x0",1
6f1992fc3fc2955dfc07570d36825664.jpg,"https://sun9-16.userapi.com/s/v1/ig2/mKo3FsPyJ-F6HIKitfVeQ9YtMnHEEgEfFkeYsTjpFhb3JXePhfS53_ExRq0tkREBIRxLD40ejNTnbikuL3rqC-x-.jpg?quality=95&as=32x40,48x59,72x89,108x134,160x198,240x297,360x446,480x595,540x669,640x793,720x892,1033x1280&from=bu&cs=160x0",1
8fee26d6c183dd97b2841484e68ed469.jpg,"https://sun1-29.userapi.com/s/v1/ig2/B8ymn_PLORGjFDLw_Rx80qHg9DihCQjVz2AOvJEtzGFMYNdqktxdbx6G_1otEIVPl0haKKw6iLeFQwaD286XYLUv.jpg?quality=95&as=32x38,48x57,72x85,108x128,160x190,240x285,360x427,480x569,540x640,640x759,720x854&from=bu&cs=160x0",2
d8357a207d764f5b6737697a7da99628.jpg,"https://sun1-26.userapi.com/s/v1/ig2/K9FlaxMZvcjDfzdlONFN0m9roWfBJTDYMRR-PNJ2VfIOUdO-9qYkt9v26mSzMmS8rc7mHd3uscvIICM_De1jLOIx.jpg?quality=95&as=32x41,48x62,72x93,108x140,160x207,240x310,360x466,467x604&from=bu&cs=160x0",4
153a037988ba5e1eb31cd8814c4ecb7f.jpg,"https://sun9-43.userapi.com/s/v1/ig2/jri1NTvUBAPr-7I21tNZD3Z0suXz8Gxv9P10fxSPt4SZ5NpfJJd5kKubT1aeBru2biPt6fhhK7ZzoLDikSR84Xtx.jpg?quality=95&as=32x40,48x60,72x90,108x135,160x200,240x300,360x450,480x600,540x675,640x800,720x900&from=bu&cs=160x0",1
755a2e2402700d9f452a118d57b91a06.jpg,"https://sun1-97.userapi.com/s/v1/ig2/FMl5K0AN4inF0A21BR5jPuuTR826IFPu7e-VXhgHisyAibu6EKEDhuddF6P7OzTW2DY--f19KG23WxRhtUB4XUrp.jpg?quality=95&as=32x32,48x48,72x72,108x108,160x160,240x240,360x360,480x480,540x540,640x640,720x720,1024x1024&from=bu&cs=160x0",2
d93109946be4a8336cacf4d26b4b30e3.jpg,"https://sun1-54.userapi.com/s/v1/ig2/MOm8pbgyynto79qCaDa9PeADTjrNXVNTI27N3ieuHWKxhRmMffrOmgxnAeyZB6bDvIdvygOR2h7omAFjw6MMdTe3.jpg?quality=95&as=32x32,48x48,72x72,108x108,160x160,240x240,360x360,480x480,540x540,640x640,720x720,1024x1024&from=bu&cs=160x0",2
90f5aa30e4d9f96208dc1b0f871c6c41.jpg,"https://sun1-13.userapi.com/s/v1/ig2/EkyDjvQc3RWS9OSlkbO4UheltqkTJ9MEfbCLGo504BHRLcKijUy9OxoToxVlH9s7mtmU_AgqVx0B6Jij0UFQSdKh.jpg?quality=95&as=32x48,48x72,72x108,108x162,160x240,240x360,360x540,480x720,540x810,600x900&from=bu&cs=160x0",5
c246182b601b80a92c8b032ca6ae26b7.jpg,"https://sun9-61.userapi.com/s/v1/if2/9xjVXaLTDwKS9sP_HA5tBgzWnQ4DWBgMTzT4NfUT4MURQn5mPe4pIv8JDanzsJyc5b1Z8wHUQOlbkXmD35ZoQYAD.jpg?quality=95&as=32x24,48x36,72x54,108x81,160x120,240x180,360x270,480x360,540x405,640x480,700x525&from=bu&cs=160x0",1
dfa6ca3ca6df788be18587ebeaa651bc.jpg,"https://sun9-67.userapi.com/s/v1/if2/e0ouBlcV4B3-ZdJ2FsAWwgnqx7yNQCdQWixmqN7atyrBBwuabXposGF1DjB1Gdj6bQXoEiA7OFwZVeL5_AITu0Pj.jpg?quality=95&as=32x23,48x34,72x52,108x77,160x115,240x172,360x258,480x344,540x387,640x459,703x504&from=bu&cs=160x0",3
38eb9e52143b495e34647eb9cc056dfd.jpg,"https://sun9-53.userapi.com/s/v1/if2/L4Ls_yI6hniXG50vphV8gjaM5Bq1UbH71FSxNgIDbawL14e2UHGIBukralLQNWdtps5jtFYcPzDO0gvhUB86_Z5M.jpg?quality=95&as=32x21,48x31,72x47,108x70,160x104,240x156,360x233,480x311,540x350,640x415,720x467,1029x667&from=bu&cs=160x0",3
cf5565b31dbf8669b95e7732bfb89b18.jpg,"https://sun1-23.userapi.com/s/v1/ig2/Jil5VxlDBPJ99HWya-PKs8QA7U1WobBn7YPMUVtcb75T7Kq_bLD3rWeAWoXLpii88bGD7aGlpPvBfufaStyYrtfQ.jpg?quality=95&as=32x40,48x60,72x90,108x134,160x199,240x299,360x448,480x597,540x672,640x796,700x871&from=bu&cs=160x0",4
ea07e69ff20af6efa1b0be1fc1114afd.jpg,"https://sun9-24.userapi.com/s/v1/ig2/EHWcYkAttqcAjaky81zwBB05QxUVICyniTXw2l1HSJ60Ef25jjRCWdvCcBPdZsBDPAR4bWlFB_2fY2U2UlNZVgmz.jpg?quality=95&as=32x40,48x60,72x90,108x135,160x200,240x300,360x450,480x600,540x674,640x799,720x899,819x1023&from=bu&cs=160x0",1
848a643a65e20e9fd0c598b08eccce7a.jpg,"https://sun9-22.userapi.com/s/v1/ig2/F4CO6MxML3jTaFOC1DX5OBl_VdB8sPQoKdtez72BXRZCj7Q5vM8jnhuiQjqm54cCWRbltr_9pnYDsvyhy3ULOUA_.jpg?quality=95&as=32x47,48x70,72x105,108x157,160x233,240x350,360x525,480x699,540x787,640x932,720x1049,1080x1574,1280x1865,1440x2098,1757x2560&from=bu&cs=160x0",6
af7a6738df66b54e1912a3a2d441e768.jpg,"https://sun9-46.userapi.com/s/v1/if2/GZkUrC3VXWk0hxAudrH9JCofrd8wRs4PSSJD1A8mMqPleToYf6rF0tFqgfGafaVrvUEyOXUBIjdDwhsKBW07Ska5.jpg?quality=96&as=32x23,48x34,72x51,108x77,160x114,240x171,360x256,480x341,540x384,640x455,720x512,1080x768,1100x782&from=bu&cs=160x0",6
3349dbc5a249dcea1b63cee7fb7a8ee3.jpg,"https://sun1-22.userapi.com/s/v1/if2/EnbDKlX2-Hf278OW2z-s5MQ7kCAQOojxBvrKhaPnqlZoG5xIOBjCHakc6cdxjavxNtUXvJ_Z7rFJ65SY7qwY1Zjp.jpg?quality=95&as=32x20,48x30,72x44,108x66,160x99,240x148,360x222,480x296,540x332,640x394,700x431&from=bu&cs=160x0",4
bc3a6d24c269a114b3d6fd8f0cb87bfc.jpg,"https://sun1-93.userapi.com/s/v1/ig2/BBZ11h8qLdRmAtaoRinvBzWpO8qO3EsEwhHhWBwDt1pPt64VWgLtG7p6YYXkZuJaZPkfIAB3OgfXf507rl25QgEc.jpg?quality=95&as=32x40,48x60,72x90,108x135,160x200,240x300,360x450,480x600,540x675,640x800,720x900,1080x1350&from=bu&cs=160x0",4
7af65573109c08ae65d159be058e09b0.jpg,"https://sun1-89.userapi.com/s/v1/if2/nSJgvJtBkwmWjGvM7-80a0s6P1rVHwzWsGRrzeQ_w3PT7WxgraNZeQUfiXZbaY_eRUTAcC3MsOiAuPrl5cG8o0f1.jpg?quality=95&as=32x21,48x32,72x48,108x72,160x107,240x160,360x240,480x320,540x360,640x427,720x480,1080x720,1280x853,1440x960,1536x1024&from=bu&cs=160x0",2
fc92040112fceaf6ea5f387d26132619.jpg,"https://sun9-27.userapi.com/s/v1/if2/kPpK0NTcEllq0dydxV_gePF4F2A_8zmYTvsa_Ye5jGuMjNPspom2BqSgK6VxhPwN62H4FiMME1nc57pPAvdmA0Zt.jpg?quality=95&as=32x27,48x41,72x62,108x93,160x137,240x206,360x309,480x412,540x464,640x550,720x618,830x713&from=bu&cs=160x0",3
ee634892b046e7b08cbc6272363ef845.jpg,"https://sun1-54.userapi.com/s/v1/ig2/QKSH-RwbnUoCGEuByzZtqyVUp2202B0I6t0J0ZtoMVdRrC7IUzdiRNPzYL3eNsld-EWVIif0My6YPbupZ8FzIYYp.jpg?quality=95&as=32x32,48x48,72x72,108x108,160x160,240x240,360x360,480x480,540x540,640x640,720x720,1024x1024&from=bu&cs=160x0",5
b882a660042d4c3274b3295e67037001.jpg,"https://sun1-18.userapi.com/s/v1/ig2/n2x1V78iMoP3ewfs0qAgEMEDzezGfs1INvPd7Gkd7w81JvYkkYu8HXQ133Pq6Xy-XEuQJDmgQ_-Xwr6gFOpO6ghk.jpg?quality=95&as=32x53,48x80,72x120,108x180,160x267,240x401,360x601&from=bu&cs=160x0",4
a0ec0639e6285b4e29033bf891fc561e.jpg,"https://sun1-17.userapi.com/s/v1/if2/DN5Uquz8GMt9gMiwoBdtmRSQk8U253eKz811f114ZLGvahov5bu6FvAv10LxkR8RVlJCjUN_htmCSaC_j43RDSPf.jpg?quality=95&as=32x30,48x45,72x67,108x100,160x149,240x223,360x335,480x446,540x502,640x595,720x669,1080x1004,1179x1096&from=bu&cs=160x0",5
bd4ae5fd87641c44c38f1d257051d668.jpg,"https://sun1-14.userapi.com/s/v1/ig2/xNPAgow1Zalsa1lOxwQ2Ab4EvH6Cb6bofLRVa2Zkx1z3l7WVqHSmgogBEZbtDPr1csWPKq9_-643oph7RjPH3w-c.jpg?quality=95&as=32x32,48x48,72x72,108x108,160x160,240x240,360x360,480x480,540x540,640x640,720x720,1080x1080,1280x1280&from=bu&cs=160x0",4
41b664cb31f6b58c6e571f14181d0743.jpg,"https://sun1-15.userapi.com/s/v1/if2/Gd4qPnJK8LXZTZxKm_YYl7JLMuJwZ3ZcmL_7AcZxJlJ8CiOyCii4s9LeNpEpYRpdOQO4ldbtoS4jHC4ZcZXnfD-M.jpg?quality=95&as=32x29,48x44,72x66,108x98,160x146,240x219,360x328,480x438,540x492,640x584,720x657,1080x985,1180x1076&from=bu&cs=160x0",4
b6d826d4665316abc238bc4497613f80.jpg,"https://sun1-55.userapi.com/s/v1/ig2/-GuTdy33OlzjkDeRlCGRKzei_DPwNmuQHKjSlOzypMKEkGzCG4imjni-7zppgMEmaHonB7e6qxm3lv_Gnm4CYVNR.jpg?quality=95&as=32x36,48x55,72x82,108x123,160x182,240x273,360x409,480x545,540x614,640x727,720x818,1080x1227,1280x1454,1440x1636,1608x1827&from=bu&cs=160x0",4
870d82d722ddc07ed37d25b47f94a131.jpg,"https://sun9-44.userapi.com/s/v1/ig2/b7m5YQx-r2Tbmn5-c8-bLnMGEzeX1kAoS4JgULhEuWK5DmzXAX7m7JSF5uzzv7rexhc3FPOC-Cq40bD4o80NUspu.jpg?quality=95&as=32x32,48x48,72x72,108x108,160x160,240x240,360x360,480x480,540x540,640x640,720x720,1080x1080,1200x1200&from=bu&cs=160x0",0
1b5df435b7209a4578e98a2560d6cf38.jpg,"https://sun1-98.userapi.com/s/v1/ig2/1O3QCx_pxfCk4VXYrRmjLRlyaTg0Sje11ko-gkekc-SADBDofrocEM8Ha-AgphDVpRIhBRWRYXpkQ4sP3UsRmvLt.jpg?quality=95&as=32x32,48x48,72x72,108x108,160x160,240x240,360x360,480x480,540x540,640x640,720x720,1080x1080,1280x1280,1400x1400&from=bu&cs=160x0",4
65106051e96ac0ad2e80797078210f5e.jpg,"https://sun1-25.userapi.com/s/v1/ig2/qcu-yQaSFV3jz-q7f9hcaRNx2hUuS9RSuamMDgbA_7jGNFsPARZZq4fuShkK0AW33kdem4GixaPafquVvNZYnAkC.jpg?quality=95&as=32x43,48x65,72x97,108x146,160x216,240x324,360x485,480x647,540x728,640x863,720x971,815x1099&from=bu&cs=160x0",5
837054f0311859baece433041a040256.jpg,"https://sun9-50.userapi.com/s/v1/if2/6Ipatcyq2jGjIqG1a2YuuTTzd1KJFh-1OnKz8s22wkqc5IqSSN8ZEhMbE830UvrSAXfm7h7BpSeM6oQVoKG-c4OW.jpg?quality=95&as=32x23,48x34,72x52,108x77,160x115,240x172,360x258,480x344,540x387,640x458,720x515,915x655&from=bu&cs=160x0",1
567d2f86a2369874faf6b2dfe49356bb.jpg,"https://sun9-15.userapi.com/s/v1/if2/E6TX9v7_qnLRL-a8_rA9FeFoJVeGskv6-dN7cpzw-BLLjaxVv18ngt2BKn9HIaO4PIe0R-9XnDteMJWzJ76j5_rj.jpg?quality=95&as=32x21,48x32,72x47,108x71,160x106,240x158,360x237,480x317,523x345&from=bu&cs=160x0",3
ac66aa59926913ca118b3041648a2b24.jpg,"https://sun9-85.userapi.com/s/v1/ig2/tyNT7KJ8X2F1y8br8ei_zNYhYro3al2filaNE5vxMq7LJly9E3Ke_A5lWFvhEXsKN-bNDvkecjO4QIX4qPVYst6T.jpg?quality=95&as=32x43,48x64,72x96,108x144,160x213,240x320,360x480,480x640,540x720,564x752&from=bu&cs=160x0",3
dc384ca9c7caf61750a439795a2ec59c.jpg,"https://sun9-36.userapi.com/s/v1/ig2/5jrdZnOH-R9eIIhSLoC8dABodSsMF8gcjxiYxAb30xW18No-I6uM7QmVUNKTDR514UnpPtI2JGvVJ5ktsbRcCTmQ.jpg?quality=95&as=32x32,48x48,72x72,108x108,160x160,240x240,360x360,480x480,540x540,640x640,720x720,1080x1080,1280x1280,1440x1440,1800x1800&from=bu&cs=160x0",0
0689293364dfd7e543e60046108bc5fd.jpg,"https://sun1-84.userapi.com/s/v1/ig2/Phb0iFwOKKxEoFrCmV2V5MUKzCmqWA6qprR-k-FBLPyZ_lElqyJYIh9g73aUsJ1x-Yhom3flJnZ8J1j3jQyAWdXe.jpg?quality=95&as=32x45,48x67,72x101,108x151,160x224,240x337,360x505,480x673,492x690&from=bu&cs=160x0",5
b45483ae532c32725fef70150885b379.jpg,"https://sun9-88.userapi.com/s/v1/ig2/J7EZTPX8MzH38KR3GSmFO5VPQlYg8LdCr9r72_QbE20zubq5OZCEvGL9v-Fd49R9eksrIv-xgv4mHSQ8ubfJ7Xww.jpg?quality=95&as=32x32,48x48,72x72,108x108,160x160,240x240,360x360,480x480,540x540,640x640,720x720,1080x1080,1280x1280,1440x1440,1800x1800&from=bu&cs=160x0",0
1c98d3a4a8cb7e5e46e07da3486df567.jpg,"https://sun9-30.userapi.com/s/v1/ig2/MSR-841tjHb5nQiEVll2jXHuGO0jDmXHNwl8jiV387KgCnZ9ImMuJFj0jdetfV1x4V1S-xC59r5YFwV9HhQ2eKII.jpg?quality=95&as=32x32,48x48,72x72,108x108,160x160,240x240,360x360,480x480,540x540,640x640,720x720,1080x1080,1200x1200&from=bu&cs=160x0",0
c6b3bf8a0617e11821e4d2f455263df8.jpg,"https://sun9-36.userapi.com/s/v1/if2/ww5_BVflqFwdK2-XKwi0NtlblpnyyDM0Aa8_hYbSfyXLee2sUuz84yTSLHPdCGQnRtCbOJ0tYnEejRS92ccAFVY7.jpg?quality=95&as=32x23,48x35,72x52,108x78,160x115,240x173,360x260,480x346,540x389,613x442&from=bu&cs=160x0",1
735a0f95ca510c3c78ac74d45996addc.jpg,"https://sun9-63.userapi.com/s/v1/ig2/prwCrsgn__fmplaq1a4J5zFlJlrvgduUMBNXYB4gr3HgiybgdQexp_Ok4TSoYTtAyxXtgEZUVO6qQLiX6MVI4ysn.jpg?quality=95&as=32x32,48x48,72x71,108x107,160x158,240x238,360x356,480x475,540x534,640x633,720x713,1080x1069,1176x1164&from=bu&cs=160x0",6
53945df61696c2ab4e602059332bb888.jpg,"https://sun1-22.userapi.com/s/v1/ig2/78sMBp6jEp39ZwwiGPPq2v1FASIxii2miE8rcOF8V7QgyFLQRZ5f-eXYfPSGQY_tGJE193uEPrZ5iafIyKHrYRgz.jpg?quality=95&as=32x32,48x48,72x72,108x108,160x160,240x240,360x360,480x480,540x540,640x640,720x720,1024x1024&from=bu&cs=160x0",5
889642042a49a62a81d2f84d91b1dc02.jpg,"https://sun9-46.userapi.com/s/v1/if2/LzZn-t9_dqM8iM_QZLuaMdgJ0YUQe4To_sHPyxD0AKxeQbTTXlEhWstqyjdDgpc17x-2d24jE4MMvpPSm0Lv7xlt.jpg?quality=95&as=32x24,48x36,72x54,108x81,160x119,240x179,360x269,480x358,520x388&from=bu&cs=160x0",3
e5ded1953763f3d07f6aa26d91cdb373.jpg,"https://sun1-27.userapi.com/s/v1/ig2/mWcpPrYrRWfdj1DyIfsXsmqdxd5Crl-wdGzrCd0umoU18D8A1P9nEz9c3dCXyyZulRa10Yx22MzFIMknp61hw88n.jpg?quality=95&as=32x39,48x58,72x87,108x131,160x194,240x290,360x436,480x581,540x654,640x775,720x871,827x1001&from=bu&cs=160x0",2
92554851140f494392ec5e31b73d479d.jpg,"https://sun1-20.userapi.com/s/v1/ig2/gYdVXNZSDKaSHPvKVRYtQ_hAqK50ed2o4WVdFJCtattCnkCSlyK-fWBUd4nap7GXYuiKhTSosG0XfwfxUBn5vhtn.jpg?quality=95&as=32x40,48x60,72x90,108x135,160x199,240x299,360x449,480x598,540x673,640x797,720x897,1024x1276&from=bu&cs=160x0",2
977e075ec283f60eaafa74b48548c859.jpg,"https://sun9-81.userapi.com/s/v1/if2/Hk9Y1sVU6nNwFoTA0RTH3zg7AOiM29YLkQrYdVMpqwVJiI8wU8A3-cWwpoDp2YURyFwPjuMvN1GdBPQ6axLCCcmu.jpg?quality=95&as=32x28,48x42,72x63,108x95,160x140,240x210,360x316,480x421,540x474,640x561,720x631,1080x947,1280x1123,1440x1263,1463x1283&from=bu&cs=160x0",1
8c93122a13e5fbdc015050f19c59b0cb.jpg,"https://sun9-11.userapi.com/s/v1/ig2/3bi-8236bobDMMUhFUqpvG3u9t1cFrQW2RWmIjhLmtVJCU28TN2VnQlXK344E8k8mpgL9oruKWm0YN5THdZSbtZy.jpg?quality=95&as=32x32,48x48,72x72,108x108,160x160,240x240,360x360,480x480&from=bu&cs=160x0",3
e2994ed50278b37b3a80cd2993431a30.jpg,"https://sun9-62.userapi.com/s/v1/if2/GaxNM2VWrvgRxhXBW44nR9XLSCuNSKYTduZo1GpOpHjLS6onCI0JJQrku0if1gkBXmTz_lKTSQzhIfwHLbYd0Wla.jpg?quality=96&as=32x30,48x45,72x68,108x102,160x151,240x226,360x340,480x453,540x509,640x604,720x679,1080x1019,1198x1130&from=bu&cs=160x0",6
25fe4002504a9f9b9abe286ca6e6d0bb.jpg,"https://sun1-87.userapi.com/s/v1/ig2/xy2QcvwZSXm0aCS5rprnBTwFmK1FMyZ6mUUkaoRoWb5RkdxafEaNxSIMZiqExoWIuE9Xh9pdnthm6YICRyvtvHPk.jpg?quality=95&as=32x40,48x60,72x90,108x135,160x200,240x300,360x450,480x600,540x675,640x800,720x900,1080x1350&from=bu&cs=160x0",4
8e374f5547770d62c97ab627cc4940e6.jpg,"https://sun1-94.userapi.com/s/v1/ig2/TU92XwKAcEfqpqgXqkS1jM5sVIXaXgNxh4wPHVH4a1mTRL-CZKEJOC-2-5nF_h0tyQME_4jN1yQ4EfAF0CXKd4fO.jpg?quality=95&as=32x48,48x72,72x108,108x162,160x240,240x360,360x540,480x720,540x810,640x960,720x1080,1024x1536&from=bu&cs=160x0",2
625426f58195e2e9ab92617cb6c3cafe.jpg,"https://sun9-53.userapi.com/s/v1/if2/QgiAc5rR5KtcnKwPxSHmKshFkLfzIsUlf0wvqlUpPBg0XIVFJhb6tU_54g5pcKrlRQn_3BWIEnZToZ6BCchsqBOg.jpg?quality=95&as=32x28,48x42,72x63,108x94,160x139,240x209,360x313,480x417,540x469,640x556,720x626,1080x939,1280x1113,1440x1252,1475x1282&from=bu&cs=160x0",1
3dc7d63f091ce7167a16528467a1d685.jpg,"https://sun9-22.userapi.com/s/v1/ig2/Qae_SWUvQskNY_WQq2EcWEjBu-IB6HIAtUZtr_vW4w3pYOQe9q44W5FffrDhWFMarg9d6xbkKdKmW4m4SJ-8c_uh.jpg?quality=95&as=32x46,48x69,72x104,108x156,160x231,240x346,360x519,480x692,540x778,640x922,720x1037,812x1170&from=bu&cs=160x0",6
06cd2a816d3b340a35ebe2c9e6d1e68b.jpg,"https://sun9-9.userapi.com/s/v1/ig2/1kgw3ZNQIk836S5GhYWXf6mnQzAN_6-h6BwEWggeKgx8IIwTgwfV1OOWRUAir9yz2QkCtCkzjS0GvsPrfg--IzKZ.jpg?quality=95&as=32x32,48x48,72x72,108x108,160x160,240x241,360x361,480x481,540x541,640x642,720x722,830x832&from=bu&cs=160x0",3
8459577bbbbbf511fa10ff0411141b1e.jpg,"https://sun1-98.userapi.com/s/v1/ig2/HqGae0VzAK9_l9y9oB-qTiKf4mFqlEmo1Z_CO6PLbl4IZbnmJ4uaKid0bQLGzh9adpBUIU3_Doc4zSK4mTejRda6.jpg?quality=95&as=32x32,48x48,72x72,108x108,160x160,240x240,360x360,480x480,540x540,640x640,720x720,1080x1080,1280x1280&from=bu&cs=160x0",4
2c7d244842daea55f7f18aeb085ac2b4.jpg,"https://sun1-98.userapi.com/s/v1/ig2/2Mdg6pBwYJ1F_JTxcurbXoPxrt4FnVgN1-3ksgQ_qKP_hEbYxoiujIVBDKlMcjHqnUubJa2txGPDTTpY0wrK840N.jpg?quality=95&as=32x69,48x104,72x156,108x234,160x347,240x521,360x781,480x1041,540x1172,590x1280&from=bu&cs=160x0",2
e358fe40f122fd1fa2e213b25f5391ab.jpg,"https://sun9-85.userapi.com/s/v1/ig2/AAY-CuCMHiMgsdOkPtEwsz2czBpC12x4XrrtTrDUB0KfS0F31TvdxNZFIeLVuAIz9ge5r1qxCzQhMPpMZAATTvog.jpg?quality=95&as=32x32,48x48,72x72,108x108,160x160,240x240,360x360,446x446&from=bu&cs=160x0",3
34e92d074b5f76dacb777866f57b4de3.jpg,"https://sun9-14.userapi.com/s/v1/if2/GFNvAlU5Ydq-jNB_ouoRzsYynV9gsvP7wPz1smWY1frXklHwYXo8dpubkEdJQGcwly1XLur2NWQ_ceyqX2VwcAh9.jpg?quality=95&as=32x28,48x42,72x62,108x93,160x139,240x208,360x312,480x416,540x468,640x554,720x623,1080x935,1280x1108,1440x1247,1483x1284&from=bu&cs=160x0",1
de6fcb1f3aeb665c1856095dd108b39f.jpg,"https://sun1-98.userapi.com/s/v1/ig2/vP53_HorFg3WB_hWJ-NPmcmhj1KveSZV6VecEyBVhawrEiXiibIjK9SG7M1KpJ8qyxvoUw9nP-Yul6xQ5OGGpbsw.jpg?quality=95&as=32x32,48x48,72x72,108x108,160x160,240x240,360x360,480x480,540x540,640x640,720x720,1080x1080&from=bu&cs=160x0",5
c15099365aab3e3e6176ad4129d0f9ce.jpg,"https://sun9-74.userapi.com/s/v1/if2/9fBvROT9SIaSGW4M-JtbxmrvZk0PF5JH54bU3GyDdvIpmQq9SLkXnNyWLWTtsZXZtNomyIqTiLp8b1IB_EaWkIXG.jpg?quality=96&as=32x30,48x46,72x68,108x103,160x152,240x228,360x342,480x456,540x513,640x608,720x684,1080x1026,1114x1058&from=bu&cs=160x0",6
ea212e8485be82d993c1ab865f2ba3e4.jpg,"https://sun9-87.userapi.com/s/v1/if2/62UvhqAsc2FBCKiI_oa6h4mhygd65xrKQ3F8C3nxI44EwFyb9VXqqIXjfzZ6bzqUJgxMoujh9IeTVGL9TWcLBTrE.jpg?quality=95&as=32x26,48x38,72x58,108x86,160x128,240x192,360x288,480x384,540x432,640x512,720x576,1080x864,1280x1024,1440x1152,2025x1620&from=bu&cs=160x0",1
ac27eb60f4eef13dfe5c914203977ebb.jpg,"https://sun9-40.userapi.com/s/v1/if2/tS9oTGiVZqiRGKXA48ESiHVaaIa4E5oyQA9Yw3MDjYqMqwTAYhLdgzcMrZL0dnhSPPuwqztMpnhhVHQydfSfs-0o.jpg?quality=95&as=32x21,48x32,72x48,108x72,160x107,240x160,360x240,480x320,540x360,640x427,720x480,1080x720,1280x853,1440x960,2560x1707&from=bu&cs=160x0",0
d630df8d2e6819dc04f8b88eb041fa4d.jpg,"https://sun9-87.userapi.com/s/v1/if2/BORGssNCC0PvTP71bsbk9Bc97X_VDK3izhPpF1lY99kM-iB05mBaYING5cStG7VE8z24kD1GQ_hfurlrLUTSNZs4.jpg?quality=95&as=32x27,48x41,72x61,108x91,160x135,240x203,360x304,480x406,540x457,640x541,720x609,1080x913,1280x1082,1440x1218,1483x1254&from=bu&cs=160x0",1
9de7453a89615b1e5560e27450f18592.jpg,"https://sun9-71.userapi.com/s/v1/ig2/8Ymn525lKWDpztwoe8GLEvL_fxVZz-wlq5kbKEYEiFTWoSV5EG_mNW7d4tnv-DTWSODAGW9oZIXz7cpuQMKs8sWe.jpg?quality=95&as=32x32,48x48,72x72,108x108,160x160,240x240,360x360,480x480,540x540,640x640,720x720,1080x1080,1200x1200&from=bu&cs=160x0",0
d911dcd43c046079515a0b41f883896e.jpg,"https://sun1-94.userapi.com/s/v1/ig2/ChdCwJKNPNilH8SjjNIW3ofWrJM-oga2Qz-WejnoINQ0WrfLq8mzWzvucJlOb8e0isgMxiUyu2_Or11FkhwBpZoU.jpg?quality=95&as=32x40,48x60,72x90,108x135,160x199,240x299,360x449,480x598,540x673,640x797,720x897,1024x1276&from=bu&cs=160x0",2
07ddfe3bae833471c9ac57f51c608c2c.jpg,"https://sun1-93.userapi.com/s/v1/ig2/QouzfQ9_abuQ1TNi8HjU7Baj-oeFAB-KjzGkBWekk5ZfDq7xcSfnd8PnQDfalRAeUswlsezEEa9lERHDNVLv_UMX.jpg?quality=95&as=32x48,48x72,72x108,108x162,160x240,240x360,360x540,480x720,540x810,640x960,720x1080,1024x1536&from=bu&cs=160x0",2
8e0cbce131f62f599e1322d226b2ec90.jpg,"https://sun9-48.userapi.com/s/v1/ig2/YRRU99zEUelwzzuNIi7pVk1jERu2lec2qKWFH3FEa23lINIPih__n0tj9mWHTYnWCpu7a77frxzoHvUxV_JW3grU.jpg?quality=95&as=32x38,48x57,72x86,108x129,160x191,240x286,360x430,480x573,506x604&from=bu&cs=160x0",3
489f698dd5ea4f8e780b954c280c1fb8.jpg,"https://sun9-72.userapi.com/s/v1/if2/umhBrLHdSLpePXJQys_7lD1LLgqhv2bJDQJhqNm3YX8Bz2EbiXo8hb-SPgclQArSAXZ6AWQpxyGdLefH97CDwzIJ.jpg?quality=96&as=32x28,48x42,72x64,108x96,160x142,240x212,360x318,480x425,540x478,640x566,720x637,1080x955,1280x1132,1282x1134&from=bu&cs=160x0",6
436ffc34a50f7b0bf4e8f66aa478e1fe.jpg,"https://sun9-80.userapi.com/s/v1/if2/6mwM60K7QkipuZyWkniipIckkCG1c5HFJwd6ySmoJj-HpScontliQCckL_i0XtYnNNPuV4bkWHpulN4Ozf1gbdYR.jpg?quality=95&as=32x20,48x29,72x44,108x66,160x98,240x147,360x220,480x294,540x330,640x392,720x440,765x468&from=bu&cs=160x0",1
079b2fb83d00b23a588762b48a23d1ae.jpg,"https://sun9-65.userapi.com/s/v1/ig2/oP65tfRmuUrTWfJRNAhCiz6Rme9FiUVs0jwMQX3-UkqAhXd68xObb7XSbGBp4eW0rrVNgHc_RvwwAJoL4FmrF2Ny.jpg?quality=95&as=32x32,48x48,72x72,108x108,160x160,240x240,360x360,480x480,540x540,640x640,720x720,1024x1024&from=bu&cs=160x0",1
6aef5d19615a6253fdde53ab3ce584c8.jpg,"https://sun1-84.userapi.com/s/v1/ig2/IYM63DvEwg5scWyJBXaqVk1a7-dvuxXUKLQu4y-zE0m2e_uOMZymOmhhnArwsVkP8u1SPYPBUnYXsnxJopZ_eFC3.jpg?quality=95&as=32x32,48x48,72x72,108x108,160x160,240x240,360x360,480x480,540x540,640x640,720x720,1080x1080&from=bu&cs=160x0",5
f92fb0b8e9e3a6ab26bb9ad76c986cef.jpg,"https://sun9-32.userapi.com/s/v1/ig2/QpIED3DNesIhEESITsms2BifwvARnv2TvdxNSCAuni6Om6PVhDabKYfYmc0ifbwUfpJVHcBhW2HivELXCQkZksuZ.jpg?quality=95&as=32x45,48x68,72x102,108x153,160x226,240x339,360x509,480x679,540x763,551x779&from=bu&cs=160x0",3
0763959a0c6b26da9621c3e5266926e1.jpg,"https://sun1-28.userapi.com/s/v1/if2/t2k4jm_wYw30a0q08sNO15Cv756vnNbAtR1i1m1qesIgEz81Bw97iS854e5vaEQeoKKkiXwvCYwtTaqLh5IX2xS_.jpg?quality=95&as=32x29,48x43,72x65,108x97,160x143,240x215,360x323,480x430,540x484,640x573,720x645,760x681&from=bu&cs=160x0",5
4db76bb20ef499ea70447d21d65b391e.jpg,"https://sun9-20.userapi.com/s/v1/if2/rGae0H9y-7FIbG7wYub6mp7ftT-Zpio6YNZTgfuZsc77DPWAxqxtv66MtRyCCToVMt7Nn-Ora7R8X5YMdqPTw9qF.jpg?quality=96&as=32x30,48x45,72x68,108x102,160x151,240x227,360x340,480x453,540x510,640x604,720x680,1080x1020,1186x1120&from=bu&cs=160x0",6
0b795df0a0c9b592cb60b75c7179288c.jpg,"https://sun1-20.userapi.com/s/v1/if2/H7XvxXg7ctqqYCqQ0bGsxIQzGso2ujiK05Ci5sDHeyJTBXkfQcEW8DmlFkl5OHFGX4tIHiJq8b2ZXb9u85SHReDe.jpg?quality=95&as=32x31,48x46,72x69,108x104,160x154,240x232,360x347,480x463,540x521,640x617,720x695,1080x1042,1280x1235&from=bu&cs=160x0",4
92b6cb15ce5063b259c2dfdd43708a72.jpg,"https://sun9-47.userapi.com/s/v1/ig2/c2KXPjBiwgs9F0XnFVea7J6PfKoy5cvORjEfiLvwoW7Op4NzmxfgNm86BkgYSJSvJe6rGpDVGcQXm1lpvX70Lo99.jpg?quality=95&as=32x32,48x48,72x72,108x108,160x160,240x240,360x360,480x480,540x540,640x640,720x720,1080x1080,1200x1200&from=bu&cs=160x0",0
26af0a59285308a7fe6dce1048bb6979.jpg,"https://sun9-59.userapi.com/s/v1/ig2/AScwKrwgZjJv6YGsshUI51ArLTcwdZ5vfJPCOZZzOCfmA2UC67sWN5B4bS1NHHXsJ3tRhZx5KE9is5VwzCI4CU8c.jpg?quality=96&as=32x34,48x50,72x76,108x113,160x168,240x252,360x378,480x504,540x567,640x672,720x756,1029x1080&from=bu&cs=160x0",6
3717fa64e07196a1ba7de54719b18834.jpg,"https://sun1-27.userapi.com/s/v1/ig2/UR5goWk1hd1GntrDpzcWPAipdnM4cALYMZgjyjEO_rQXDk7AP1YHdIahz6gEO7JQ3I2eGMyft5AUfhCcSUab2KPE.jpg?quality=95&as=32x32,48x48,72x72,108x108,160x160,240x240,360x360,480x480,540x540,640x640,720x720,1080x1080,1280x1280,1440x1440,2560x2560&from=bu&cs=160x0",0
279812273d3a04dbc41191c4598f6763.jpg,"https://sun9-40.userapi.com/s/v1/if2/pl8R3yAdYmrbjn1l-ZllcOuPaPZQwAnunGw6E3ev78oo755jtb50F4Yf8k8kp28By_KUDidMm_ncKiJqgEyJjhXg.jpg?quality=95&as=32x30,48x45,72x67,108x100,160x148,240x223,360x334,480x445,540x501,640x594,720x668,830x770&from=bu&cs=160x0",3
4c2d1d8344bc9489cf74463f62050f35.jpg,"https://sun9-27.userapi.com/s/v1/if2/_A5M_dgFW5jyzq9qnFxTK7MZqMnM5eng7_cgZhudVR9-1tyKLrY5TH8c4wXL_iD33MF57DPEH-FO6dAF5NzYRA4z.jpg?quality=95&as=32x27,48x40,72x60,108x90,160x134,240x201,360x301,480x401,540x451,620x518&from=bu&cs=160x0",3
fa9db51255d74493ad7ec45316f44418.jpg,"https://sun9-37.userapi.com/s/v1/ig2/s0R-wK1NVzqB_A68dcaMzRIKY78G4p1vTv-Xodw2vVzPMXq9KpM2WS1KT6dNyxxrY9D7E0UMxD1EoLNfeoomBXT-.jpg?quality=95&as=32x38,48x57,72x86,108x129,160x191,240x286,360x429,480x572,540x643,564x672&from=bu&cs=160x0",3
0ab0a35cc4df7fbbcdcb72541ce4f2aa.jpg,"https://sun1-29.userapi.com/s/v1/ig2/ZWNVC5vnmqdeqZpZzpvg9cmnp1bpo38Ug1iqKtwQpGQhPjz7dYLFSOq-3-rjuXWJB_z47oxRIWFBft8cnxfq6WVD.jpg?quality=95&as=32x32,48x48,72x72,108x109,160x161,240x242,360x362,480x483,540x543,640x644,720x725,1080x1087,1268x1276&from=bu&cs=160x0",4
b4b8a6fd1c837455a316152ea2f7d81f.jpg,"https://sun9-72.userapi.com/s/v1/ig2/xAACF45HS72aB2xOFP5wtzejREoYW1V5YlVG5xj_XRlt0fQGEX-SQLliDTxGPJzW0QOvP3ObqU9lgh4yb9Tq-KH-.jpg?quality=95&as=32x33,48x49,72x74,108x111,160x164,240x246,360x369,480x492,540x553,640x655,720x737,910x932&from=bu&cs=160x0",1
6e40631fc733c8b9bd75723c23ef22ee.jpg,"https://sun9-47.userapi.com/s/v1/ig2/x2JH5yvNztjWXV9Ksec5NIbdFbm8Oyipckgk-E2tzkRQkvaKddKvsWw1i3h1857K_ee0Xvy8ZX3LtjZzSLStEuv4.jpg?quality=96&as=32x36,48x53,72x80,108x120,160x178,240x267,360x401,480x534,540x601,548x610&from=bu&cs=160x0",6
709eb832661a185e0d31549f5a9ae78c.jpg,"https://sun9-82.userapi.com/s/v1/if2/nG9m7DWIb-bLs7sgkd7974tZ8mZDrCMLujO_e9en3MHaolm7Ahb5v5yh0-qO-4eicZyIzPXPK9p-CqEXwDA9WSxJ.jpg?quality=95&as=32x21,48x32,72x48,108x72,160x107,240x160,360x240,480x320,540x360,640x426,720x480,1080x720,1280x853,1440x960,2560x1706&from=bu&cs=160x0",0
e4519862ac2de214aed068247d50be4d.jpg,"https://sun1-97.userapi.com/s/v1/ig2/tTMYeujC4Ag-MqTLqDHqycnWwV4xuUoafwA_ZlBitTlTWJaC-ffJ6jEKJUCWVbWYYMNGBSLKWvcfPhA1j6pLY24N.jpg?quality=95&as=32x48,48x72,72x108,108x162,160x240,240x360,360x540,480x720,540x810,640x960,720x1080,1024x1536&from=bu&cs=160x0",2
96553a0fe9f3a5bedef17dc3b6acf6d4.jpg,"https://sun9-78.userapi.com/s/v1/ig2/c-mKIG3gI7d3Xkb3_MaiX2Yi-TdYps6HdicvHdp8zRypahRWNEOdCl3bq6Lc8P66KzIRnKrSz3s2QBUJgXsLKfqn.jpg?quality=95&as=32x36,48x55,72x82,108x123,160x182,240x274,360x410,480x547,540x616,640x730,720x821&from=bu&cs=160x0",3
5c8a65ee92f5358e34bac4df179b6480.jpg,"https://sun1-54.userapi.com/s/v1/if2/cJSPRBm8NLXk3CFHJ2OdKxmM6B7GIDe69ifGRdS33Yk-MrIkzhmq1H9NXN3MyPQ7wwkp8fFSluL__rp_H__ZL9ke.jpg?quality=95&as=32x24,48x36,72x54,108x81,160x120,240x180,360x270,480x360,540x405,640x480,720x540,1080x810,1280x960&from=bu&cs=160x0",5
0e19ebe847b5395c89ed7fe10248826b.jpg,"https://sun1-87.userapi.com/s/v1/ig2/kGjtVXVo7UTiPMkrbW06E4JqTNu0FU8maadkNAzJXqGUDBU8vlcb4UdhumP5e7EOwmZLso-VGJ2XMpbwKlUG79C6.jpg?quality=95&as=32x32,48x48,72x72,108x108,160x160,240x240,360x360,480x480,540x540,640x640,720x720,1080x1080&from=bu&cs=160x0",5
319b22e249b399ffd285c4822e50ddd5.jpg,"https://sun1-89.userapi.com/s/v1/ig2/GOjjjsDZtjUH7Fr8gcy0JYTFFnSHz7fGjCgwWhBU7qCqNLGukLIJ-_WfuE6gELoetapVupu21jHxeZBDmJcXnIys.jpg?quality=95&as=32x32,48x48,72x72,108x108,160x160,240x240,360x360,480x480,540x540,640x640,720x720,1000x1000&from=bu&cs=160x0",5
6089c09af4ebfa2ee350b5a3a7ba2b27.jpg,"https://sun9-16.userapi.com/s/v1/if2/a8crfLDNCrtEjle-H8HFrnRJb-uqmy8-MzVWe0WU1nzwLhu5cpVhV_8fDwyqBDloAceYoE6pFoldrky9BV7EtNYG.jpg?quality=95&as=32x29,48x43,72x65,108x98,160x145,240x217,360x326,480x435,540x489,640x580,720x652,1080x978,1280x1159,1440x1304,1482x1342&from=bu&cs=160x0",1
ca4e6a23087fc70238940d38ae051fd3.jpg,"https://sun1-94.userapi.com/s/v1/ig2/t_o2OcQcTHBn5visifspfstxZiiU5fEbyQMOwiUBwpoyy2h5SAPE-SezqbgJk-vpED2sq7VU37iF26CVYjVp36zf.jpg?quality=95&as=32x70,48x105,72x158,108x237,160x351,240x526,360x789,480x1053,540x1184,640x1403,720x1579,726x1592&from=bu&cs=160x0",2
b3f31502da93bb247551031899e31291.jpg,"https://sun1-13.userapi.com/s/v1/ig2/RhGWTCKpHFnKluD0zvxcUI3QmIGhXxAcvppKnM-B5kzCpahHGH38dPQCdMGjkH1DmgiFLUO_Mdf3-p4hXrogORS4.jpg?quality=95&as=32x32,48x49,72x73,108x109,160x162,240x243,360x365,480x486,540x547,640x648,700x709&from=bu&cs=160x0",2
e8dcfba361273bab65eda5ec73d0e10d.jpg,"https://sun1-18.userapi.com/s/v1/ig2/fZD2s5RXUvTA1yeZtAtgJSyeW_iBSD4VqLtn2V_TTekJtS9VrZyfm47uA8cNWBpt9_xHD2FrWL9RpyMR48TykFwZ.jpg?quality=95&as=32x44,48x65,72x98,108x147,160x218,240x327,360x491,480x654,540x736,640x872,720x981,1080x1472,1280x1745,1440x1963,1878x2560&from=bu&cs=160x0",6
0b08c337e7da4a22b0bbdef313720178.jpg,"https://sun9-70.userapi.com/s/v1/if2/spf50a17oWsvwkY1bUdyXT0y6cUK7b3zD08wCaZRpYrT_o1pTEEtf1k3L2FWkfWql-nCOLkc_8Lc_9KpyVKkiA6X.jpg?quality=95&as=32x24,48x36,72x54,108x81,160x119,240x179,360x269,480x358,540x403,640x478,717x535&from=bu&cs=160x0",3
f073b228e3d349dc344dfa84ec25df60.jpg,"https://sun9-44.userapi.com/s/v1/ig2/WBO8DGo6oJmZHTuSrf5wQOGJIsJdlRuIyV8uMVxSk4KH8DdVn6LElvsokZtThQJWlUt4AzQ52IBKNHcozhb63gHA.jpg?quality=95&as=32x32,48x48,72x72,108x108,160x160,240x240,360x360,480x480,540x540,640x640,720x720,1080x1080,1280x1280,1440x1440,1800x1800&from=bu&cs=160x0",0
d4c8498118338ce4d75e85e9e20b1fca.jpg,"https://sun1-57.userapi.com/s/v1/ig2/H8dOw9_N3LqeK0RHYT9FZHPfWwLb5Ite0W22ZNHwUqpWLToydZJVEiTl8ZDhrqfWy545JHRyOt4C7jQ4TbzOP1FY.jpg?quality=95&as=32x48,48x72,72x108,108x162,160x240,240x360,360x540,480x720,540x810,640x960,720x1080,1024x1536&from=bu&cs=160x0",2
3ff559412f6d76a057f5c871cb136634.jpg,"https://sun1-17.userapi.com/s/v1/ig2/w1dcVaYhAC_GyPyud6McNVFMp6JbLxP4tiVJoxmv9owpq-_9pO4xkDHgOHc0M24Zp6eb3TxW_QoKiJGmQlam4oh0.jpg?quality=95&as=32x40,48x60,72x90,108x135,160x200,240x300,360x450,480x600,540x675,640x800,720x900,1080x1350&from=bu&cs=160x0",4
e14f9dec2f96eae83840f3812bff90b4.jpg,"https://sun1-30.userapi.com/s/v1/ig2/Hc09d-Vz3RuCbP0LWZ7nd8-oXLvcHmZr7GtGSM_OsNb6l0ZyVXW1lbxXNZaAXruma5PJT4cL_f7j9PeeSGgG0da3.jpg?quality=95&as=32x32,48x48,72x72,108x108,160x160,240x240,360x360,480x480,540x540,640x640,720x720,1080x1080&from=bu&cs=160x0",5
35729855c6b0ca207bcadfd6ec251dbb.jpg,"https://sun1-91.userapi.com/s/v1/ig2/332SZirDICfCX1Hr5RDPox_5dqVUkLoXz3z1bw1gPVoQmgkm9DDi6-fwpfhzBS6NS2SwqePHYjdt4BUL6dE-k-3z.jpg?quality=95&as=32x32,48x48,72x72,108x108,160x160,240x240,360x360,480x480,540x540,640x640,720x720,1080x1080,1280x1280,1440x1440,1500x1500&from=bu&cs=160x0",5
71c53874199ab9a1cf46b4500362e646.jpg,"https://sun9-6.userapi.com/s/v1/if2/50yiZiHU4RyCokFLiYn6y-Meve_PMaxOYj3a-BAN6ycAWOogasn-j_uSZ5I-8X_1W5UZDtodMQfIJ6QC_uJxgTYx.jpg?quality=95&as=32x25,48x37,72x56,108x84,160x125,240x187,360x280,480x374,540x420,640x498,720x561,1030x802&from=bu&cs=160x0",1
ced864d2ec3afcd4681c3045039f90f4.jpg,"https://sun9-27.userapi.com/s/v1/ig2/Jt3CIDUR936JPVxKohnKmTpEG6sdgHucACtkX4orzveWuPaKLtnsx6-rl70FNvD8OIhng33qAwAjDMGb4p_eCzmR.jpg?quality=95&as=32x32,48x48,72x72,108x108,160x160,240x240,360x360,480x480,540x540,640x640,720x720,1080x1080,1200x1200&from=bu&cs=160x0",0
7a062936f5aa6a18af263232fe5c247e.jpg,"https://sun9-64.userapi.com/s/v1/ig2/k4F0jDU-ucESbZMpQ3ZAz4NDyO8q0ckv_v9kmaPHsrC-9Re9Nv_CMwMjknntUmYxDLpe8iznxICCp6tc39sWxkbG.jpg?quality=95&as=32x32,48x48,72x72,108x108,160x160,240x240,360x360,480x480,540x540,640x640,720x720,1024x1024&from=bu&cs=160x0",1
87eb5227c7857ab7bd0667042730920d.jpg,"https://sun9-66.userapi.com/s/v1/ig2/vOJ7Yj3IytY7-QCZKMK9Zgqk_cezHbDq_2CEetOEHF59JGmBuKFib5aGsBkcggrdu_NH11jl1nQqLKA9TbYP5jCW.jpg?quality=95&as=32x32,48x48,72x72,108x108,160x160,240x240,360x360,480x480,540x540,564x564&from=bu&cs=160x0",3
d79df1ca3cb69d74d3c0c68fe39f77fd.jpg,"https://sun9-16.userapi.com/s/v1/ig2/3KcasmWH6onH_vioU5v47_F4hFqsyAyE1LgGPQBnig9rc7Q1DmEtn1zAMKqPlo8zyojF_MD2ufRHSJ4BomWE06Ui.jpg?quality=95&as=32x32,48x48,72x72,108x108,160x160,240x240,360x360,480x480,540x540,640x640,720x720,1080x1080,1200x1200&from=bu&cs=160x0",0
4563cbc00e367d12177e5d9f499a1fbd.jpg,"https://sun1-18.userapi.com/s/v1/ig2/s4gcMd9pi307nmVQYMXMST3LIRJvq_QwuUaBQ-mA0_LQwB9LW8DoyIlqUfW8kTEenIrpYIwn89Ia6uU8gxApMpB4.jpg?quality=95&as=32x32,48x48,72x72,108x108,160x160,240x240,360x360,480x480,540x540,640x640,720x720,1080x1080&from=bu&cs=160x0",4
23ab09c648376fe76c2a3dc6d0c60d06.jpg,"https://sun1-55.userapi.com/s/v1/ig2/kuxYHV2rIszEWHU1iYlwDyuTfB5WK3vFbjEqT6vwxvGa9G8miMFsMdBIKYqi36wq3RW1YgvFdot3YmSMSsI8dex6.jpg?quality=95&as=32x40,48x60,72x90,108x135,160x199,240x299,360x448,480x598,540x673,640x797,720x897,1080x1345,1280x1594,1417x1765&from=bu&cs=160x0",2
7c981b3dd356fb77a5a7dafd9600e3c6.jpg,"https://sun9-82.userapi.com/s/v1/ig2/bAhRdNow6YM5xZytTBJg7YaaDrEq6E6WdjOeCThQuejXuku0MjD5TEayqZQFgY6tUQZnyrK1yrE9Ghk37TLz9c5r.jpg?quality=95&as=32x32,48x48,72x72,108x108,160x160,240x240,360x360,480x480,540x540,640x640,720x720,1080x1080,1280x1280,1440x1440,1500x1500&from=bu&cs=160x0",1
8ad37e03442d5729657483e3a27dd5e1.jpg,"https://sun9-9.userapi.com/s/v1/ig2/PLisjlC5WsXCGBn1E5c14ZbAnWa67CEHYg7SQVYaTlZgz_dfadj7kIfhB2I3kw5uv6-ewX8YBnZQa7Cbdc_MfXJR.jpg?quality=95&as=32x32,48x48,72x72,108x108,160x160,240x240,360x360,480x480,540x540,640x640,720x720,1080x1080,1280x1280,1440x1440,1800x1800&from=bu&cs=160x0",0
6af6dc2cbe56557c02be9eee9539a4d8.jpg,"https://sun1-30.userapi.com/s/v1/ig2/DkJz1Xkaljmyh0-lSsFeRr3WefIfvXj9Voowm_klfrDfici5LztbBjftX5mZ1t7BeaPesdzxkEIvZ2cES97ww1R0.jpg?quality=95&as=32x32,48x48,72x72,108x108,160x160,240x240,360x360,480x480,540x540,640x640,720x720,1080x1080,1280x1280,1400x1400&from=bu&cs=160x0",4
f70138d61064f05e467d654b8ec59769.jpg,"https://sun9-33.userapi.com/s/v1/ig2/v11atjfKc0aoHx8YQKRuUvoRf7trKWyCz8nmyZu-OeHlBd-tZSR0Yhxbl6YPTde509WuAhp97__3nlfhwKHlueOO.jpg?quality=95&as=32x32,48x48,72x72,108x108,160x160,240x240,360x360,480x480,540x540,640x640,720x720,1024x1024&from=bu&cs=160x0",1
57bf9be9e34995785e26bba537c841ba.jpg,"https://sun9-38.userapi.com/s/v1/if2/KFi-KHKVonlLkkoWs1ZnXFr3758gOC8eh5bjHv-ewtVXL2NC27Heh9IhJqwVIE26zihvmrjrazVOi3VG3ZOu7uc0.jpg?quality=95&as=32x24,48x37,72x55,108x83,160x123,240x184,360x276,480x368,540x414,615x471&from=bu&cs=160x0",1
e3eb96db7872937eaedcf0e8a47243ce.jpg,"https://sun1-94.userapi.com/s/v1/ig2/f_Bo8rEBT5TsHqT-R3OuKUSA3ryMy3yx5X6GIF6iZztgQgBvKfci-181qJiMZjoHidCHGGaq9wQV6K4ynDumvZFh.jpg?quality=95&as=32x36,48x55,72x82,108x123,160x182,240x273,360x410,480x546,540x614,640x728,720x819,828x942&from=bu&cs=160x0",2
be11c2397063d936f3936a93ef6073c3.jpg,"https://sun1-84.userapi.com/s/v1/if2/7B_19gBcFuGIEL_VehrzYOTEtddaHhCplB4jDa5eAhkHXSKUwCsr8QY9Re8IDfYXkLCGUHU1p90GJNjwl0o-ixQR.jpg?quality=95&as=32x19,48x29,72x43,108x65,160x96,240x144,360x216,480x288,540x324,640x384,720x432,1080x649,1280x769,1440x865,2000x1201&from=bu&cs=160x0",2
4d922e2636000195eb9b0831872c29b1.jpg,"https://sun9-73.userapi.com/s/v1/ig2/n0wGz3SxwGf0_WY_ggFNW3SeSwKPLo953kzJMFgv0z0hwyMR6AE7DjFnk4b7Q-X7BLuBmhvOPieaNzor_RxqaTDZ.jpg?quality=95&as=32x32,48x48,72x72,108x108,160x160,240x240,360x360,480x480,540x540,640x640,680x680&from=bu&cs=160x0",1
e51e98dfd233c20799ea2a9f8ce112f2.jpg,"https://sun1-96.userapi.com/s/v1/ig2/YS3uJkvCxNuQgq-jVLORaq-_bpBBcloEX4X71JbqLM2GOdjX9i44LiBQXYC6vfHDYmkcJQ8YBTcjY7k04lh8MLh5.jpg?quality=95&as=32x32,48x48,72x72,108x108,160x160,240x240,360x360,480x480,540x540,640x640,720x720,1080x1080&from=bu&cs=160x0",5
81d29a1f24a039dbbef9f5234f5626ba.jpg,"https://sun1-92.userapi.com/s/v1/if2/__kE4inDmP7E7PbuYwJ4Yd1E1qx17AB2HNtIIWhI-IPfbEnIMTeY_FRDV7RWS1sQWFtLWFZjDAY2BGlYFYOG6nMF.jpg?quality=95&as=32x21,48x32,72x48,108x72,160x107,240x160,360x240,480x320,540x360,640x427,720x480,1080x720,1280x853,1440x960,1536x1024&from=bu&cs=160x0",2
5d9f1b91fe18a805ccd4838156cf0398.jpg,"https://sun9-52.userapi.com/s/v1/ig2/44i1GzefuZpoHEfUMFahgC421x3c1NnwQTAz-uiKH7umMD37xryktn0mh2Lt66uGr2pBdIOt7oJgeFUP55jO3gab.jpg?quality=95&as=32x32,48x48,72x72,108x108,160x160,240x240,360x360,480x480,540x540,640x640,720x720,1080x1080,1200x1200&from=bu&cs=160x0",0
1ffa090cb9660bcac33ad0a49726329a.jpg,"https://sun9-28.userapi.com/s/v1/ig2/N2g0YpiumQTU53zXrratdfLuToJvfs6er7IYSchc_iBYB3hBKXUcGePMKPQaOoEzJyavHc4BfLSvcgmEi1SDQmTC.jpg?quality=95&as=32x32,48x48,72x72,108x108,160x160,240x240,360x360,480x480,540x540,640x640,720x720,1080x1080,1280x1280,1440x1440,1500x1500&from=bu&cs=160x0",1
d3611801efc2e2a82747a4718c7a2c10.jpg,"https://sun9-71.userapi.com/s/v1/ig2/daQixpcGcMNaEa9hk4LOgZz72NzqtlpfLykJP-yGsDByLltf1J_V9QTExF8ZhdcFSg2Ghbo_ChdubEv_Lw466a8o.jpg?quality=95&as=32x45,48x67,72x101,108x151,160x223,240x335,360x503,480x670,540x754,603x842&from=bu&cs=160x0",1
f256203a66decc286456d69fa19cb8aa.jpg,"https://sun1-56.userapi.com/s/v1/ig2/CM0J-Ti8oPML1pkTs9jXdUjvQw0-bgoTkvhD8bgwIQSgQSjmOiZYz6bA4kLZ6AwTJSvexzy4m4hVVQ9eWFhyP1K9.jpg?quality=95&as=32x32,48x48,72x72,108x108,160x160,240x240,360x360,480x480,540x540,640x640,720x720,1080x1080&from=bu&cs=160x0",5
7f45220b5c05e45c51a60932e4e5d028.jpg,"https://sun9-12.userapi.com/s/v1/if2/NjP4uCIrM32uPZHENGNEJPKYr65yCUMRytDVmbVyYCORC6l03zOJwIP6YqtLGbDtv0bzKs4D7SgM5KiW0bqOph7i.jpg?quality=95&as=32x21,48x32,72x48,108x72,160x107,240x160,360x240,480x320,540x360,640x427,720x480,1080x720,1280x853,1440x960,2560x1707&from=bu&cs=160x0",0
58ab0f638080ec94e5535b1e0fddbef1.jpg,"https://sun9-82.userapi.com/s/v1/ig2/0vJfYsk9C4b7R0fzrztq3YIo8Uv6R1J2PeMcvdb2mnB1kctjEJe_Y4NEpGNWQ1fl2OdU3S2Kskxr-sKwRP2EShQi.jpg?quality=95&as=32x32,48x48,72x72,108x108,160x160,240x240,360x360,480x480,540x540,640x640,720x720,1080x1080,1200x1200&from=bu&cs=160x0",0
7b45e91a290d4357f689e7f67fafd7b3.jpg,"https://sun9-70.userapi.com/s/v1/ig2/XBM18wIEQjUS8RIZhmwv3ScjqJqVrjpXJXOCZDGw141OV-W03K2izK1F7WBkOsdsUG5BrQ9iDoXc8HjyE-pT0PRi.jpg?quality=95&as=32x32,48x48,72x72,108x108,160x160,240x240,360x360,480x480,540x540,640x640,720x720,1080x1080,1280x1280,1440x1440,2560x2560&from=bu&cs=160x0",0
617351b31f37d5867f6406b7939d9407.jpg,"https://sun9-85.userapi.com/s/v1/if2/-YvUMrbugY4Ly7kQORc22IzeU5tVfEniiRCzEVX9Wh_Lr7L9SchbILUxF9dDjW_Ial32LIxFYi62WK9Pm5QBQ_9v.jpg?quality=96&as=32x26,48x38,72x58,108x86,160x128,240x192,360x288,480x384,540x432,640x512,702x562&from=bu&cs=160x0",6
9dde7dbb5551528ed7e2958c1384c98c.jpg,"https://sun1-29.userapi.com/s/v1/if2/h-7MMjnEeOGHt605TcVprfV06zdUVVzSoyGk5jMGABfiBv3UId8ivUEkCGUBVEeGD7XODxBxVgZhRTM-oWzicIVr.jpg?quality=96&as=32x19,48x28,72x42,108x63,160x94,240x141,360x211,480x282,540x317,640x376,720x422,876x514&from=bu&cs=160x0",6
29a38aa83a8653e0d41d2905aeb3c26e.jpg,"https://sun9-23.userapi.com/s/v1/ig2/_Qm-n5D9y2kzgd5bhpj7kKadG3kDy_XJy_YFMCWvd22Krq05Z6tEFrrJFcUOnng-tLOCwEYVQ3lWOKz0rC2Be8FK.jpg?quality=96&as=32x57,48x85,72x128,108x192,160x284,240x427,360x640,480x853,540x960,640x1138,720x1280&from=bu&cs=160x0",6
f4dcece088ebb92002da570a7ac61f87.jpg,"https://sun9-88.userapi.com/s/v1/if2/bhyifBBefVdfhgrFwYm8f1P4lLZxmY94BEvmSqrqXtC7bdxONLG_Op53j3gVfD_fkAqBosLF9UL0sCTMitrzSixK.jpg?quality=95&as=32x21,48x32,72x48,108x72,160x107,240x160,360x240,480x320,540x360,640x427,720x480,1080x720,1280x853,1440x960,2560x1707&from=bu&cs=160x0",0
20cef88f763300745203a540061145d6.jpg,"https://sun1-94.userapi.com/s/v1/ig2/ALZYBusXkI_t0D4_OoYHySNBdC716GstOH-Hqz3k0bxRXR188Vg2Z8FNSoCyMHPlYmsno3I-HM0QGwEPTaMr22pM.jpg?quality=95&as=32x32,48x48,72x72,108x108,160x160,240x240,360x360,480x480,540x540,640x640,720x720,960x960&from=bu&cs=160x0",5
15c456f6e01a6711b762686da7de826e.jpg,"https://sun1-28.userapi.com/s/v1/ig2/HMEHtBaLS46oIWEH0x5JYnLNSJY0RvN3EZVfT6Q95WWhBnVg6EVM4WaTTNLcLxkYAXezlvrkqyNhbRTJCWW4vkmI.jpg?quality=95&as=32x40,48x60,72x90,108x135,160x200,240x300,360x450,480x600,540x675,640x800,720x900,1024x1280&from=bu&cs=160x0",2
f602fbb42ddaa1c8bcf5e26b6bc5f231.jpg,"https://sun1-20.userapi.com/s/v1/ig2/RvE1EQTY4uc1s1bFEtNaeb22tC8sGZ2bg2qd2Z1qvXpMoEb3bnHnvgPesZLKIM5mBZX_tQoRUXL9sZO4oLyIad5r.jpg?quality=95&as=32x32,48x48,72x72,108x108,160x160,240x240,360x360,480x480,540x540,640x640,720x720,1024x1024&from=bu&cs=160x0",2
87884fd898724780bac8d3547ad59b81.jpg,"https://sun1-84.userapi.com/s/v1/ig2/u3kcR7sZA7eXrUEEWE3uhsWSOQvawb8YQOwVF--qKmNfyPLccvzF1NF0F4m5auJeO5LnGwjuiOGcQWQVg4805N3C.jpg?quality=95&as=32x32,48x48,72x72,108x108,160x160,240x240,360x360,480x480,540x540,640x640,720x720,1080x1080,1280x1280,1440x1440,2160x2160&from=bu&cs=160x0",4
ce79ca57d782d29120a0db4cf70bb4c3.jpg,"https://sun9-84.userapi.com/s/v1/ig2/9R_5Rrie1GrH1A0z5qMaYVcciOMBQXxbh7_z1ryNCxgO8yKPSZI-nJDY-EudD7W8X9TasMeHzirzeU4NPjyiBIhl.jpg?quality=95&as=32x32,48x48,72x72,108x108,160x160,240x240,360x360,480x480,540x540,564x564&from=bu&cs=160x0",3
7b291b9f902a33cad7c571f75cb0d5a8.jpg,"https://sun9-39.userapi.com/s/v1/ig2/1Ijqyvl48FPTVHWtXRByprileqJoifVgVkAqc9novO-Ih3nAd0dC4a_TEm5qEiYr78QcmPUETGm1wdTL91oPdh_k.jpg?quality=96&as=32x32,48x49,72x73,108x109,160x162,240x243,360x364,480x486,540x547,640x648,720x729,1080x1093,1126x1140&from=bu&cs=160x0",6
a4ae725034deaeb882401453c159bc17.jpg,"https://sun9-57.userapi.com/s/v1/ig2/vraYrZWF66-u6NoVqwcLKDSWKUDXdb3b0Dz4EYRH2AoAQfyac9ctM7ONQGiFzK_diTWmWNabWpatoyzCZskRF2LB.jpg?quality=95&as=32x37,48x55,72x82,108x124,160x183,240x275,360x412,480x549,540x618,640x732,720x824,1080x1236,1094x1252&from=bu&cs=160x0",1
dd5f77cecf4dc1c6f2c3ce317ab44cb2.jpg,"https://sun1-98.userapi.com/s/v1/ig2/1HL1V0UyCYT2rAl-6ZcNL0SAzBqHDSZrfNdDcJvkQIqcohxNUORglT1Cj5l8MyJn1JgXBZiANYD2TN6__FlaILRA.jpg?quality=95&as=32x35,48x52,72x79,108x118,160x175,240x262,360x394,480x525,540x590,640x700,720x787,1080x1181,1280x1399,1417x1549&from=bu&cs=160x0",2
39349a282d534cbbae3f9c0931fad53a.jpg,"https://sun9-59.userapi.com/s/v1/if2/v_gUuVq4YQP4QNs557Gy9JHbAlviuDcdHjdeifRo_Gof1620sKZtT3MINcd5PqyJ4uSP5Xeaq6XWzHK8jlp7UXpC.jpg?quality=95&as=32x24,48x36,72x54,108x81,160x120,240x180,360x270,480x360,540x405,640x480,720x540,1080x810,1280x960,1440x1080,2048x1536&from=bu&cs=160x0",1
f2f5f34dafbe651de33fa8556ef7a0d5.jpg,"https://sun1-18.userapi.com/s/v1/ig2/pXBFOxmpP6PlYWgBHhK3YlAxtQsWntHmlupXHrm6lVOm1bUgTlR4wczU2RQLkxnIlk_KyGjynEK-DRRf2Slh2EPV.jpg?quality=95&as=32x43,48x64,72x96,108x144,160x213,240x320,360x480,480x640,540x720,640x853,720x960,1080x1440,1179x1572&from=bu&cs=160x0",5
8a523ba9f5f60cf942aa0455c94abf94.jpg,"https://sun9-53.userapi.com/s/v1/if2/qu4USIug6EafHrZYr8J8Q1WDgECEEL62uaGpnA5UdWvtBCB7dOPN9IOfoZgtEN04bt_xiUlUUAzGZdKXVmE-NTtL.jpg?quality=95&as=32x22,48x34,72x50,108x76,160x112,240x168,360x252,480x336,540x378,615x431&from=bu&cs=160x0",3
b2fa361d1c571e4cc8125de5641cf04d.jpg,"https://sun1-14.userapi.com/s/v1/ig2/I3uaVH6gCkNxmu-ujh8LDvqoispsq18HQ-ES_gFBPcFGx8LSxYIRO2POC0ywp4e9BXWPSNJ6HLg7sZONIzx3HUJX.jpg?quality=95&as=32x40,48x60,72x90,108x135,160x200,240x300,360x450,480x600,540x675,640x800,720x900,1024x1280&from=bu&cs=160x0",5
cf68d4234792e41063ddbf74b60b4a2d.jpg,"https://sun9-46.userapi.com/s/v1/ig2/rL_eXKuN4SkzRsz95cEB1cyZqrlYfeZJYXPmcl7x9yf_wVPnKMaOlOmA_Y128UP9UpqeVruOsoVgdk6Pk8nrQSmq.jpg?quality=95&as=32x35,48x53,72x79,108x119,160x176,240x263,360x395,480x527,540x593,640x703,720x790,1064x1168&from=bu&cs=160x0",6
e243896cebeec2ea57b5ede7335e9cad.jpg,"https://sun1-29.userapi.com/s/v1/ig2/0fsbsFvEXD0ABj24A0ZdUZaK8LaEbp8rCXQgChWvyxrixAOp7V9eQ85JbspeAdoeP-9_MnZjcDz9II6u-W6SbNFO.jpg?quality=95&as=32x43,48x64,72x96,108x144,160x213,240x320,360x480,480x640,516x688&from=bu&cs=160x0",5
2f542ff6355f23b168797e1c9997c2a5.jpg,"https://sun1-91.userapi.com/s/v1/ig2/H8-UDutc21-KJXQeVyQ8RW_3fvX6wPqA9ZWXfUIP33iIJgFL-aOhkoRbL0GWjo95MjbnX4rjTLkE8xXUcPLv_IIW.jpg?quality=95&as=32x32,48x48,72x72,108x108,160x160,240x240,360x360,480x480,540x540,640x640,720x720,1080x1080&from=bu&cs=160x0",5
9506e922fa119e00ee0ba00d63fce47a.jpg,"https://sun1-25.userapi.com/s/v1/ig2/bTRtzrYGwmxp8JhAgiRmxRSmFOxpvQzEmUVZmpSe2OooRViGVCVpdlu_y65iBRUgIFd7NtP6JXLl6By6EjorGptO.jpg?quality=95&as=32x32,48x48,72x72,108x108,160x160,240x240,360x360,480x480,540x540,640x640,720x720,1080x1080&from=bu&cs=160x0",5
852a27fa06b18100c94c7a75d77a8ad9.jpg,"https://sun1-90.userapi.com/s/v1/ig2/eMxUNnkrL_Jq-rlSltOzkWNm5rLlu4MlNbr9qJmNhqExVoS3p1TuqHvffJ2wFtbkFHl5KuWKRG8zaxpGwfbvNlIS.jpg?quality=95&as=32x40,48x60,72x90,108x135,160x200,240x300,360x450,480x600,540x675,640x800,720x900,1080x1350&from=bu&cs=160x0",4
2c546422f855b09f195728da5f730ba4.jpg,"https://sun9-53.userapi.com/s/v1/ig2/32G8Nkr-9PnlVDNbj4Yyy1mJbT6vS74fp6CqBIOjF7vFdFMXs3ZrS-6ofWryeJLgiLPklOPUsGbdzVKC9g7U2d4-.jpg?quality=95&as=32x32,48x48,72x72,108x108,160x160,240x240,360x360,480x480&from=bu&cs=160x0",3
023cbf243cd20bcbd7a2de9dcbff849f.jpg,"https://sun9-40.userapi.com/s/v1/ig2/OYnr7-IrpwGJGwLbTIGwthS7mcRPPqhB6arknX2r3LP9yYPBPgRTZatynuOuJ3X5BDTTRBu2doB2Ir3BLJxwd_K2.jpg?quality=95&as=32x32,48x48,72x72,108x108,160x160,240x240,360x360,480x480,540x540,640x640,720x720,1080x1080,1280x1280,1440x1440,1800x1800&from=bu&cs=160x0",0
15eeba341b0057899c8fdf087702d0cd.jpg,"https://sun9-44.userapi.com/s/v1/ig2/h_BrjlzESMPBbCOh5ViB6GBBH10Tm6QniILSMq-p-QgPjYll57No97j8dSWsS_Zfvg4yKHykNqIViljO40exqumu.jpg?quality=95&as=32x32,48x48,72x72,108x108,160x160,240x240,360x360,480x480,540x540,640x640,720x720,1080x1080,1280x1280,1440x1440,1800x1800&from=bu&cs=160x0",0
2b2d737f52769c7c2e479fa4f4107f6c.jpg,"https://sun1-25.userapi.com/s/v1/ig2/-WBxLXoTwKmmt3t7V4mAnUxUndILTHHYPr75MFgamL7geTuldzR62feorWsRINBrfKRHh3DcuAb8SmMflFIRg1WV.jpg?quality=95&as=32x40,48x60,72x90,108x135,160x200,240x300,360x450,480x600,540x675,640x800,720x900,1024x1280&from=bu&cs=160x0",2
65648d32d8096121fed4dafe32a5f2e9.jpg,"https://sun1-86.userapi.com/s/v1/ig2/RCmq6VVewqdZeX0l0kWNBZtlMPRPnKwzoww_-F6kGCd2xXtSKCFlNhgPq16sIhSt5YBC6O2YSbCY0pOdfnnnxtmk.jpg?quality=95&as=32x40,48x60,72x90,108x135,160x200,240x300,360x450,480x600,540x675,640x800,720x900,1080x1350&from=bu&cs=160x0",4
c95857081612a5107ec5c509cc11d87a.jpg,"https://sun1-24.userapi.com/s/v1/if2/jj1I6UKneiLVYmrAXDbBDE3SWUnbm8k3NTOhLVVlAi0RUFNd_joSzGuyeqGwFANzW6GoLFagt3JgCI0-i-HkBwIy.jpg?quality=95&as=32x22,48x33,72x49,108x73,160x109,240x163,360x245,480x327,540x367,640x435,720x490,1080x735,1280x871&from=bu&cs=160x0",5
5a5b75cc12bc11e0b5d84d711e66b82e.jpg,"https://sun1-29.userapi.com/s/v1/ig2/T-uElJ1KGDXrCF-Eu-LwOdmmO0pqRvtaz2Z8w1u23VTxKOCZiPgzWarhxXyhDM5PulvcIYuODcDAdn6xC0JrT1YP.jpg?quality=95&as=32x40,48x60,72x91,108x136,160x201,240x302,360x453,480x604,540x679,640x805,720x906,811x1020&from=bu&cs=160x0",2
4c335326206be52b032de2b61f63b5de.jpg,"https://sun9-48.userapi.com/s/v1/ig2/09SSzXUBKxaVZKAcjdIpCao-5otFYVO3zlDqRmLXZZbg54zNMF6fd1qO2I4-CrFaqphwRjw0KCW6x9MdZrAxE-9B.jpg?quality=95&as=32x32,48x48,72x72,108x108,160x160,240x240,360x360,480x480,540x540,640x640,720x720,1080x1080,1280x1280,1440x1440,1800x1800&from=bu&cs=160x0",0
898be2bb7647478ca5258852a0e4f66e.jpg,"https://sun1-87.userapi.com/s/v1/ig2/OMuge2NeIGqHoVJeSGPuYjrzGahCusp-6o8O8a_iVy2HSMeMVkHdP1A5u-ZIIRGOWb9RMHnvjZUstNUvNYMDN5tJ.jpg?quality=95&as=32x32,48x48,72x72,108x108,160x160,240x240,360x360,480x480,540x540,640x640,720x720,1080x1080,1280x1280,1400x1400&from=bu&cs=160x0",4
5e4a2ecfcdc2e182c7814b7e3810570e.jpg,"https://sun9-18.userapi.com/s/v1/ig2/F0laNdLGADbK9yv1hFPj3j2dEvppkVXujhMmRY2VoUnI-fIBoYKLuvxihJEKKW7Te3ytYIfRxrvf9q2avudfC8Wo.jpg?quality=96&as=32x47,48x71,72x107,108x160,160x237,240x355,360x533,480x711,506x749&from=bu&cs=160x0",6
327b13cb589a4a8d0c7441a35ab56123.jpg,"https://sun9-77.userapi.com/s/v1/ig2/W45LalYBx-aBxYBuSyMDzRzaYGpSauwXAyznsxf44V6injDVcF3GWR9IISpTkvvuMNJHbiWj7hWFvpPKWWou1o2E.jpg?quality=95&as=32x32,48x48,72x72,108x108,160x160,240x240,360x360,480x480,540x540,640x640,720x720,1080x1080&from=bu&cs=160x0",1
e568c0dddf89a83d8c50388c241726f6.jpg,"https://sun9-18.userapi.com/s/v1/ig2/WtZyTjrzr5Ru2LFyJZIhWrV4G1fSjMS3w29HOltKEJrI4l66msMSo2HwBA5w0mHr32IWe3zbLKrUFYp5IY--kLBT.jpg?quality=95&as=32x35,48x53,72x79,108x119,160x176,240x264,360x397,480x529,540x595,640x705,720x793,1080x1190,1280x1411,1440x1587,2323x2560&from=bu&cs=160x0",6
ad06e170d891e3ee7b2e1b2c83aff475.jpg,"https://sun9-69.userapi.com/s/v1/ig2/5lWtjrTU0ZI1p7xC7JG0HiTlr8GHCdhObWr7vVOjVed5provfnvmlaU-0gkhAiMxpOAWxCvZl1ZeCKrQBxndIC4F.jpg?quality=96&as=32x36,48x53,72x80,108x120,160x178,240x267,360x400,480x533,540x600,640x711,720x800,989x1099&from=bu&cs=160x0",6
b567dcc33de8f6c1cc1e71a177e5458f.jpg,"https://sun1-95.userapi.com/s/v1/ig2/HwSWGlrpmWKO_wbJoLXFRM0FNNd8UOkai8sXyfP0cj-ul32DYFx9u5GQPrphG8l1Yq3x8qHNJOCTX5rhPxCWw-KZ.jpg?quality=95&as=32x32,48x48,72x72,108x108,160x160,240x240,360x360,480x480,540x540,640x640,720x720,825x825&from=bu&cs=160x0",5
f6bef809b462fcb6bee15e6a56977e44.jpg,"https://sun9-14.userapi.com/s/v1/if2/EQAjeR6lrWxv_tgxy7_nuwR9H1ZEP6-xpZGYQxLnLdeWPFFn4GIsJWDll47f_PyV1Oph73WA3-weNBoo-EvvzBsb.jpg?quality=95&as=32x28,48x42,72x63,108x95,160x140,240x210,360x316,480x421,540x473,640x561,720x631,1080x947,1280x1122,1440x1263,1461x1281&from=bu&cs=160x0",1
f47f3e531c92a2376b0f90ac79acb3cd.jpg,"https://sun9-43.userapi.com/s/v1/ig2/12YLDbpB7ZXuDfz26-8nOBRNGMETICUSE9h31jTE9aKmycnYAtjbJULjd98E_YQ6hkn0-65NuPIl28tBB8Bg5sQM.jpg?quality=96&as=32x43,48x64,72x96,108x144,160x214,240x320,360x481,480x641,540x721,640x855,720x961,1026x1370&from=bu&cs=160x0",6
a92169d22dbdf7186e3bd948e2d21a51.jpg,"https://sun9-59.userapi.com/s/v1/ig2/dmB_eUvU68VZFpQo26zf3sAIWA_1SOOuD4bymAb33GA1vb--W-phGlzGtQzXUbg0LT_5Qdg70pRdf71w0tfItlwL.jpg?quality=95&as=32x34,48x51,72x76,108x115,160x170,240x255,360x382,480x509,525x557&from=bu&cs=160x0",1
96ca99309b1d725a3f61ed84c93f526d.jpg,"https://sun9-8.userapi.com/s/v1/ig2/1utpFOPiJkjXRQGLWdV14N7e0Go9xjwsRXiQ75Cfu0NySYvozWsWcfiGV7_vU-azaYZZs0ltfWqLqDH5-bCt73Q5.jpg?quality=95&as=32x33,48x49,72x73,108x110,160x163,240x244,360x366,480x488,540x549,640x651,720x732,830x844&from=bu&cs=160x0",3
573544e31a29c0ec4e1eb3a2647bcef6.jpg,"https://sun9-58.userapi.com/s/v1/ig2/JpFem9ivMfQdbcmJqctO4X1OMhBonG69yCGkMcvuZ6T4cJScPu11sGljCFB3H6Dw9XCequMEkoWwSNiRnohkFSOX.jpg?quality=95&as=32x32,48x48,72x72,108x108,160x160,240x240,360x361,480x481,540x541,620x621&from=bu&cs=160x0",3
d0a4b991fcac15d9d61e1552f9d08010.jpg,"https://sun9-83.userapi.com/s/v1/if2/V_fhuvVeT-kF2x_1GFJr-wTurNbNC1d0uY2UF4GgDyFXfgOwCWEBPbcNcGFf_LPbKX4nyKEkxh1OKwAo_JSimf-V.jpg?quality=95&as=32x31,48x47,72x70,108x105,160x155,240x233,360x350,480x466,540x524,640x621,720x699,830x806&from=bu&cs=160x0",3
f24985bdaf21ffd97ac3ea3143188f86.jpg,"https://sun1-97.userapi.com/s/v1/ig2/0d5yQkt4egxQQDsC_uUS8JI4tFFThEPMvDLe7atXIkSTEDjohv9oNuZyL7vHFI7NM_wDo6BX6yIz3-Sg0UYtJfSV.jpg?quality=95&as=32x41,48x61,72x91,108x137,160x203,240x305,360x457,480x610,540x686,640x813,720x915,1024x1301&from=bu&cs=160x0",2
bc084f451227a5f97908129a1c763572.jpg,"https://sun9-52.userapi.com/s/v1/if2/swPAqc6OqeLB3h_0qlIvKwMwXr1gsfbp6HzQeI-3yfb0q9AjApdp7y0uDPowWhsd1t0E_4rbOPoaRlKUDRJ93aIQ.jpg?quality=95&as=32x20,48x29,72x44,108x66,160x98,240x147,360x220,480x293,540x330,640x391,720x440,1080x659,1153x704&from=bu&cs=160x0",1
1543487cb0e880e55097c3fbb3c7d7f7.jpg,"https://sun1-87.userapi.com/s/v1/ig2/EtW-qs_XCmpx6OlNBa7ZHNITfUdyOaH6AlSMu3oan0KMFQPT9JN46haPKfasmaNWYyvTAxjba1iS_GFt0gnJ5xni.jpg?quality=95&as=32x48,48x72,72x108,108x162,160x240,240x360,360x540,480x720,540x810,640x960,720x1080,1024x1536&from=bu&cs=160x0",2
20f6e9891063835ef838faaedfd025f7.jpg,"https://sun9-10.userapi.com/s/v1/if2/evpUnzzH5kSkoacM4SBRdgXQNjO2f6IcV3NnXkMvJrizjuNokZWX7C4JR8LWmTttMi1slU0EPSs1DsPVciT5M6dn.jpg?quality=95&as=32x23,48x35,72x52,108x78,160x116,240x174,360x260,480x347,540x391,640x463,720x521,738x534&from=bu&cs=160x0",3
5cb8235270c42bd1b09007ad96982df5.jpg,"https://sun1-87.userapi.com/s/v1/ig2/BiGtbL_KG60oBS2s1pZYkhA6jK7gnVvW_is3gRGAnJduVflzPgOxcsA4WWBtSGqrCQjnWU6OXAR46eK5ex4HTd6w.jpg?quality=95&as=32x40,48x60,72x90,108x135,160x200,240x300,360x450,480x600,540x675,640x800,720x900,1080x1350&from=bu&cs=160x0",4
8f7cca875cbb07fe96576366215ab991.jpg,"https://sun1-92.userapi.com/s/v1/ig2/pAkWuUfgX4L8BS7Ia916AYLSLPUwOvOqpZ7B0c9uuoGJpAqDUnyw6d-4DjYhagLDAE6fMXpm_Ra6IRTfxq_vBuCe.jpg?quality=95&as=32x32,48x48,72x72,108x108,160x160,240x240,360x360,480x480,540x540,640x640,720x720,1080x1080,1280x1280,1400x1400&from=bu&cs=160x0",4
9802f88b99f90916ab78d7411654864e.jpg,"https://sun9-8.userapi.com/s/v1/ig2/yOV89OaKjZtP-uNDaOtDueAJ8mgXGeFfUjsbCD3KRo0dr1WmmoeFYDn02FcLMcXf5H-GiTHRpH648A895R8URGTQ.jpg?quality=95&as=32x32,48x48,72x73,108x109,160x162,240x242,360x363,480x485,520x525&from=bu&cs=160x0",3
6112f5e1b5618487c1bf9be521c6e169.jpg,"https://sun9-61.userapi.com/s/v1/if2/E4-RN8-0pQHz27iCLvDIBhuvxFJdNn6NuyHqCIinMa4nZoI3S3SGSxCr7G82EznEruHbXxlPrgQ5PoYq7nfpXqy3.jpg?quality=95&as=32x28,48x42,72x63,108x95,160x140,240x211,360x316,480x421,540x474,640x562,720x632,1080x948,1280x1123,1440x1264,1469x1289&from=bu&cs=160x0",1
0ad6a76c1c3d9d87464571de577168b2.jpg,"https://sun1-93.userapi.com/s/v1/if2/erAbIhZMC6Jvjje-ecLgx6t0WknO1Ysi0gIMCGjRnw9fVdd_jCVSi45e6BB3y2LfFPudg1Mibtzz4XRP_pnmTS7R.jpg?quality=95&as=32x21,48x32,72x48,108x72,160x107,240x160,360x240,480x320,540x360,640x427,720x480,1080x720,1280x853,1440x960,1536x1024&from=bu&cs=160x0",2
e3eb4986eae577376e2869b4368abb05.jpg,"https://sun1-29.userapi.com/s/v1/ig2/gWTwsuEcH6ZsBVAovHpcgngVzfdzGaf_NBM5qOyRwg-LQYlxXod7SLet17SUnON_Dw-mjFUxs7cirv0sT9kpJJh4.jpg?quality=95&as=32x32,48x48,72x72,108x108,160x160,240x240,360x360,480x480,540x540,640x640,720x720,1080x1080&from=bu&cs=160x0",4
bbfcf3d391caa381546f7bce55377597.jpg,"https://sun1-21.userapi.com/s/v1/ig2/i1c-pURcVPzORGiIbuMVxbF7ArhXQf7eduidkDzkZAfNxJIeVSlUP6MWqQce7LhLJfueFE_ntVndq1p6zhc6Ab1M.jpg?quality=95&as=32x47,48x71,72x107,108x160,160x237,240x356,360x534,480x712,540x801,640x949,720x1068,790x1172&from=bu&cs=160x0",6
bbb36e0bccb3eb3ebe6bb9f9543b37ea.jpg,"https://sun9-19.userapi.com/s/v1/if2/T2F_oVz1Xw1ZywPS25IfMOfIAMC5gdIv9yK3usJ52Hl3_hbsXEd0nOm7VmKLubv__ZiPEpl650iSxBEjB9qyPYWj.jpg?quality=95&as=32x25,48x38,72x57,108x86,160x127,240x191,360x286,480x381,540x429,640x508,670x532&from=bu&cs=160x0",1
fa7ef8222f5ceb9e5659a4b9fff2786d.jpg,"https://sun9-26.userapi.com/s/v1/if2/5lGFuK6SFYNGyx7qJquh4sFubls8H2uhEvdBz8k4H01qox1QKUApDWFA-Pjr52qpnUskg07UfywuutLbTgeXlLl5.jpg?quality=95&as=32x30,48x45,72x68,108x102,160x151,240x226,360x339,480x452,540x509,640x603,720x679,781x736&from=bu&cs=160x0",1
fa3c17b49b29525b8053c80c7e79127d.jpg,"https://sun1-87.userapi.com/s/v1/ig2/wJJbq49YNyufY-FNd7qDwoy6YoP_4Qzxdn2cAdurXxuL1iWO2x30cKd-7MJYH6gZgs-SlpCDnCnm3KWqj_ic2YhC.jpg?quality=95&as=32x32,48x48,72x72,108x108,160x160,240x240,360x360,480x480,540x540,640x640,720x720,1024x1024&from=bu&cs=160x0",2
22b09728cca740e1ea03b7837e2ca385.jpg,"https://sun9-62.userapi.com/s/v1/if2/9B7UwWVXDEMYs0gExd2qwqX1zt0qdhI_x8nMBR2A-2M1OIrZcXsPG_ABExfuePvFRIR_IKB6zisFNNIt1eOHCgvY.jpg?quality=95&as=32x28,48x41,72x62,108x93,160x138,240x207,360x311,480x414,540x466,640x553,720x622,1080x933,1280x1105,1440x1243,1487x1284&from=bu&cs=160x0",1
cf35e7e6384a9f76cbde676a87a57d63.jpg,"https://sun1-90.userapi.com/s/v1/ig2/9ApAk5wPxRwahYZ-YAhooP_zNc7stdRlXDfYpf9LAgNBA7nta3cHv1gahgIZ9aEgpFJ3IXecy1RCZqWoM5i9jgko.jpg?quality=95&as=32x43,48x64,72x96,108x144,160x213,240x320,360x480,480x640,540x720,640x853,720x960,1080x1440,1200x1600&from=bu&cs=160x0",2
897a9f8e75952d9d3cea5061c9009dd7.jpg,"https://sun1-96.userapi.com/s/v1/ig2/sNNEJCUuJRElDq_ANn3q8f13INqc9FRNT9O6DCjbNG8HL4cC2dGcKz8u7RJ8rYEm3D1VqfZFWyogK9IDDkt2NzN_.jpg?quality=95&as=32x42,48x62,72x94,108x140,160x208,240x312,360x468,480x624,540x702,640x832,720x937,1024x1332&from=bu&cs=160x0",2
06c78271c4172cd19ae35287c7bde22b.jpg,"https://sun9-42.userapi.com/s/v1/ig2/ERnXzzsBSkQ2fMh1-pclcdkgrUIs1QjhGlwjQqqeo_IDSfUXYeqDJoreQ91NfFVYIPYMxssqZAoMKLDdROu77lRk.jpg?quality=95&as=32x32,48x48,72x72,108x108,160x160,240x240,360x360,480x480,540x540,640x640,720x720,1080x1080,1200x1200&from=bu&cs=160x0",0
23ded5eac661ca66b93723a05e58759c.jpg,"https://sun1-47.userapi.com/s/v1/ig2/1POBtCfDl5fIrdoKyHVeVWjNP72Ntum38yMXjSADK1XwxrCfJzomqa2bKnvCZWsAyFSAzHCxV4IHI5WMTyUlJTcY.jpg?quality=95&as=32x39,48x58,72x88,108x131,160x195,240x292,360x438,480x584,540x657,640x779,720x876,896x1090&from=bu&cs=160x0",2
70edca2d6ac479fda701feb8b346b449.jpg,"https://sun1-25.userapi.com/s/v1/ig2/5Ytyk4j-t-PqUC9a1tObfGY2bhXSSC8StEqjirRshKazmPWNDGbomfU-_e0Cf4rmcrZ8k81GuwRIHBqeeX-55RJP.jpg?quality=95&as=32x40,48x60,72x90,108x135,160x199,240x299,360x449,480x598,540x673,640x797,720x897,1024x1276&from=bu&cs=160x0",2
96dcd4b968cbcc9838d420b2c785d23d.jpg,"https://sun1-47.userapi.com/s/v1/ig2/JY9XenReFZBionx7oRNYIUK_WPpEV_prgOyWTk6woepwrITSG5s9JjnzvaRlE4DEfJnmdblUAHQ_jMq0tafVABO-.jpg?quality=95&as=32x32,48x48,72x72,108x108,160x160,240x240,360x360,480x480,540x540,640x640,720x720,1080x1080&from=bu&cs=160x0",4
4c406ed00550b0597931367515116045.jpg,"https://sun9-74.userapi.com/s/v1/ig2/pUzzVni_cR31I1LPSRoCFa9rA-TDUKwp1oeVAy90ttY_wsPqsAuAXaBuCDvlMKG2Qx2HpGqUfJM0nbIsk_xwl4Uo.jpg?quality=96&as=32x32,48x47,72x71,108x106,160x158,240x236,360x355,480x473,540x532,605x596&from=bu&cs=160x0",6
f46c8aadc2f88cc279fa46a350a5fa4a.jpg,"https://sun1-28.userapi.com/s/v1/ig2/kikLIimu5RI6nm8ix5UY56Q0u6hLHwAMkBcy1HdLkQVBfe07m2os5bb1jZ1-7u8WMvFyDWGzMTbIwPyuBx6MsjOw.jpg?quality=95&as=32x32,48x48,72x72,108x108,160x160,240x240,360x360,480x480,540x540,640x640,720x720,932x932&from=bu&cs=160x0",5
0953ffa4a901edadf557ddf2198e6f6a.jpg,"https://sun9-69.userapi.com/s/v1/if2/kAlD-qMv7R6G1zdLv4IQUOpqqubGYzA7kXG9Uq9vyf1kpqznAZs2AVmvygDSEmE7HDFlq18oOne4gfQ5gYpOezDh.jpg?quality=95&as=32x27,48x41,72x62,108x93,160x138,240x206,360x309,480x413,540x464,640x550,720x619,1080x928,1280x1100,1440x1238,1482x1274&from=bu&cs=160x0",1
fb8f7278f57f514a0d5b2842ffc091fc.jpg,"https://sun9-37.userapi.com/s/v1/ig2/S3l_Jd4PYsH1gyrWL_8eVM_y95A30eR99plY398amRsKWdxDfkw_JBv4Wn9U_j5CvgxLAe74qFoVjAcNHroCnzRT.jpg?quality=95&as=32x32,48x48,72x72,108x108,160x160,240x240,360x360,480x480,540x540,640x640,720x720,1080x1080,1200x1200&from=bu&cs=160x0",0
237231958cdb1bcce821ee23103ed59f.jpg,"https://sun9-77.userapi.com/s/v1/if2/4B6kyFqa8kLz3ufXNU2LxhrSbFoT7C5rlaWwmw04q_POFDngBsQ5Y9RNijJPozm_RzYbSZ9jmcXEf3hVI3RuWUzO.jpg?quality=95&as=32x21,48x32,72x48,108x72,160x107,240x160,360x240,480x320,540x360,640x427,720x480,1080x720,1280x853,1440x960,2560x1707&from=bu&cs=160x0",0
036b6630184eb956cbc7a15a26ad3727.jpg,"https://sun9-16.userapi.com/s/v1/ig2/3SoiWsfcYrT8EZpihgDG2W8H9tuW1JVYhy4_pKRHAg0a9tDtD5vHl46d5Tc3_KU_UZUz3NP6shqxSbC_nrw29gFn.jpg?quality=95&as=32x32,48x48,72x72,108x108,160x160,240x240,360x360,480x480,540x540,640x640,720x720,1080x1080,1280x1280,1440x1440,1800x1800&from=bu&cs=160x0",0
5546fb5bf267046b49759bce8e115e61.jpg,"https://sun1-85.userapi.com/s/v1/if2/R1trNA9BbzcxuYojhKIGe5SodQXQ_cw1M9R3u7elI_8A5wq-eb5SISfo9GNg2DtfpARF9_IH-ycc6ZlOYTuenRlh.jpg?quality=95&as=32x23,48x34,72x51,108x77,160x114,240x171,360x257,480x343,540x386,640x457,720x514,1080x771,1200x857&from=bu&cs=160x0",4
ac15ad48883bf640af6b8fbc5d0abab2.jpg,"https://sun1-18.userapi.com/s/v1/if2/wSK_1Lv9eHNITC0bWn4wdAP1dm__R0Qd4MlZXhmeHr7QCjs_A2eqGG5iuXJMyfx0OVpES3bamO-x4HksCbF5t0yX.jpg?quality=95&as=32x21,48x32,72x48,108x72,160x107,240x160,360x240,480x320,540x360,640x427,720x480,1080x720,1280x853,1440x960,1536x1024&from=bu&cs=160x0",2
76c93a6a332dd08a39b28b69881371c9.jpg,"https://sun1-90.userapi.com/s/v1/ig2/X1Ea1R4oHLSpCT-efccFW_ixQqYtZhybFLs9A58sDkjEj9OUdwJ-HLXNmiAINaWA9bP1_NqwaBoMsHHk5ng7aHo2.jpg?quality=95&as=32x32,48x48,72x72,108x108,160x160,240x240,360x360,480x480,540x540,640x640,720x720,1080x1080,1280x1280&from=bu&cs=160x0",5
3589e97ab2850e9150b3d31c90e35264.jpg,"https://sun1-24.userapi.com/s/v1/ig2/CtgjBDqBYtbT6bqR0ykKlXmlVx-voxH3oQYX-sVibldvbAS_0KGP8PQM3HoU59kN60Lwfk90SKyQYOEV4nyvtGPt.jpg?quality=95&as=32x39,48x59,72x88,108x132,160x196,240x294,360x442,480x589,540x662,640x785,720x883,1024x1256&from=bu&cs=160x0",2
b60be57ddf6a245a4163b34f7c943652.jpg,"https://sun9-15.userapi.com/s/v1/ig2/bUZEPkdF6E0pzmAXmaEKDlMc84beLuNnZEBID-Sg8-NY-qADPRBv2RanWztQiSSll2dMyEyMMobaNug9nmE5HB4u.jpg?quality=95&as=32x32,48x48,72x72,108x108,160x160,240x240,360x360,480x480,540x540,640x640,720x720,1080x1080,1200x1200&from=bu&cs=160x0",0
a5399d99a4db91f45c4cb7c53a9e41b5.jpg,"https://sun1-86.userapi.com/s/v1/ig2/C_2_G-oLQsTICtVk4-p67OIcVgQD8KtBXfwOQLfip13bpDR28Oh2hQXzCoxhigwxioXdevMDAVE1aSRkcRyuqskq.jpg?quality=95&as=32x32,48x48,72x72,108x108,160x160,240x240,360x360,480x480,540x540,640x640,720x720,1080x1080,1280x1280,1440x1440,1500x1500&from=bu&cs=160x0",5
a3f7516aaae33ac34d8c6e1fbe36c160.jpg,"https://sun9-19.userapi.com/s/v1/if2/EMvpJzaf7C4bJ37TnXJJpCBh1vbX69vbeuxsL-GsIwL9biM9QFW2MdaD-qiHhUj6ThVY8X3IjiWmxiW82v7ukjBX.jpg?quality=95&as=32x23,48x34,72x51,108x76,160x113,240x169,360x254,480x338,540x380,640x451,683x481&from=bu&cs=160x0",3
0ca44039fcd886da378d4719012868a1.jpg,"https://sun1-30.userapi.com/s/v1/ig2/eY5EJuhHIxUBx4Jj1ohs-17ZaCrfT-AHrND_XFRovIjRb900-gXhfe9ebmLQl7UsPtWlumZtN5Zmdd8Ap2Dgky7M.jpg?quality=95&as=32x48,48x72,72x108,108x162,160x240,240x360,360x540,480x720,540x810,640x960,720x1080,1024x1536&from=bu&cs=160x0",2
e2e19a884069d8955ea1d4f5dd62012a.jpg,"https://sun1-28.userapi.com/s/v1/ig2/VGKqhc-xvPyvai16ws-lLd0Xpcz5Kgm58GnpGbJ9NhGAg8THdhHvL1sMGpGgcKYXQsmesatobaNSJsk73oo0tQMc.jpg?quality=95&as=32x43,48x65,72x97,108x145,160x215,240x323,360x485,480x646,540x727,640x862,720x970,1080x1454,1280x1724,1440x1939,1901x2560&from=bu&cs=160x0",4
c4d78cbb6691e4f999f777005b3b5923.jpg,"https://sun9-23.userapi.com/s/v1/ig2/5EKKavWR59YROfhBjRWhmqSu7Sh_RzBm0t9ahQMWOHbmLcz-KKF56NLEhueNExuvCgVTs5DW4CoSfFuHIwDL3aL1.jpg?quality=95&as=32x32,48x48,72x72,108x108,160x160,240x240,360x360,480x480,540x540,640x640,720x720,1080x1080,1200x1200&from=bu&cs=160x0",0
00d7ce9dc70ac69c5701d9f04b67de25.jpg,"https://sun9-15.userapi.com/s/v1/ig2/Vbt8ATM6JzjXmymv1IcjX-eMy_OzwJgQvR3gQJT9HZwS9tzVShUrw7q52oG1z9W7DtRIiEJVGnc4Ugbdfgw7p_6a.jpg?quality=95&as=32x32,48x48,72x72,108x108,160x160,240x240,360x360,480x480,540x540,640x640,720x720,1080x1080,1280x1280,1440x1440,1800x1800&from=bu&cs=160x0",0
6a12643130dc0dcc6ab115452b5cb2ef.jpg,"https://sun9-27.userapi.com/s/v1/ig2/h94SBBxKCOmyZMD4R0W9rUn8aHVctrwszBb8xCMjfJfBYoguy7izDj4fpFMdPXEM25R9fS1mBSczz2ReMAHPMU-N.jpg?quality=95&as=32x39,48x59,72x89,108x133,160x197,240x296,360x444,480x592,540x666,634x782&from=bu&cs=160x0",1
e136e7591614ab6e61f69df24351c95f.jpg,"https://sun1-86.userapi.com/s/v1/ig2/cdMREZigAZzHrmN23Ez9FREfmNQZ-dzcwy0ITsrTPPF9WPRy9Nii7_O7cp4ATDvaviXenY8ZFizYvhvjDovgTbFE.jpg?quality=95&as=32x40,48x60,72x90,108x135,160x200,240x300,360x450,480x600,540x675,640x800,720x900,1080x1350&from=bu&cs=160x0",4
4e2336172144cd7caf4721004904fa3b.jpg,"https://sun9-81.userapi.com/s/v1/ig2/F1Q1W2HdZoR_xN3T87JBY-cqWsrH5MGwBiF0geogq8vpzxeyKRYrtnQEpn3y9DZJAqMnsm6g5cGrkeETsSWZqUzy.jpg?quality=95&as=32x32,48x48,72x72,108x108,160x160,240x240,360x360,480x480,540x540,640x640,720x720,1080x1080,1200x1200&from=bu&cs=160x0",0
a25e04cc6f152e5d447beab433028a72.jpg,"https://sun1-29.userapi.com/s/v1/if2/wLx_zfsTSqBGmj3m5d7RajB-G_-UPPUTnw2u7vO-U0vc4O0fHXklAO4573qoh7-Wu0tEM7oNoDt5WI3RESR-hCN5.jpg?quality=95&as=32x18,48x27,72x40,108x61,160x90,240x135,360x202,480x270,540x304,640x360,720x405,800x450&from=bu&cs=160x0",5
12a3c500bc516b8ccc3bb25bbc11568d.jpg,"https://sun1-21.userapi.com/s/v1/ig2/bg9UbkNIL2dZLKOhlMVGXmBTQH3rDuU-FaLV5i2H-oDrdd1a94mhHfy64Wc68RDyNerRKrHO7pwmumZgwcTLO_og.jpg?quality=95&as=32x40,48x60,72x90,108x135,160x200,240x300,360x450,480x600,540x675,640x800,720x900,1080x1350&from=bu&cs=160x0",4
648a4d677706a635dff07f8dc45222ff.jpg,"https://sun1-93.userapi.com/s/v1/ig2/60Nh5KltZDSh6KFcSOE8vo3Pe9qPTfSe94LORcy9yVTFohkPObs2ZT3Q6lCTrYM-e0UALbhGlXzycn3K7c_g936r.jpg?quality=95&as=32x32,48x48,72x72,108x108,160x160,240x240,360x360,480x480,540x540,640x640,720x720,1024x1024&from=bu&cs=160x0",5
48a652c73967ee313899d006f2cdac21.jpg,"https://sun9-77.userapi.com/s/v1/if2/lZILm1POif78-rKGVbrbz9x15RGdPaPPE20KuSOU0WCD54bE38x5A3HiusFDgVQd40XvBmGFd3lCBBjasBp_mev4.jpg?quality=95&as=32x21,48x32,72x48,108x72,160x107,240x160,360x240,480x320,540x360,640x427,720x480,1080x720,1280x853,1440x960,2560x1707&from=bu&cs=160x0",0
d3f07e2e62a46028fd49f69ad47be771.jpg,"https://sun1-30.userapi.com/s/v1/ig2/UdG5RnSgIvS1vV6IEoUKhnbyXw4dZt0lWweZWdOTt8LMiHcIB3raOBTxU5i8ZEJuD7uJQeg9T7IqZYi39yB4ry3g.jpg?quality=95&as=32x41,48x61,72x91,108x137,160x203,240x304,360x456,480x608,540x684,640x811,700x887&from=bu&cs=160x0",4
250637cb519dbb6d984ff67b10556d39.jpg,"https://sun9-32.userapi.com/s/v1/ig2/fLCZhIxRhI2Mlxiy1y3c3ZHk5hZ2LAvP4BpNJiQmAvJPCiGWRB9X3pz9igYFaCMJ9QlG1YpIGG_sQyhcCymBBcHi.jpg?quality=95&as=32x32,48x48,72x72,108x108,160x160,240x240,360x360,480x480,540x540,640x640,720x720,1080x1080,1280x1280,1440x1440,1800x1800&from=bu&cs=160x0",0
e3467ea7f5bc638c593f44add94d43ef.jpg,"https://sun1-85.userapi.com/s/v1/ig2/byI95Bs4QPlw7HUgFRU8asm6jnyY9sr5Vb_Zwp_E-o_62e6V0CXL-A5PJz9dXMY3PZcM0wPIbM_uZ0lTu4n9xcuC.jpg?quality=95&as=32x32,48x48,72x72,108x108,160x160,240x240,360x361,480x481,540x541,640x641,720x721,1080x1082&from=bu&cs=160x0",5
4e93aa97a8f52f3b3672a50f72bab185.jpg,"https://sun9-11.userapi.com/s/v1/if2/h_bd_z3H8UeTTHjkbXPEVPShSdkcp7qY2tYwO5Ibk5DtQqw39cl4jNmtvI8sT2HZzVL2eCdaMDhxK-DaUzhv3TpU.jpg?quality=95&as=32x28,48x41,72x62,108x93,160x138,240x207,360x311,480x415,540x466,640x553,720x622,1080x933,1280x1106,1440x1244,1482x1280&from=bu&cs=160x0",1
4a4a94bc1662a332ae3ff28e3c32761f.jpg,"https://sun9-31.userapi.com/s/v1/if2/k6ntmMiXq6VdmeXKa4g21q85fqWFHSIS7zQLi5IC4_I_MP-Jr4t3D2w_g95iY2mIM08Pdioy9lbKnjKxjJn6Mi2O.jpg?quality=95&as=32x21,48x32,72x48,108x72,160x107,240x161,360x241,480x321,540x361,640x428,720x482&from=bu&cs=160x0",3
76ad798113d1f18519a5830142fc7d9d.jpg,"https://sun9-19.userapi.com/s/v1/ig2/NhY0NmvXcBZsF8eizDOl-9RuGOQTgvNCGAXgFh8MJEZGXbyQFyhdAtv3SqUIt-HPT93ykcazkvSAiF1W-c3l3D94.jpg?quality=95&as=32x32,48x48,72x72,108x108,160x160,240x240,360x360,480x480,540x540,640x640,720x720,1080x1080,1200x1200&from=bu&cs=160x0",0
6f295a47e23bb52272117fefc8493286.jpg,"https://sun1-88.userapi.com/s/v1/if2/zvNMcP6wMjPAb7jP0XP0KMzAYf_09jMCA6yhjg4xQXwPsO6GuCkOh_eQeEExuCvw4RxqQwah8j6_2K6o5wCgdSM3.jpg?quality=95&as=32x24,48x36,72x54,108x81,160x120,240x180,360x270,480x360,540x405,640x480,720x540,1080x810,1280x960,1440x1080,2048x1536&from=bu&cs=160x0",2
d7a6475709839c6eef365fe937778e50.jpg,"https://sun9-50.userapi.com/s/v1/ig2/N1lDfec_JC4C06h4QL-H4VSCuGoY0GPVoyDexJqyzSGBuIYHbX1E8S3lblw-cuLZ-TLqmvDICvQFyMCH9Y_737MS.jpg?quality=95&as=32x39,48x59,72x89,108x133,160x197,240x295,360x443,480x591,540x664,640x788,720x886&from=bu&cs=160x0",3
72e70ad1ea5608ac1c26e705d95be177.jpg,"https://sun1-92.userapi.com/s/v1/ig2/Ic6NqeI0Of7hdRXmqzi22Ze53pXMTpn7EI5x5eSYz_9y_5iQwbCYp7jxnNUXVxpOpdsgfqOgi7ImF4JOtHdQJqu2.jpg?quality=95&as=32x48,48x72,72x108,108x162,160x240,240x360,360x540,480x720,540x810,640x960,720x1080,853x1280&from=bu&cs=160x0",2
2bafdd9b3dc10fb1d869657019629913.jpg,"https://sun1-83.userapi.com/s/v1/ig2/MufQGXNTUiN_-ZhDU1_9mbkZxd5m0C5C9REUgeL030jGHStDkamsE0M080CPGO9tWC0rLAfO7yh0EQrxSbS2m9uY.jpg?quality=95&as=32x37,48x55,72x83,108x124,160x184,240x276,360x414,480x552,540x621,640x736,720x828,1080x1242,1280x1471,1417x1629&from=bu&cs=160x0",2
956a059660ee7884d1a24244018daf27.jpg,"https://sun9-15.userapi.com/s/v1/if2/caCiS0qyLAfMRWElHtZ-lOiXcNGmssfyf3HuBvZggUlCtg54Db8avTB87KOHRKY594xC0HGI4kI6uFr57Okjuwz8.jpg?quality=95&as=32x23,48x35,72x52,108x78,160x115,240x173,360x260,480x346,540x390,603x435&from=bu&cs=160x0",3
2281153ff78e0f63ff399d6eb849b092.jpg,"https://sun9-77.userapi.com/s/v1/ig2/8dR6k_m0vimw_ag_8bnwjptIx9kjecJxMKLe1IyEIyumxNq6wvXibgQPYmogCbOa9FfVcNlAnSI1Av_fv-T55xeL.jpg?quality=96&as=32x45,48x67,72x100,108x150,160x223,240x334,360x501,480x669,540x752,603x840&from=bu&cs=160x0",6
c7460d05d6724e67b972079ff3db92b5.jpg,"https://sun9-64.userapi.com/s/v1/if2/bSC7wA99oS1GUTpvKtM8QnVAGv_UytGjotcLr6LZn4l4rlWCBE-1JCgHKtHjBe4ebkI8dz6yMvstHs6aVg8ezCSy.jpg?quality=96&as=32x31,48x47,72x70,108x105,160x156,240x233,360x350,480x467,540x525,640x622,720x700,1080x1050,1168x1136&from=bu&cs=160x0",6
696bde4224e6d1c6b1e873fb108f858b.jpg,"https://sun1-92.userapi.com/s/v1/ig2/TTvtLSR_KBccjLjguDEvR8VLABsXdtvC0JKluiT9xFlKhSlx_HjJNhnkUZiUL6jO25tnfKbh0sw4cIGvleI5QhBW.jpg?quality=95&as=32x40,48x60,72x90,108x135,160x200,240x300,360x450,480x600,540x675,640x800,720x900,1080x1350&from=bu&cs=160x0",4
f9a5bfb98c4f6607b0e9166224d13304.jpg,"https://sun1-85.userapi.com/s/v1/ig2/3EVc3R5YLB7NRZX83leKXm4lj54QtVKLw5w_2HQMcbpU5isBbbrqahSpEU9ctR1tf3_b1cI1AJyJSwUU3uaCnHgV.jpg?quality=95&as=32x48,48x72,72x108,108x163,160x241,240x361,360x542,480x722,540x813,640x963,720x1084,1080x1625,1280x1926,1440x2167,1701x2560&from=bu&cs=160x0",6
1769e40480c01b3114f7a1b819f1b031.jpg,"https://sun1-90.userapi.com/s/v1/ig2/so8zj4G2-ViTkrbIQNqZpmP5QVgO3JyiSi8TIIs8DxK2UEj0edxK-c55E3sVYCJdFGJdYNgbpc1_lFwdVJGco9-T.jpg?quality=95&as=32x32,48x48,72x72,108x108,160x160,240x240,360x360,480x480,540x540,640x640,720x720,1080x1080,1280x1280,1400x1400&from=bu&cs=160x0",4
beaac950abc02533c4b670e3045919c2.jpg,"https://sun1-89.userapi.com/s/v1/ig2/rS6Q4Ck38sO_AP6r3-AYHDchfu2X_L7i7Yn5tTY2AKavJJBFWJqp-ARvDSDdpC-a7PCzmMMH5t8G4UWoP9dKv3y0.jpg?quality=95&as=32x35,48x52,72x78,108x117,160x173,240x259,360x389,480x518,540x583,640x691,720x778,1000x1080&from=bu&cs=160x0",5
622a3940c299cd39db701a73daf70fdf.jpg,"https://sun1-55.userapi.com/s/v1/ig2/yYMO6DAz8NV4288RbVaGi9DbYhS2WMCa2-gdY691Gs5XQvLQovNxnw-iYEffpyJlnF55gPnx9cg3zL3vK6WVx4hh.jpg?quality=95&as=32x32,48x48,72x72,108x108,160x160,240x240,360x360,480x480,540x540,640x640,720x720,1080x1080,1280x1280,1440x1440,1800x1800&from=bu&cs=160x0",0
1b9d2fb83a86ebbcb6158bbd4194ed18.jpg,"https://sun9-57.userapi.com/s/v1/if2/g8-5v0MSnYz36TQj9yyNj4U-Or4fkJQfvg1A3crPxggL8DGKTHMF9IBGrafhdhIb1d5UbBkwKA9eMiZ0puizFmys.jpg?quality=95&as=32x23,48x35,72x52,108x78,160x115,240x173,360x259,480x345,540x388,556x400&from=bu&cs=160x0",3
7dc1eb2d4040f8d64570d5e8e95bcbee.jpg,"https://sun9-20.userapi.com/s/v1/if2/eA9S88q9dg3S8fXVe7ENwyZvQBcbaMPojn__4Gu-YWEAm5L4yVZuFNBmOoPS5qNz0EiZf_izvvbj4JQYaxS26p-v.jpg?quality=95&as=32x24,48x36,72x54,108x81,160x119,240x179,360x268,480x358,540x403,640x477,720x537&from=bu&cs=160x0",3
9002cbac0a74c0a0a43bcf6b1e296245.jpg,"https://sun1-23.userapi.com/s/v1/if2/RBRcrDjVlTG6ZwOmpXn2YJaKpJRRgFySeNHfGrxaX15wFpX8fIEHiDja9LRLUE6Kdh3I_Y5pZkd6xvV-QPyT_DQ4.jpg?quality=95&as=32x24,48x36,72x53,108x80,160x118,240x178,360x266,480x355,540x400,640x474,720x533,1080x799,1170x866&from=bu&cs=160x0",2
afc120a0f6da098afde0c57a40710e8c.jpg,"https://sun9-37.userapi.com/s/v1/ig2/scADmMA72jKVIOqChuUspQvKq8smSrchIlSK16Bu7VunDG02lpI0Q3C5BX0x_hjEONVkJQKQKLVoZKfa6y-Kdwx2.jpg?quality=95&as=32x36,48x53,72x80,108x120,160x178,240x267,360x401,480x534,540x601,640x712,720x802,830x924&from=bu&cs=160x0",3
3254afff48463c4f5ca561adcaabcb95.jpg,"https://sun1-19.userapi.com/s/v1/if2/hswcdo4TbZliQNdexdh7VKEkSMuz1-5jxYcZSMsrSellpkzZ689xqwI8E8dQdolLrQl5JDAnqYbGxHuf_8jX--Tb.jpg?quality=95&as=32x20,48x30,72x44,108x67,160x99,240x148,360x222,480x296,540x333,640x394,720x444,1080x666,1280x789&from=bu&cs=160x0",5
dc8d16f99dcd6b1d58adb15fdac45712.jpg,"https://sun1-17.userapi.com/s/v1/ig2/9SoPYxKoxHiiQvAaHMMNCDQX9dPb_oj2W6Fua3ezSfrePx98fcGdlBClO5prNaoZvZMs2QNuyU23YoY0EJEcwiEy.jpg?quality=95&as=32x32,48x48,72x72,108x108,160x160,240x240,360x360,480x480,540x540,640x640,720x720,1026x1026&from=bu&cs=160x0",5
2d6e1d7c207c19baf1f9ae6897c676f6.jpg,"https://sun1-22.userapi.com/s/v1/if2/fLadaqWVNFMcpRrQFG3G84Fb0OEKKiT4wTvTvIvq4uR5bw-FV4vMGLHn9P-_KJxoUK2JycPdMu926CSJ4k4fBZWg.jpg?quality=95&as=32x20,48x31,72x46,108x69,160x102,240x153,360x230,480x307,540x345,640x409,700x447&from=bu&cs=160x0",4
3099f9c5fc58a98d2e0d9e73998f29ba.jpg,"https://sun1-95.userapi.com/s/v1/ig2/QAkt39A66v-cLABVFvCv_9nrkevjvuSUWG8PcsFU7N0swVbxI0U07sJV0OEd2uo_EoPoPccIGCX0RDNZReC2sXYJ.jpg?quality=95&as=32x32,48x48,72x72,108x108,160x160,240x240,360x360,480x480,540x540,640x640,720x720,1024x1024&from=bu&cs=160x0",5
622c7eba824c986bbb84da38fa7aaf01.jpg,"https://sun9-77.userapi.com/s/v1/ig2/vJR8Pp7dVMPk4RB2eSfkZ84_BEEh2ive0i39fz4dIUNztTbDBrxFrOPERPYAyksJKxTReODOTLOJU77Cy5bL9JFn.jpg?quality=95&as=32x34,48x51,72x76,108x114,160x169,240x253,360x380,480x507,540x570,640x676,720x760,828x874&from=bu&cs=160x0",3
d3596606d7ae38e9dbf205f11d71b695.jpg,"https://sun1-19.userapi.com/s/v1/ig2/wASFW2FmqPoaq7SypnIe3squJsA7qUlChFiCfgy5PsFbJuKvno7zODYv3OpUuAXjfNgwCILkcDqUNZnDTn2Wpn6Z.jpg?quality=95&as=32x44,48x65,72x98,108x147,160x218,240x327,360x491,480x655,540x736,640x873,720x982,885x1207&from=bu&cs=160x0",2
87cdc49554eb51a9ae894f47687faa12.jpg,"https://sun1-18.userapi.com/s/v1/ig2/Uzjnw_eadDcfTyeDolCkH5omVtqvm79YwR6oS4fGrAjpcDIe16NTOrYPBHKYnd17W1I5RkMyQm-AVsf81wj35mKy.jpg?quality=95&as=32x45,48x68,72x102,108x153,160x227,240x340,360x510,480x681,540x766,640x907,670x950&from=bu&cs=160x0",5
26430ded71d274a0cd988888ba6f8823.jpg,"https://sun1-95.userapi.com/s/v1/ig2/bDJZ1oI6YrAjFCbXU86tte536HnqJkybas-D_DUl3y8lUYNsSLvzxzlrGWh_sGmOdP2d7aSlKANRvEImgx7S8tPx.jpg?quality=95&as=32x49,48x74,72x111,108x167,160x247,240x371,360x556,480x741,540x834,640x989,720x1112,828x1279&from=bu&cs=160x0",2
06a9a16831a7176352366c3a30cf5d3e.jpg,"https://sun9-67.userapi.com/s/v1/if2/Tm3xip7JposB7_Fpe5uAGs2qCMqvFM-K463giW5P7RGmkW3sCb26rSLFDLsRkcr3z-phok1896PqB1p3YIIL9RF1.jpg?quality=95&as=32x18,48x27,72x40,108x61,160x90,240x135,360x202,480x270,540x304,640x360,720x405,1080x607,1280x720,1440x810,1856x1044&from=bu&cs=160x0",1
8e214890f917ba691d928f64594fe225.jpg,"https://sun9-83.userapi.com/s/v1/if2/OTfN6AnmE5jf_9le5DWgHyxWTCj97rmfQ8KFCQnVXFMlZWy2Jm3jG6-tdUqf6lTyn2gY-7PB0WuaViDAiCC6j_lA.jpg?quality=95&as=32x31,48x47,72x70,108x106,160x157,240x235,360x352,480x470,540x529,640x627,720x705&from=bu&cs=160x0",3
462ef613b70290986043c1778bb95d0f.jpg,"https://sun9-49.userapi.com/s/v1/if2/9N9kdIwF_riDVx_AjpSSWIE6aQLDiHF2ZwN8Kq8io3adyix0Dm0EIhPsY3WFY7tZy1BojZpwOzhz5CQxSDVbYQ-v.jpg?quality=96&as=32x30,48x45,72x67,108x101,160x150,240x225,360x337,480x450,540x506,640x600,720x675,1080x1012,1176x1102&from=bu&cs=160x0",6
780c0471a67c1140d936ffacba3940d0.jpg,"https://sun9-70.userapi.com/s/v1/ig2/qc7Hvhw6UFZqx8jcJMMkr8wQHj4wdORDVJ3E-QYCx81Mso8-15dNQWDOVmV1dY8oVTge9FLuoAy049tqJSYndkKj.jpg?quality=96&as=32x32,48x48,72x72,108x108,160x160,240x240,360x361,480x481,540x541,640x641,720x721,1080x1082,1198x1200&from=bu&cs=160x0",6
994385a5d1838ecb29f3e15055eb6c24.jpg,"https://sun1-23.userapi.com/s/v1/ig2/tg0FQqjoPiTzWzFXp6UQJ4b1cD05Ct7u-vSO_Q3bs7ls2I3aRbKKdrVovTG-hztUjz1xVnU2clL4DnIUJBiuDpke.jpg?quality=95&as=32x41,48x61,72x91,108x137,160x203,240x305,360x457,480x610,540x686,640x813,720x915,1024x1301&from=bu&cs=160x0",2
2d46bad81c97c6a304ed5c0e97aa6f8a.jpg,"https://sun9-78.userapi.com/s/v1/ig2/LNafHi7-0CuCzOOcR3-JFrUZcWuQ6GT468KGk2o6LeVdlv24DLAZjNtqo9G8NbPOX2Cr4J8f8010PWK2KklIHvEf.jpg?quality=96&as=32x42,48x63,72x94,108x142,160x210,240x315,360x472,480x630,540x708,640x840,720x945,1080x1417,1280x1679,1379x1809&from=bu&cs=160x0",6
d1255fc010db3754f9b189628b182f30.jpg,"https://sun9-48.userapi.com/s/v1/ig2/iXzRjVTaxWCYJYbkehbbToKHNsh5RzdKwT8glEzv-5jGzIgWX47-RY86bZ55ss4z4Ws-8lWImI5grNmMU1KAopKm.jpg?quality=95&as=32x43,48x64,72x96,108x145,160x214,240x321,360x482,480x643,540x723,640x857,720x964,1080x1446,1210x1620&from=bu&cs=160x0",1
90ba1130e1504c1c69d213a392baf6a8.jpg,"https://sun1-55.userapi.com/s/v1/ig2/ncPGYMtomdngTtM5Zt6MiFgUM_i1MLcszOiPrUEuAmZSdjKqqdWOvAbB_6ifCO55fg6gWT6jvv0CGMbydv_1lPtI.jpg?quality=95&as=32x40,48x60,72x90,108x135,160x200,240x300,360x450,480x600,540x675,640x800,720x900,1080x1350&from=bu&cs=160x0",4
a8183b1db811be0b199f8a549ba36216.jpg,"https://sun1-23.userapi.com/s/v1/ig2/scv_CIp_6ZSOJ58r7-A3fzYgjhjJv0N8P8X7wKtXtFje2gQGGksNUKvEzhouKQ3M_w59s4jLAAEbSqkiQMqXJ2gg.jpg?quality=95&as=32x32,48x48,72x72,108x108,160x160,240x240,360x360,480x480,540x540,640x640,720x720,1024x1024&from=bu&cs=160x0",2
1837f058f087c059dd4cb0267a537db3.jpg,"https://sun9-48.userapi.com/s/v1/if2/Up2A4NeTVGXCJJwaGUYbaDiQnay2yb2cdpYPqb5TFbctkGoTMf7Xr9ibi7VWXAPZilAQKMtJtEmsNxLL4kkDAPuo.jpg?quality=95&as=32x28,48x42,72x63,108x95,160x141,240x211,360x317,480x422,540x475,640x563,720x633,1080x950,1280x1125,1440x1266,1458x1282&from=bu&cs=160x0",1
358f288d1a822b68eb474f2d950e3da6.jpg,"https://sun9-65.userapi.com/s/v1/ig2/qJn24vXCK5haWRfTvO4VqlDl6eYhYVhGoPogfLnMq48YeFRVk78xbDnBNiAGt2-Je0nCMcq13YIbXTwOsb6cbBK9.jpg?quality=95&as=32x32,48x48,72x72,108x108,160x160,240x240,360x360,480x480,540x540,640x641,720x721,1080x1081,1098x1099&from=bu&cs=160x0",1
352aaa9c2a619327d79b1ba47fbf6fd3.jpg,"https://sun1-94.userapi.com/s/v1/ig2/e8AmBrBRTP8RAXmwT8wqNvC2_xV-VSFjdD2u5Fgrcs4-R1GTRAhCsqXMaR1HRHrWQIzvI_pWOFFOHCwCITO1PeTe.jpg?quality=95&as=32x40,48x60,72x90,108x135,160x200,240x300,360x450,480x599,540x674,640x799,720x899,961x1200&from=bu&cs=160x0",6
73c892b8aa4e476a30bbd0f9f62cf742.jpg,"https://sun9-77.userapi.com/s/v1/if2/5FAPR2zxrm33qVjXnVkVTaB319gd-zvWk1hBogydzk0i3NP1RNc9Vh5Ckshmbn3EeN7eOcPkUPXHFNM2ijHI2ECO.jpg?quality=95&as=32x31,48x46,72x70,108x104,160x155,240x232,360x348,480x464,540x522,598x578&from=bu&cs=160x0",3
61500774ee6c9eff1806f8cf8b68244d.jpg,"https://sun9-63.userapi.com/s/v1/ig2/kNU7iSbLBXvtNMtpCAYFkQ4i6Xk7D2l4RutYyrAuwJ7fwIGtDUcHCqekOOM1eQRFDtc3Zdp2lCv5u_Pv_iBovl7A.jpg?quality=95&as=32x32,48x48,72x72,108x108,160x160,240x240,360x360,480x480,540x540,640x640,720x720,1080x1080,1200x1200&from=bu&cs=160x0",0
edd9b5e38be077470fcb995f5ca5878d.jpg,"https://sun1-28.userapi.com/s/v1/ig2/dz3OBCLyl4PpHGGyLbv4jD2GYIIflcVKICTSwz44M3J8Bw5KDWACUcZAggfuZEz74y5Ss1nPtMfzW866nC6fd1Af.jpg?quality=95&as=32x32,48x48,72x72,108x108,160x160,240x240,360x360,480x480,540x540,640x640,720x720,1080x1080&from=bu&cs=160x0",5
6e83088c9d1b20aafe20bc3dd5a4d5fa.jpg,"https://sun1-86.userapi.com/s/v1/if2/g9E1Lpx0JrA7_APMmb0rvhpF6W1CajW-eQLOeUSbcVot87sHFboLxiAusrkQL7XiG2qegR_1vGy8KNq2LLr6vK4I.jpg?quality=95&as=32x24,48x36,72x53,108x80,160x119,240x178,360x267,480x356,540x400,640x474,665x493&from=bu&cs=160x0",3
746780f3a7853e2da85132afd2a505d8.jpg,"https://sun1-22.userapi.com/s/v1/ig2/2bk3PLASNP-xhdcokHO5C5GjQW1xiYuC1Kh1QwChKDlgXaRmTT13PEcxILCR3p_UenLwKEgfpFjiNXOknJ5Hneh7.jpg?quality=95&as=32x32,48x48,72x72,108x108,160x160,240x240,360x360,480x480,540x540,640x640,720x720,1080x1080&from=bu&cs=160x0",5
97c8147da69efa3ecf21bb741feca1d9.jpg,"https://sun9-50.userapi.com/s/v1/ig2/g6L1KZR0KdAZm6AgpHRv2anZc3bNmX4HxcGdO5UJxH8DQEGYJ-9X3f6OFTMz4_VcZ3kjTiFugyXDT6m9GmQj1ezQ.jpg?quality=95&as=32x35,48x53,72x80,108x119,160x177,240x265,360x398,480x531,540x597,603x667&from=bu&cs=160x0",3
84a1d602315b627b809474428ed4e4a3.jpg,"https://sun9-69.userapi.com/s/v1/ig2/dvOCRu0cdmjKQ1lfjdVtIM34sECteCyoyEPoKF-Y_4sIbYv0wkQ0URMcR9EttcDSHQ-2EoJ2V_KVn857TZFNxEsU.jpg?quality=96&as=32x44,48x66,72x99,108x148,160x219,240x328,360x493,480x657,540x739,640x876,720x985,1080x1478,1254x1716&from=bu&cs=160x0",6
0a5967f9d6143dbf5844fc0bb0eca04a.jpg,"https://sun9-49.userapi.com/s/v1/if2/UA8GjjH0JYd4zREDgfhwgMC5h07aR8a0JieuDTm9MbHeXA5RPWQhV_SyU5Fclj_2mg8zKT3wkKgE5w7IdB-SqgcI.jpg?quality=95&as=32x18,48x27,72x40,108x60,160x89,240x133,360x200,480x267,540x300,630x350&from=bu&cs=160x0",1
6a6da87160075fcc2743e54f79e99b8d.jpg,"https://sun9-12.userapi.com/s/v1/ig2/MY9h6g0m_d9yGYx7eTXyBM33TAvgcU-3MFu8BT8-AJy9trdU2rLYm9KMDYT8lRqO4HYHirbyS1GhKMKwN2ED4QG6.jpg?quality=95&as=32x32,48x48,72x72,108x108,160x160,240x240,360x360,480x480,540x540,640x640,720x720,1080x1080,1200x1200&from=bu&cs=160x0",0
5b424e3ee776cbb6cefa46ac7938542f.jpg,"https://sun9-53.userapi.com/s/v1/ig2/T1olBtrjjXA6vOEmwDKvpFqJdUiJ66F8L9xOCBkc318EDVFmbisR3WDq_WWsXK5igbSx-tdk_XyXCy0RX3KTmzxV.jpg?quality=95&as=32x32,48x48,72x72,108x108,160x160,240x240,360x360,480x480,540x540,640x640,720x720,1080x1080,1200x1200&from=bu&cs=160x0",0
1e25cd2ad491a074dfb23b7d4224679f.jpg,"https://sun1-18.userapi.com/s/v1/ig2/7pdaqsE5wA5LfJDqGzvZQCtFpVJ7QXjxnIbzquVZdvK_1w5pRFzE3YjwToOzpMVhtIN2aZT0LDns5u2ApwsdZK1V.jpg?quality=95&as=32x32,48x48,72x72,108x108,160x160,240x240,360x360,480x480,540x540,640x640,720x720,1080x1080,1200x1200&from=bu&cs=160x0",0
a3e1cefe4f70d5e5c6356e908f1d0b60.jpg,"https://sun9-61.userapi.com/s/v1/ig2/spdvs-2uPm74TaoMs_KI1EvL-EwoSunDWXUJMmvOnvz66o7Dof_Vb-FbOAfuTjNrRkAS-KoVgGsj00hKoLNqzuxw.jpg?quality=95&as=32x32,48x48,72x72,108x108,160x160,240x240,360x360,480x480,540x540,640x640,720x720,1080x1080,1200x1200&from=bu&cs=160x0",0
0a80ad1c496768e2b965248c75f81147.jpg,"https://sun9-52.userapi.com/s/v1/ig2/F0BB3Zwza7Pfah7aZaEG8P1ZL9K1FlE3u1GMpd8wKiwMAQTly_FkvM_dbflmiMB2teXETydwkLot_ctoVmle3Mk0.jpg?quality=95&as=32x32,48x48,72x72,108x108,160x160,240x240,360x360,480x480,540x540,640x640,720x720,1080x1080,1200x1200&from=bu&cs=160x0",0
90e4dbeb8bcef19259ede395fef16cd6.jpg,"https://sun1-15.userapi.com/s/v1/ig2/lrupiKFsXD18K92hn1cmcXu-93CS0I__mDlrhf1vuu7qNHEFQ97TgbEkcAwoDZiUlQPllQS5XAvyJzpkTJpaVgct.jpg?quality=95&as=32x32,48x48,72x72,108x108,160x160,240x240,360x360,480x480,540x540,640x640,720x720,1080x1080,1280x1280,1440x1440,2560x2560&from=bu&cs=160x0",0
0d9d2d2fe45150da9556a8a5b690e136.jpg,"https://sun9-58.userapi.com/s/v1/ig2/rVJoVHwxViyIILAbKOnG9HD_vmuapKZNhDX-gP8bX3oMA3OvimdH5gu660onxG36owRnYcIy8gNMn-AlXUOtjgTM.jpg?quality=96&as=32x32,48x48,72x72,108x109,160x161,240x241,360x362,480x483,540x543,640x643,720x724,1080x1086,1102x1108&from=bu&cs=160x0",6
f278f3ec598e98380b400b8b38ee6bd5.jpg,"https://sun1-95.userapi.com/s/v1/ig2/DXFr_JrxBrkJx1RWBYqESjLoiJdvVidSbdhIFjII8Me25zfZ5d5nImN0iDEmB7Hm4XAy6ImhcRhrIKsAIQ5XQQky.jpg?quality=95&as=32x48,48x72,72x108,108x162,160x240,240x360,360x540,480x720,540x810,640x960,720x1080,1024x1536&from=bu&cs=160x0",2
59dc6abb3cd4f553ee6bedf1a95df9fc.jpg,"https://sun1-84.userapi.com/s/v1/ig2/c4RvgnisJQbEEt7gy9zu518MdbDwe3M_Vuu_WOk06js_kgi3sqh9T1CPbj91DcYlAmiUKVLhl7xrf5PuiQQTeuf_.jpg?quality=95&as=32x47,48x71,72x107,108x160,160x237,240x356,360x533,480x711,540x800,640x948,720x1067,1080x1600,1280x1896,1440x2133,1500x2222&from=bu&cs=160x0",5
feb2890fb75d45646d605a0c3978aa0b.jpg,"https://sun1-16.userapi.com/s/v1/if2/hKJDlFyavnZi1DZup2qRcaeP8y-4VdLRmgKQc-41HiWONJrAcjUra9Lmg8vFjq3H-HJJpbT9dpzhNQxhwbo59ZGo.jpg?quality=95&as=32x21,48x32,72x48,108x72,160x107,240x160,360x240,480x320,540x360,640x427,720x480,1080x720,1280x853,1440x960,1536x1024&from=bu&cs=160x0",2
05b853807adc027fa0987140c7bef8dc.jpg,"https://sun9-79.userapi.com/s/v1/ig2/HOQaTEcZsdSh6paP50nC_N2ZLtavPBajkDdiIMArsUPot2ssuTnnjbY4Q4KHkOTn42fCuf0pAXeynbEEp3P3T684.jpg?quality=96&as=32x32,48x47,72x71,108x106,160x158,240x237,360x355,480x473,540x532,640x631,720x710,1080x1065,1122x1106&from=bu&cs=160x0",6
01b33c5928eb25961190dc4b68dfd7be.jpg,"https://sun1-28.userapi.com/s/v1/ig2/xJx7yF3o81NuojEi0KRzAwfrAqQ4of4LEV61RNm6uRRUed7OD20TQC2DkNUw4lk1LKjizfhRzLpQMvFWCekTLDCh.jpg?quality=95&as=32x62,48x93,72x139,108x209,160x310,240x465,360x697,480x929,540x1045,591x1144&from=bu&cs=160x0",5
3bfcbecf11cebafab646b0d0027f4227.jpg,"https://sun1-23.userapi.com/s/v1/ig2/pI4z0wHZhnH-p56fLrXHbrbXgQNZ6G31ZXMBlErQAaE8LBYjX_9gulaHdkXRdu3ec1Ob4sKag910TycRaCXA-hY2.jpg?quality=95&as=32x40,48x60,72x90,108x135,160x200,240x300,360x450,480x600,540x675,640x800,720x900,1080x1350&from=bu&cs=160x0",4
19cd5f9c0c7e327141d9847ac2502683.jpg,"https://sun9-78.userapi.com/s/v1/ig2/VRKsmKDAAgW7W5LC45lXPbPDtalFeG69e9MtovjfnubSCf9rgjIpAh2MuDj2QivGEFPgr3Cy7oys30EOPHA4RPhe.jpg?quality=95&as=32x43,48x64,72x96,108x144,160x213,240x320,360x480,480x640,540x720,640x853&from=bu&cs=160x0",1
da654eea12af4496efecff47358971ae.jpg,"https://sun1-89.userapi.com/s/v1/ig2/Bk2tHlQUnOv6djzxTzH7UVvZuHlg6hWIPLGeOzJ-rURCW0yiFYD6sfZM2-nlYxqOCxceOr8Ww2gP1dqxOCWqEPRZ.jpg?quality=95&as=32x48,48x72,72x108,108x163,160x241,240x361,360x542,480x723,540x813,640x964,720x1084,1080x1626,1200x1807&from=bu&cs=160x0",2
bbb13f14aa61af924e0d8c65414cd89c.jpg,"https://sun1-13.userapi.com/s/v1/ig2/EP5014OYh4qfSjMSJtupHcsLb1SLRddXB8HsgXgn-H6hTh4VLmvgIhbt90zhUeeLou78JldYOfkVE4ezTSzYXCwV.jpg?quality=95&as=32x40,48x60,72x90,108x135,160x200,240x300,360x450,480x600,540x675,640x800,720x900,1080x1350&from=bu&cs=160x0",4
395758d694c3d4f14dec0cb32c6c2b1a.jpg,"https://sun1-54.userapi.com/s/v1/ig2/8l_Wv1qmApY2bI9QeJa5kzS0Qanlz0Ow809mmdkpg5MDEWCCsQIlA9i2HHh9q2E_PcXMV_hNVcOhFh43YZRfmhEL.jpg?quality=95&as=32x37,48x56,72x84,108x126,160x186,240x279,360x419,480x559,540x628,640x745,720x838,721x839&from=bu&cs=160x0",2
39b27d86a26828f703e3aeebf8ab0bb0.jpg,"https://sun9-78.userapi.com/s/v1/ig2/miqyfiE_cgMGZZlJvu5uHpU2YFfZECRujU29to1TFAFWYXHlEhPxdwPD1JB5UZeA520hFy3qrw1-_h0-cEAxMprN.jpg?quality=95&as=32x32,48x48,72x72,108x108,160x160,240x240,360x360,480x480,540x540,640x640,676x676&from=bu&cs=160x0",1
c4880c5f64c36788f9f7efb6facb79aa.jpg,"https://sun1-14.userapi.com/s/v1/ig2/6p36j9vVw6atAGtMasbcMDZiRtO804mimd7XGF0TwExHP_al2JzCJ0Tn0eLtooJZ8qKuD3Pgnd_e2I1MGj3XK6YY.jpg?quality=95&as=32x40,48x60,72x90,108x135,160x200,240x300,360x450,480x600,540x675,640x800,720x900,1080x1350&from=bu&cs=160x0",4
ffc39ce1ea3d74a1ceefbc7e1dafa24f.jpg,"https://sun1-95.userapi.com/s/v1/ig2/Ql3a4IZZdG23ocaOf6skVTghz_W3UYkhfYYo8v5TxmPF2MMkkL4h3UQoEs-PxrYX3M7kWCxqQDQ4aaamccVZSvby.jpg?quality=95&as=32x32,48x48,72x72,108x108,160x160,240x240,360x360,480x480,540x540,640x640,720x720,1080x1080&from=bu&cs=160x0",5
f702593615fb289d8e4ca1cc4a2b3db6.jpg,"https://sun9-10.userapi.com/s/v1/ig2/fuy5gnKlgFa5KtHMlXFmJrojyV4GcytE1eG8G16qvCW1OXwvHxBmhCujuQMS6QQgVV-d-0GIfIgsqymGHk0BP9Em.jpg?quality=95&as=32x40,48x60,72x90,108x135,160x200,240x300,360x450,480x600,540x675,640x800,720x900,1024x1280&from=bu&cs=160x0",1
24136c38336b76915b3a140821fcf664.jpg,"https://sun9-59.userapi.com/s/v1/if2/WqWUpQhfM9LeAnraiS2PxFE0B_OwCosQOyY0N837U7HbRvhCZb1BPzP_GaajSglKhCU3wWc_IWnstpz8-LEs5pFT.jpg?quality=95&as=32x29,48x44,72x65,108x98,160x145,240x218,360x326,480x435,540x490,640x580,720x653,1080x979,1280x1160,1440x1306,1478x1340&from=bu&cs=160x0",1
19e7bc9c514629bb4fabaad036c17a50.jpg,"https://sun1-88.userapi.com/s/v1/ig2/q3GxzkDd8tzHAjT8L9vloECA4FLha8_X2M3dNd1pRH6VYe52j_HFeV0ERdQDuq9rf5xXGzI03MeAdNNkCuEod3Xt.jpg?quality=95&as=32x40,48x60,72x90,108x135,160x200,240x300,360x450,480x600,540x675,640x800,720x900,1080x1350&from=bu&cs=160x0",4
99aa4be404706e313865b203caca4f39.jpg,"https://sun1-98.userapi.com/s/v1/ig2/V5J4ZbYg3KjvJQEy_wFrYRugqioxs_h0Zhqrm0nTvRZ02xmOEWg5mtvvTb-LwL8ky6xkxlSagoZkFQb3vGuZItNK.jpg?quality=95&as=32x32,48x48,72x72,108x108,160x160,240x240,360x360,480x480,540x540,640x640,720x720,1080x1080,1200x1200&from=bu&cs=160x0",0
9f0e7c78b7be267113ad9a72d89a55f2.jpg,"https://sun9-77.userapi.com/s/v1/if2/sCQ6ZACZT7YpESToiLk_HlbAH8_8lys16np5MO-viQU-0xM54xYDA3rZup6vX2hdQ5h9-dFnCNQsv4mzi_wOhrSf.jpg?quality=96&as=32x31,48x46,72x69,108x104,160x154,240x231,360x347,480x463,540x521,640x617,720x694,1080x1041,1174x1132&from=bu&cs=160x0",6
2aa85f818fb48933d7f7c35b24ac556b.jpg,"https://sun1-27.userapi.com/s/v1/ig2/jTGNuYrwwY7czYGbazMtro-9kmWBgRJ5JEzf88RUfij7owpEUOpAOBOYhhOgDbN_MoL_OKh7TSc9zVfDg677C2QA.jpg?quality=95&as=32x40,48x60,72x90,108x135,160x200,240x300,360x450,480x600,540x675,640x800,720x900,1080x1350&from=bu&cs=160x0",4
4416d6326e11664b3668fe1e376a1645.jpg,"https://sun9-10.userapi.com/s/v1/ig2/bCgemR9SW3VLj8Vsc3eeaUgGcBGIc381HspBllorePkcRtFrAOrkrT-qyJqm-AEBnSuBZCXJTcSxZFtMGu_xN_Bx.jpg?quality=96&as=32x35,48x53,72x80,108x120,160x177,240x266,360x398,480x531,540x598,640x708,720x797,750x830&from=bu&cs=160x0",6
58d02976badfac52d343084301cccbe6.jpg,"https://sun1-27.userapi.com/s/v1/ig2/acWDAXfo22k_FurdUljg6CvJ4wNjz-9Kp45TZObbWj_7p587POgLhPT2-YK3_pezAUWUO4Xe2fQfAt8nAqJQbv4G.jpg?quality=95&as=32x32,48x48,72x72,108x108,160x160,240x240,360x360,480x480,540x540,640x640,720x720,1080x1080&from=bu&cs=160x0",5
a76200adbb0fd7b88f69fcefc046cae2.jpg,"https://sun9-6.userapi.com/s/v1/if2/n_o43hBqqYJj0Op0v5LRBLluQBI8kCp010DDk7Ocb4JaK34p_k598pOd0aWu-XGQBDEOpSj6MNrziIoMcrowRTRm.jpg?quality=95&as=32x28,48x43,72x64,108x96,160x142,240x213,360x319,480x426,540x479,640x568,720x639,1080x958,1280x1136,1440x1278,1445x1282&from=bu&cs=160x0",1
a9535ab80a898fc777efb7b911d84c7c.jpg,"https://sun1-17.userapi.com/s/v1/ig2/6CJEz9Wdje-4o0MMZJGg64eMRqXXap02mJ2kE-R-MLtI1_mDm058yQprNeFbryM2vkToMm5r3gM1CQl34ATgZplB.jpg?quality=95&as=32x35,48x53,72x79,108x119,160x176,240x264,360x397,480x529,540x595,640x705,720x793,1080x1190,1280x1410,1417x1561&from=bu&cs=160x0",2
ff3554e4b9ae08e2f8b519f30aee99d1.jpg,"https://sun9-14.userapi.com/s/v1/if2/SOvlWcX0C_OHFw1Z6inNaiAGUjhwrvAbyaaclXMaaLBWcTx9F669vAJG9XeMSwYGwPg2At32iPhHA1Yw90cpK60S.jpg?quality=95&as=32x24,48x35,72x53,108x80,160x118,240x177,360x266,480x354,540x399,640x473,673x497&from=bu&cs=160x0",3
3c4699e03a673ed0c21c96f381e06744.jpg,"https://sun9-44.userapi.com/s/v1/ig2/X64M2dXyx4IWy9yGYAcQjpJFffWV82gv0F03SL6uKac6lvnJMKIXbaGDM7LpoKMyuakpmbkbed5jnn4a2Jk_5I3a.jpg?quality=95&as=32x38,48x56,72x85,108x127,160x188,240x282,360x423,480x564,540x634,640x752,676x794&from=bu&cs=160x0",1
ee1281cfd2b44f15d62838c572a0641a.jpg,"https://sun1-19.userapi.com/s/v1/ig2/DE191v76fvVSZDyPjAG6gWs0136dMD4LlDDPNr6X0dguaI67G36-0lcB6PAFOKvTyGx-9TiOvqE_2SXqf_-qPGf1.jpg?quality=95&as=32x37,48x55,72x83,108x125,160x184,240x277,360x415,480x553,540x623,640x738&from=bu&cs=160x0",4
45a8436a8d31b2434f6719c32e30d046.jpg,"https://sun9-21.userapi.com/s/v1/ig2/SQEVYfansUnYxmaE2UDZIKrEwb1WJK_XXiQy5HiZ-Cvo8iusxq5JL_r66F-y8PQFom8Et7Hz_tgaTVh3KUNf_OEB.jpg?quality=96&as=32x38,48x56,72x85,108x127,160x188,240x282,360x423,480x564,540x634,640x751,720x845,1080x1268&from=bu&cs=160x0",6
867948b1780025cd55b7e2ab976e305b.jpg,"https://sun1-96.userapi.com/s/v1/ig2/ef3SCXeXiA7uvP_s8O1rIrEQWj9BYsaXQFRDdd4Wz8pdCpopskLyemHjEIaLWumW7sSy6b9ViOYB-K9klWrKAwpn.jpg?quality=95&as=32x48,48x72,72x108,108x162,160x240,240x360,360x540,480x720,540x810,640x960,720x1080,1024x1536&from=bu&cs=160x0",2
8f40df8aa051b29c820acc9126d5ed06.jpg,"https://sun9-16.userapi.com/s/v1/if2/DrmB9cXi7ledMmyi5ZikoP2iwkkXndfUBKLIsry8P1fF8Sq72-d5sqEsmZeIqLyM9OTqe_Li6VRCwHeAwPwu7x7U.jpg?quality=96&as=32x31,48x46,72x69,108x104,160x154,240x232,360x348,480x463,540x521,640x618,720x695,1080x1043,1154x1114&from=bu&cs=160x0",6
d3cff034e3865e2b30cbf53806a15cc8.jpg,"https://sun9-27.userapi.com/s/v1/ig2/6jAmrVkDAGYSwbO2oxZI6CVqAXXdiO8ySeYF7i0C4LhOkJ-hirVNZqAQ_P2fcI8f3jVs6xPfH-FcfGLt9GziIqPI.jpg?quality=95&as=32x32,48x48,72x72,108x108,160x160,240x240,360x360,480x480,540x540,640x640,720x720,1024x1024&from=bu&cs=160x0",1
1588305f28b55851d3aff7b22734a585.jpg,"https://sun1-98.userapi.com/s/v1/ig2/OU72v7yKFo7SZfL3ih7gNC5mLwg3OBos9h3SP4NxKkbr88PrpB2Yq3vYYNizw6MOZT8_kVy-7qmUVHMWwJWtxiG9.jpg?quality=95&as=32x32,48x48,72x72,108x108,160x159,240x239,360x358,480x478,540x538,640x637,720x717,1080x1075,1280x1274,1440x1434,1999x1990&from=bu&cs=160x0",2
c995df00f2dd8fdd92c6528dfc2c3919.jpg,"https://sun1-30.userapi.com/s/v1/ig2/-JcmIZp-UDelFqC38Pj1sVq_XmtmyKGjrT6RhO5n0Gs2T9z8Dg42reXz1Y1oP-qMgl0VJyPNtZrG_KiOswfhDxKd.jpg?quality=95&as=32x47,48x70,72x106,108x159,160x235,240x352,360x528,480x705,540x793,640x939,720x1057,1024x1503&from=bu&cs=160x0",2
eee72a44cd133ba46a1655162618260d.jpg,"https://sun9-23.userapi.com/s/v1/if2/sBqFsMLx-_cRW7yNau91nPXRoio8CwqzZfeSbrr_de2AtroYhU9V7tCDcqhqJR9R_QC8mnjuSJnrylS6PQY_I582.jpg?quality=95&as=32x31,48x47,72x71,108x106,160x157,240x235,360x353,480x471,540x529,640x627,720x706,1020x1000&from=bu&cs=160x0",3
1b665d24f2fe0ebd2d239ff21fad5924.jpg,"https://sun9-81.userapi.com/s/v1/if2/SAkD77lXzAMV00KaEM11svX4OSeJdhxZqsQSYlIVYsxrZH6XESwZ9db5XoAPRxfVKJLqbO-6xTjl_t1cVpuSwPo1.jpg?quality=95&as=32x29,48x43,72x65,108x97,160x144,240x217,360x325,480x433,540x487,640x577,675x609&from=bu&cs=160x0",3
ae69966e5d3bb5bc5b184ebbabada981.jpg,"https://sun1-21.userapi.com/s/v1/ig2/zYcy3nVs9u3RZHfqEkUqBQWPEaJ59YTq57FGefRt1orQ2kcDmdaVnzGxbfe02XEt7jZlmRDVm9al8sfunaw8oerA.jpg?quality=95&as=32x32,48x48,72x72,108x108,160x160,240x240,360x360,480x480,540x540,640x640,720x720,1080x1080,1280x1280,1400x1400&from=bu&cs=160x0",4
84cf6283f5e66a35c398c94ec8ccc068.jpg,"https://sun1-47.userapi.com/s/v1/ig2/wO1Pb8LwjaiT8zsXs6FTvDYpgQoysG5c2Dt6_ie9kUE0TXOZ-eUk1vkxlwXH035ddhFXpfFWDrAIQmYLCwr2lqpj.jpg?quality=95&as=32x48,48x72,72x108,108x162,160x240,240x360,360x540,480x720,540x810,640x960,720x1080,1024x1536&from=bu&cs=160x0",2
823e40030a11b26b9562df0cb5642e3e.jpg,"https://sun1-25.userapi.com/s/v1/ig2/IZVeVRSdpvLT7FdrVxmxeIbYWIr8mQhQok8DL_5doiaEW0YWXDCYUn2U0xCJAUYbxYRYKDFzwvswUYiok3ozbTrz.jpg?quality=95&as=32x32,48x48,72x72,108x108,160x160,240x240,360x360,480x480,540x540,640x640,720x720,1080x1080,1280x1280&from=bu&cs=160x0",5
a17db76853e7de3480ddb36909062093.jpg,"https://sun1-90.userapi.com/s/v1/ig2/d1p8LN0wGZ9Z6L5fjl_oBZdBZT78_wByGyvVGrSYismJ5wEQODyy9XVbA_vgnEtQ1We9zZBM4_sjSUCJDwo35zn-.jpg?quality=95&as=32x32,48x48,72x72,108x108,160x160,240x240,360x360,480x480,540x540,640x640,720x720,1080x1080,1280x1280,1440x1440,2560x2560&from=bu&cs=160x0",0
ffaacf9465f152c75d37cede851f8b06.jpg,"https://sun9-21.userapi.com/s/v1/ig2/oitj6vTB8fgnBAsdISSXmVcLqm0VLgD8w5Ftvn19LPq3CiEOlJome3RPorrRa1ngzr47K3xJVbGkooJ66ObBnHMF.jpg?quality=96&as=32x32,48x48,72x71,108x107,160x159,240x238,360x357,480x476,540x535,640x634,720x714,1080x1070,1128x1118&from=bu&cs=160x0",6
7520409869e77ebd01ba6c2610b7681e.jpg,"https://sun9-44.userapi.com/s/v1/if2/CWSsSvAnxX3FOi-xTUZp-cdtWlo4P6kxG1zhmzPPQhJ9qM39txxa_Vq-89y4l25FIaV8vimIy3tqUu--E4u_Irqf.jpg?quality=96&as=32x31,48x46,72x69,108x104,160x154,240x232,360x347,480x463,540x521,640x618,720x695,1080x1042,1148x1108&from=bu&cs=160x0",6
b74242d2cf2df2119a20ff420c53cf9b.jpg,"https://sun1-96.userapi.com/s/v1/ig2/fn_qL8ecqAfi8GUUKYVS43g-ZJ-xU5LwFWod2jSqCFp8BwNWy1VbiZCv6qnw0SIe4lM-lft2lRqr5gjwkeS5bNj0.jpg?quality=95&as=32x32,48x48,72x72,108x108,160x160,240x240,360x360,480x480,540x540,640x640,720x720,1080x1080,1280x1280&from=bu&cs=160x0",4
465c7c6ce22345a65442e9abb1371fc5.jpg,"https://sun1-25.userapi.com/s/v1/ig2/CQ0LGzrvNyqEpcC_OjJT1cL9x6NXSq9EgAe0u7P9dGNCAvwFpIWE6ynMJ7Tw-LGjxHCh3hFi9A0Z6sBOUFoSnKbN.jpg?quality=95&as=32x32,48x48,72x72,108x108,160x160,240x240,360x360,480x480,540x540,640x640,720x720,1000x1000&from=bu&cs=160x0",5
04ca37f33f28933cfdbd88d07a81cd49.jpg,"https://sun1-22.userapi.com/s/v1/ig2/WkbTe1_G9tKE6V9Ac25tXTh5e4girHewanyNFUojYWZEc2Due3vh5w0f1p3ypL30c7coBlVEE5dor_iFsUhaTGco.jpg?quality=95&as=32x32,48x48,72x72,108x108,160x160,240x240,360x360,480x480,540x540,640x640,720x720,1080x1080,1280x1280,1440x1440,2400x2400&from=bu&cs=160x0",0
18d9bb8aea314fc0d4aac925837a4ce3.jpg,"https://sun9-45.userapi.com/s/v1/ig2/DH_mmeMoArGseYfH4L09PlTSMWa8jcvQfba3yZRhiTyzh24laQmG1kXZPBZkqJGqFF7HxJ2e3pZaRmiivYPOOFC7.jpg?quality=95&as=32x43,48x65,72x97,108x146,160x216,240x324,360x485,480x647,540x728,551x743&from=bu&cs=160x0",1
d528ae05fe086f707abb36a5fe2b8011.jpg,"https://sun1-15.userapi.com/s/v1/if2/jMib51tKipSGJKxc1__6fmcMktFSMuoiqB3iOjix9FdQl63phwH58-pRb2uZ5LfE1unDX2k0VGeu8rBfjnsmZ56m.jpg?quality=95&as=32x19,48x29,72x43,108x65,160x96,240x144,360x215,480x287,540x323,640x383,720x431,1080x646,1179x705&from=bu&cs=160x0",5
4b34e60dbbb198b770897f711fe9de9b.jpg,"https://sun1-91.userapi.com/s/v1/ig2/eqvta2NjccNWm15Lx9mkO1Q6LobX5orRH6zKO4OfeWT5l7RRx53iCi8vugJd2Dqghclk5m3qXQHIpZPc_VI_nB2H.jpg?quality=95&as=32x40,48x60,72x90,108x135,160x200,240x300,360x450,480x600,540x675,640x800,720x900,1024x1280&from=bu&cs=160x0",2
0bd5bba26c5c64750304b89cb2467dbf.jpg,"https://sun1-22.userapi.com/s/v1/if2/4EIA6hWv8N9Z2Z5SztV2F1rOLxpBvMcLz7pdzY67dxFi_L5NB0DcyIl53j_IaBr7iwDUkP1raWqZSMqT1_bIqa5u.jpg?quality=95&as=32x24,48x36,72x54,108x81,160x119,240x179,360x268,480x358,540x403,640x477,661x493&from=bu&cs=160x0",3
eb473bda33e4a723ab3b0364253c365c.jpg,"https://sun1-17.userapi.com/s/v1/ig2/Bzv2hRz9p57AxJV1c7qXRbaPY6M-_IZTwwCVUB_ctiM07rTTrVnTZMgvZY9LWVeAZrNDqWlqTcWr60wSxGKAHI2J.jpg?quality=95&as=32x40,48x60,72x90,108x135,160x200,240x300,360x450,480x600,540x675,640x800,720x900,1080x1350&from=bu&cs=160x0",4
992e9bd6fd6dee1b0db4017fca1a7d76.jpg,"https://sun1-13.userapi.com/s/v1/ig2/wVnTx11lZhaGVDEsOy5AsH5urW0yixdnzdSUM6m27FySTOZx4_7-yMbW09jl-aw9BE9AiIS7nRfytcOfpJB8nd3K.jpg?quality=95&as=32x32,48x48,72x72,108x108,160x160,240x240,360x360,480x480,540x540,640x640,720x720,899x899&from=bu&cs=160x0",5
806d503a6739e32af2700f6bb580fe47.jpg,"https://sun9-77.userapi.com/s/v1/if2/W76Y3bSq-j0kQP4CjZD5XcHE-EAROioa_TR0y_diKWacorjHtjtLNHccAwfUmuvSu1JZKalM1BBUEJwP3b92bq-h.jpg?quality=95&as=32x31,48x47,72x71,108x106,160x157,240x236,360x354,480x471,540x530,563x553&from=bu&cs=160x0",3
8a0fa512b444f2f2db6d427b62885fbd.jpg,"https://sun9-34.userapi.com/s/v1/if2/GNMG2-jF5u2O3zkoUnXOAk52yZXXDupxBHhGXAY9EiQcVjg81oGg6zE4t2L-ylXhHMUUQwPHXPI-ly2AdV8P-6kg.jpg?quality=95&as=32x23,48x35,72x52,108x78,160x116,240x173,360x260,480x347,540x390,640x462,685x495&from=bu&cs=160x0",3
dadbe092e668bdf49e538e85d822a6d7.jpg,"https://sun9-33.userapi.com/s/v1/if2/zrvJHAHop5NdmuehXkoRoyH5S1bm8p4NIVnLcdrVNvrXw_IOjENKXU8wLrmojPreIE_HY3FqzTQ1JP8WddDeEd6e.jpg?quality=96&as=32x25,48x38,72x56,108x85,160x125,240x188,360x282,480x376,540x423,640x502,720x564,1080x846,1280x1003,1368x1072&from=bu&cs=160x0",6
97a2c9eae926cb6533bbc2b3eaff6efa.jpg,"https://sun9-23.userapi.com/s/v1/if2/oJWUNolWDGql4mFMVVxY7NRVDk7phuwm8siGjaucA4t5z9-eVMU37M4CiJTf0XYTlIskpnLPUaXYceacd_T6VLX_.jpg?quality=95&as=32x21,48x31,72x47,108x70,160x104,240x156,360x234,480x312,540x351,640x417,720x469,845x550&from=bu&cs=160x0",1
ea212e8485be82d993c1ab865f2ba3e4.jpg,"https://sun9-87.userapi.com/s/v1/if2/62UvhqAsc2FBCKiI_oa6h4mhygd65xrKQ3F8C3nxI44EwFyb9VXqqIXjfzZ6bzqUJgxMoujh9IeTVGL9TWcLBTrE.jpg?quality=95&as=32x26,48x38,72x58,108x86,160x128,240x192,360x288,480x384,540x432,640x512,720x576,1080x864,1280x1024,1440x1152,2025x1620&from=bu&cs=160x0",1
37ffb10f59ee3483ef1baa53213ab680.jpg,"https://sun9-9.userapi.com/s/v1/ig2/0gcGJOW83-2VrvR3-LwYjR8YT_aXcc8YhTWc7dkFsaSGc9muh-rYIGdeGGTyizVbNOr9Rkl0f55QbmAeKnhmzuDm.jpg?quality=95&as=32x32,48x48,72x72,108x108,160x160,240x240,360x360,480x480,540x540,640x640,720x720,1080x1080,1280x1280,1440x1440,1800x1800&from=bu&cs=160x0",0
0c9b2a02211e88e58dc4f9148824ebd5.jpg,"https://sun9-42.userapi.com/s/v1/ig2/8a5Yq1o2d4fEQnhEHx8plYsX77R8BnXQ1LpJIr5521G-4YsAu9LyEJ5TR5t9lozxcWeWrClTRbc51DBJmQ_J8edv.jpg?quality=95&as=32x32,48x48,72x72,108x108,160x160,240x240,360x360,480x480,540x540,640x640,720x720,1080x1080,1200x1200&from=bu&cs=160x0",0
76673db3f7e20a80ad140f32a6f24db6.jpg,"https://sun1-15.userapi.com/s/v1/ig2/q18ZZBeIJBux5CyHQqcmbOAtF1xQ7vz18rqT2rNiR9VTVGy6bc5aY4pbHFlnqbMEpLFWqm3r3KDXFQkfbCR8Ghqm.jpg?quality=95&as=32x32,48x48,72x72,108x108,160x160,240x240,360x360,480x481,540x541,640x641,720x721,931x932&from=bu&cs=160x0",5
5bf7361f734c663a7a3a677b7b404b3a.jpg,"https://sun1-30.userapi.com/s/v1/ig2/hgVpwkic9ByPYCBEx48uMCYTSobLvm1HmCkmkPziTJDH1y97ylqGkmZTD-S7DKFYO9vJYljG8ggS9yzbfX8RNBud.jpg?quality=95&as=32x43,48x64,72x96,108x144,160x213,240x320,360x480,480x640,540x720,640x853&from=bu&cs=160x0",2
30340f4dc5706bd401d7b7365cfd5fd0.jpg,"https://sun9-85.userapi.com/s/v1/if2/PEpipMTNmJp3kViQC46w7H_uVREgdnEH4cyU4OiT3kg4-WX0Wulp7yxB_JrVNlGcufcBN2fJXSGqEzs6vNzqKFOm.jpg?quality=95&as=32x28,48x41,72x62,108x93,160x138,240x207,360x310,480x413,540x465,640x551,720x620,1080x930,1280x1103,1440x1240,1486x1280&from=bu&cs=160x0",1
bb13704ab86bc5a05f307722cb5dd609.jpg,"https://sun1-30.userapi.com/s/v1/ig2/QyCrilmoSysK2OVm7kYkotJgIYnKc_1jR7uvDsIM8tbswABlOPcLqfa_CNQ8qudCrzsH2ssdTfxowqfphAE2NhUq.jpg?quality=95&as=32x32,48x48,72x72,108x108,160x160,240x240,360x360,480x480,540x540,640x640,720x720,1080x1080,1280x1280,1400x1400&from=bu&cs=160x0",4
367913440033c42878a356234e364202.jpg,"https://sun1-54.userapi.com/s/v1/ig2/LznH1AFBLmS4LmuwTmzlvlDKcQ24dSx-5gg_EXclecYeclZaDxv1afd_dfmGBWupFYQ4y1RO7nFgH6Zx1angtja5.jpg?quality=95&as=32x57,48x85,72x128,108x192,160x284,240x427,360x640,480x853,540x960,640x1138,720x1280&from=bu&cs=160x0",2
96987779270905c5574bda730512895d.jpg,"https://sun1-55.userapi.com/s/v1/ig2/ODWEFHkMXHegZ5EPPitg9K1CLnUFZznN-4Z6Ig3szrRel0ZMLvAZOkQO6ts3manI7YWX4lfd7bvIT2Y-XO_hCgaN.jpg?quality=95&as=32x32,48x48,72x72,108x108,160x160,240x240,360x360,480x480,540x540,640x640,720x720,1080x1080,1280x1280,1440x1440,2560x2560&from=bu&cs=160x0",0
ebe6cd3152044f515a3447c660c495ff.jpg,"https://sun9-79.userapi.com/s/v1/if2/lAHXdqb7Q8MDyzbiHFz77pApqDYbcW1IQzUanqp1z8bVpeBr2obC9zmqv9c24-aGUQlUY352TIpvFOEs6VviGaDS.jpg?quality=95&as=32x30,48x46,72x69,108x103,160x152,240x229,360x343,480x457,540x515,640x610,720x686,830x791&from=bu&cs=160x0",3
5406eafe5b120b9e4877327d80a3af6d.jpg,"https://sun9-53.userapi.com/s/v1/ig2/OEFHYBpww-4CVg24yqmaXfNTPm1hA7t6NEsFaW9An7A94WxGgaucunnmEylM26aNX39JRt41wspFsO4rSKj93xn6.jpg?quality=95&as=32x32,48x48,72x72,108x108,160x160,240x240,360x360,480x480,540x540,640x640,720x720,1080x1080,1280x1280,1440x1440,1800x1800&from=bu&cs=160x0",0
406d435e8cbbd076d94b5344c21638e2.jpg,"https://sun9-70.userapi.com/s/v1/ig2/lllSkHdb4O-ZYNP634adlurOBmY2_U3mw7228Xd5hQ-J5iphEVBS0DJi2NgqsjE2QtVqZZW_7lWCUWa8BcIkhnzx.jpg?quality=95&as=32x32,48x48,72x72,108x108,160x160,240x240,360x360,480x480,540x540,604x604&from=bu&cs=160x0",3
8221cf9c8d543431c5135e7f20d6bc42.jpg,"https://sun9-25.userapi.com/s/v1/ig2/8wQ4hEzlaJ3j1eeGiawPEpgYXNlsKMfZM735ZZb8a-HQj8rpmQ6oi20mR7Q--5RJFSHc0aleJlVUQtdOhzSaJeLR.jpg?quality=95&as=32x40,48x60,72x90,108x135,160x200,240x300,360x450,480x600,540x675,640x800,720x900,1024x1280&from=bu&cs=160x0",1
cf5fab820235f14fe9adea0b12084b09.jpg,"https://sun9-67.userapi.com/s/v1/if2/05YpYnAULdKFuU_iP3H6NZxKdJCzhExzon6QSoH3KYqGzz0kG_gAsYQXSCi4Rfk1iRpG0fajBKTU3raZnRyDhiJk.jpg?quality=95&as=32x28,48x41,72x62,108x93,160x138,240x207,360x311,480x415,540x467,640x553,720x622,1080x933,1280x1106,1440x1244,1485x1283&from=bu&cs=160x0",1
ec0762aad348cfceeb57eac8245d04ca.jpg,"https://sun1-84.userapi.com/s/v1/ig2/B6RbgOkhxam7Rg6KRxCmmgQAgG2OVi_geG3-dBgUyzrglzalERVcOdfUHkkiY9xowlBfhpwa3sFawKonfHqbypLY.jpg?quality=95&as=32x48,48x72,72x108,108x162,160x240,240x360,360x540,480x720,540x810,640x960,720x1080,1024x1536&from=bu&cs=160x0",2
95618cc01e48f2cc9c78a158f8af1035.jpg,"https://sun9-6.userapi.com/s/v1/ig2/80WhQhSp_uqFgu4g4dlMt026VqjTd_fh_Z8Pk0ekHxaFSpeqc9ym5cbSeKgVjqTHkyJyyhA0W0KM7YAxa69TwI7-.jpg?quality=95&as=32x39,48x59,72x89,108x133,160x198,240x296,360x444,480x593,520x642&from=bu&cs=160x0",3
8faa0f8083753ec219201c198fd5badc.jpg,"https://sun9-7.userapi.com/s/v1/ig2/21Q9kSrcYJaxfaAVP5MbMonvBDQROgiM7OlY7Gw3O3CGolv_-A6N0yCelekXk3l9MN2kKE7dLi_YuBCOycDLjhve.jpg?quality=95&as=32x32,48x48,72x72,108x108,160x160,240x240,360x360,411x411&from=bu&cs=160x0",3
9a7fc0dfd6503e3355439a9c238f15dd.jpg,"https://sun1-84.userapi.com/s/v1/if2/zm25pvGbhVVDYKnay3Kli-bXQvM5xZHRWQ9-GRn9W2giEt_Pa4NAOwLrx364kUot_HGFUciCZnpd08MjKTTr2H5j.jpg?quality=95&as=32x18,48x28,72x41,108x62,160x92,240x138,360x207,480x276,540x310,640x368,720x414,726x417&from=bu&cs=160x0",5
ad01ab131f3eb8d1a06c4700ededca8b.jpg,"https://sun9-41.userapi.com/s/v1/if2/YuQFUQOX8udeP1Xlq4AdZyo-a7WBY00iRzfjTcMRQTLPzgeC0Ky80lTM1p-SduYUVT2gUPpSFDh6KniV7lVxfJSb.jpg?quality=95&as=32x27,48x41,72x62,108x93,160x137,240x206,360x309,480x412,540x464,640x550,720x618,1080x928,1280x1099,1440x1237,1482x1273&from=bu&cs=160x0",1
7e69ebce7337f607c1250393f5ab721e.jpg,"https://sun1-23.userapi.com/s/v1/ig2/mtBEc-1zRUnXvVMy3_EqvYh8Wh5e2NGhAUHCJK421Q-IODIRSnWCGRRC8k26_YLquS_J8P-qRU4BpydHIV2adwnN.jpg?quality=95&as=32x40,48x60,72x90,108x135,160x200,240x300,360x450,480x600,540x675,640x800,720x900,1080x1350&from=bu&cs=160x0",4
7d14132d85b66d805696522d67d0d4e6.jpg,"https://sun9-15.userapi.com/s/v1/if2/Ki-hbJLmzOn4ZbjKTLWXokFDj-HDTf95GD8Jqsrp2FJBe1BAIkhyS1nTkIlTGWKndivlN83gyYvFeQk0G4YJovjT.jpg?quality=95&as=32x23,48x35,72x52,108x78,160x115,240x173,360x260,480x346,540x389,640x462,667x481&from=bu&cs=160x0",3
55c7b2460b9c8331f280ae3db7f7555c.jpg,"https://sun9-71.userapi.com/s/v1/ig2/0foOny8PcCWRs2Bce1P4sYisSgu16XWbHHCps_NkbnVUNzWpCnLbFQINdPEtHAg5ugSk7m8AYKPqTa1iY_Xwdp9s.jpg?quality=95&as=32x32,48x48,72x72,108x108,160x160,240x240,360x360,480x480,540x540,640x640,720x720,1080x1080,1200x1200&from=bu&cs=160x0",0
cbea39b77fda3b1615674dabd2b1aa94.jpg,"https://sun9-32.userapi.com/s/v1/if2/ck_PqBNACmVd-ApnGtOA623xhVZVoWPtCyEzP9V5tRcyL3j9fUSXOIRPbnWKxncpSUEIvJXRANekP0ooX8gUgmc9.jpg?quality=95&as=32x20,48x30,72x44,108x67,160x99,240x148,360x222,480x296,540x333,640x394,720x443,755x465&from=bu&cs=160x0",3
1e15e17958eb89437e94f434dbe79b5c.jpg,"https://sun9-23.userapi.com/s/v1/if2/O2QhxBicP4Ge0ZQfYHl1A0DtoRnJmtyDorZVnA1m_wiBlBlTyG1bxKoKPBKNJarq26y3OXWm0aBo_q8pcZsUhgVt.jpg?quality=96&as=32x16,48x24,72x36,108x54,160x80,240x121,360x181,480x241,540x271,640x321,720x362,1080x542,1280x643,1382x694&from=bu&cs=160x0",6
ec9dc6d02cc3c51995b0d726a70d62d2.jpg,"https://sun1-56.userapi.com/s/v1/ig2/YLdO8761TfB79NqETqh9rhed6FxkCmB2OaM9yH87SdElALR4_F8QqYpnxqildkpVYdZrrfYKyRSSe5sP_pUx-7R9.jpg?quality=95&as=32x32,48x48,72x72,108x108,160x160,240x240,360x360,480x480,540x540,640x640,720x720,1024x1024&from=bu&cs=160x0",2
a33e16a19eab09ca6a2fd5feebc84b8f.jpg,"https://sun1-94.userapi.com/s/v1/ig2/QZv2jg9XBa2baF8bPeE7ztgr6omIWE6dHSzv4iBV7i8luDHNk4Q9AsfM5AOP1--xHnsYMBgvrFLNOlpgMG9QsYn-.jpg?quality=95&as=32x47,48x71,72x106,108x160,160x236,240x355,360x532,480x709,540x798,640x946,720x1064,866x1280&from=bu&cs=160x0",5
061424549132c1e455e8bcdf6746af5a.jpg,"https://sun1-55.userapi.com/s/v1/ig2/3SvmeGEdKm7opaXb_iULzBMrU52qKShOP1F9wWRYtpKA48fhxxa83jC1fYxGNBXIt4DhaJVVzVefq86WStDUiy2Z.jpg?quality=95&as=32x32,48x48,72x72,108x108,160x160,240x240,360x360,480x480,540x540,640x640,720x720,1080x1080,1280x1280,1440x1440,2560x2560&from=bu&cs=160x0",0
b85ae57dbc95bb627cc19a6f610a07c3.jpg,"https://sun9-16.userapi.com/s/v1/ig2/U5EjfURt4WnCtO7DOfatZJNuEQfp4yilg8_T01i1vj_JN_J44TO6l5Vt7GB33Ozm9hgnsYfw_glNE4oSmobymoEW.jpg?quality=96&as=32x51,48x77,72x116,108x173,160x257,240x385,360x578,480x770,483x775&from=bu&cs=160x0",6
4e5a612f1b685d459c3512c5bbb6d1be.jpg,"https://sun1-88.userapi.com/s/v1/ig2/nEonRhO6utRjxJZnT5gdxP68F2n_Co3imUDL_LjyVpx4jSHux2Gct5M-ypu7B299I9TNnQXL_WtW7V5n94y6jg2q.jpg?quality=95&as=32x48,48x72,72x108,108x162,160x240,240x360,360x540,480x720,540x810,640x960,720x1080,1024x1536&from=bu&cs=160x0",2
24661b73814d935b0f97cd53a3b0b197.jpg,"https://sun1-57.userapi.com/s/v1/ig2/AVVG3j6t6UHvZnNMdaqmt_P9jVkDENpRL82woY8AhY2UAcuHumX7wQBtHLg2cYoPsB4vn-Yr_Dit8qctIEXVaEz5.jpg?quality=95&as=32x43,48x64,72x96,108x144,160x213,240x320,360x480,480x640,540x720,640x853,720x960,1080x1440,1280x1707,1440x1920&from=bu&cs=160x0",2
060fd2237e0ab754041b3234b65040f4.jpg,"https://sun9-30.userapi.com/s/v1/if2/DIrcuHzeujXb6r7U77XGdnA3RnDu236biB3uIa5DYXaSGS3nMZuJPnPJVCtVj8MOhjjns2_GNkILcK--Z9M5g35G.jpg?quality=96&as=32x23,48x34,72x52,108x78,160x115,240x172,360x258,480x345,540x388,640x459,720x517,780x560&from=bu&cs=160x0",6
d27f4c7fb0fcd1bcfa0fd451c6e5badf.jpg,"https://sun1-13.userapi.com/s/v1/ig2/MYPJI7vGsBubzOgLHkBXWO9hGtdZgkixEGWfcLWug3s8lpmwLNAw2HMTnV_dHDSU_ZDWIMBp9t8_QkSFrabiVrVv.jpg?quality=95&as=32x41,48x61,72x92,108x137,160x203,240x305,360x458,480x610,540x687,640x814,720x916,1080x1373,1280x1628,1417x1802&from=bu&cs=160x0",2
d081ec9ad6b38568616074471a510a08.jpg,"https://sun1-92.userapi.com/s/v1/ig2/reqPLfWcsgp1lioH2CQx4BWcq9fcw3ow-SlzAXXfokCU1NQ-b7hcMAnrwm07xQLmCpZdzl8XysYLoy-RE3k8sygw.jpg?quality=95&as=32x32,48x48,72x72,108x108,160x160,240x240,360x360,480x480,540x540,640x640,720x720,1080x1080&from=bu&cs=160x0",5
a2589efc21fcced85214dd388269b893.jpg,"https://sun9-33.userapi.com/s/v1/ig2/G5LEFdlhecNRw1vILYoE-e1aQEs2hMfMxLxYUgF-C0yXLX5_9nNpYLF5jOWPK018E17V1o1s6mqa12hUBBnAE97G.jpg?quality=95&as=32x33,48x49,72x74,108x111,160x165,240x248,360x371,480x495,540x557,640x660,720x743,830x856&from=bu&cs=160x0",3
e2efd67789396166d39a140e0b827ded.jpg,"https://sun9-79.userapi.com/s/v1/ig2/4ZxEgd5y--iy1wqkak0GVaZV7sXgotE8f0K2DbCwqdyEJPp--9GEDWqGNWOohAw090LKjYjCgya1H7ViL5TitPS2.jpg?quality=95&as=32x32,48x48,72x72,108x108,160x160,240x240,360x360,480x480,540x540,640x640,720x720,1080x1080,1200x1200&from=bu&cs=160x0",0
55e14b8180a252579cdf9632af2478c2.jpg,"https://sun9-79.userapi.com/s/v1/ig2/ImenJQBGTlph5WEs49yiW0HMQPWv3qQThd1Tgdn8W78cbrO0pQBSZcwxI20cRmjD5ZGvw4-5wG395G5-Iie3RB4v.jpg?quality=95&as=32x32,48x48,72x72,108x108,160x160,240x240,360x360,480x480,540x540,640x640,720x720,1080x1080,1200x1200&from=bu&cs=160x0",0
2e8a4250a96742b8094fe5c878e20bbf.jpg,"https://sun1-27.userapi.com/s/v1/ig2/iEszluqBYC3VxG7nXTc07HcTpSSWP744Oh5dbqOFl0cKtB5aMRzgr9lCsU4z-3GQnxNp3grwwllqSJO1qtDVcLM4.jpg?quality=95&as=32x32,48x48,72x72,108x108,160x160,240x240,360x360,480x480,540x540,640x640,720x720,1080x1080&from=bu&cs=160x0",5
f716b23cb85e9f6a57f50ce0c7776813.jpg,"https://sun1-47.userapi.com/s/v1/ig2/bD99OYbFllIk30Uro7VLAQx5edoX5EqXONDsRRyvL33hZnohLHK_cVTJm-RC--YSQsuh8_g8tMh7DwvXI6A2JPaT.jpg?quality=95&as=32x48,48x72,72x108,108x162,160x240,240x360,360x540,480x720,540x810,640x960,720x1080,1024x1536&from=bu&cs=160x0",2
5fbd0bc0e4d057f66d900eb6e564397f.jpg,"https://sun9-71.userapi.com/s/v1/ig2/CCBUJyPbzBneCiMuhgPt7WlNYHgRfrqT-_x77CGrd8GpX4YaF1fNJ6Rwg5C2iMyDJGQM6rpWsOCZnZa_RGxvjPky.jpg?quality=96&as=32x43,48x64,72x96,108x144,160x214,240x320,360x480,480x641,540x721,640x854,720x961,1080x1441,1280x1708,1297x1731&from=bu&cs=160x0",6
44023317c4871b3eee12151cb911c9b7.jpg,"https://sun1-21.userapi.com/s/v1/ig2/MViiEizynMaAWuHlbycMfI7UjAapmBtO0PhSpeFzsiimodS0T4DRauK8ys7YDQp65cXU_DmvbzURKqIfETqV9zUu.jpg?quality=95&as=32x32,48x48,72x72,108x108,160x160,240x240,360x360,480x480,540x540,640x640,720x720,1080x1080,1280x1280,1440x1440,2560x2560&from=bu&cs=160x0",0
74fcfe067684dce778864a00e2f26184.jpg,"https://sun9-79.userapi.com/s/v1/ig2/Y1XMFTo0s8Xrq4lB2ByQ18pnCTq8wg11c-59JiwvBuiKydjq1aT8HXIbpKpLAxzezNXnlkMuDOYGXXdxzB02XnQN.jpg?quality=96&as=32x42,48x64,72x95,108x143,160x212,240x318,360x477,480x636,540x715,640x847,720x953,1000x1324&from=bu&cs=160x0",6
3651eb3b4bbef74bad6f5b5c0ac212a8.jpg,"https://sun9-71.userapi.com/s/v1/ig2/lxjEpVkKN72i77zzRHLkzpq4tmWmOlOKHuxVzleXwNeEt0w1xTkYM3OceHT1wEa7QZwFjEctjm6_k7Uzy8U2ZkT_.jpg?quality=95&as=32x42,48x63,72x94,108x142,160x210,240x315,360x472,480x629,540x708,640x839,720x944,1080x1416,1280x1678,1440x1887,1648x2160&from=bu&cs=160x0",1
c2576427572095dfa326d6267e8d9f07.jpg,"https://sun9-55.userapi.com/s/v1/if2/Byqv_cBtMdz5UV4bY1qxGTtQinfeUUoz4zxG9NoPDA-Qx_dooHjGSknfSrFSn-AzwyngHABYX27f0jMcjp1Wc_Ch.jpg?quality=95&as=32x24,48x36,72x54,108x81,160x120,240x180,360x270,480x360,540x405,640x480,720x540,800x600&from=bu&cs=160x0",1
7861c5ba61bd7057321894726b6d6e42.jpg,"https://sun1-54.userapi.com/s/v1/if2/yEOitiG9oP1vo4SfPPTCPFrX0VjnaBST3bv9a262LWckvBU8sxnEA-w6CbOM4rZ-v-GzlZ2kPbeRic7WaGTfZq-c.jpg?quality=95&as=32x31,48x46,72x70,108x105,160x155,240x232,360x348,480x465,540x523,640x619,720x697,998x966&from=bu&cs=160x0",4
95fce7ecf51c7ad19ae7ca45d57cab61.jpg,"https://sun9-52.userapi.com/s/v1/if2/ObLl7sXQL8CiiGKFJaVluhBMocr36u3JByFEs5D2XwuChWhLLV6Tjug-Hl42zirPURsxXqdRXASx4Nqm3AsaWpfh.jpg?quality=95&as=32x27,48x41,72x61,108x92,160x137,240x205,360x307,480x410,540x461,640x546,720x615,1080x922,1280x1093,1440x1229,1489x1271&from=bu&cs=160x0",1
4d89081812c6c30ccdc921933137e546.jpg,"https://sun9-17.userapi.com/s/v1/if2/XmRw5M0lXJ0Whpovh1Hhon_jdTqBd6WwJYhFhBbb_YPE-wnkcLlBOg4yKwEjKOkuei9WZmAc4cXoQqNAxQUCOw7x.jpg?quality=96&as=32x29,48x43,72x65,108x98,160x145,240x217,360x326,480x434,540x489,640x579,720x652,1080x978,1244x1126&from=bu&cs=160x0",6
12da353e1f8ac45b6ee5a17c8b4adee9.jpg,"https://sun1-47.userapi.com/s/v1/ig2/zACYFy7S3iHXnoriUonbi-4P6zC9LZYGfaAMeO_lZ52yL104XMTojSt1UebHMRmG-f46GpjOyHmx0epf2_LZeqAd.jpg?quality=95&as=32x42,48x63,72x95,108x142,160x210,240x316,360x474,480x631,540x710,640x842,720x947,1024x1347&from=bu&cs=160x0",2
2aff3efed77b24b662518d241b80f1d3.jpg,"https://sun1-98.userapi.com/s/v1/if2/_iRhrGqK-_T08K4NTO6eN3LSCBsjfw4CoHtVGc-zohIEvhT3ACxEqPy0Jhjk4RwbWohiEUOJ6tkJptSxQJccePWp.jpg?quality=95&as=32x29,48x43,72x65,108x98,160x145,240x217,360x326,480x435,540x489,640x580,720x652,798x723&from=bu&cs=160x0",4
feb9aec4e97b6a9ca6210a94d35809dd.jpg,"https://sun1-95.userapi.com/s/v1/if2/ag7LHmJ53tD2TG16bPUDqCLfgKDnGfkZrUR-OMPY33Qmr6TsbmMP7uXakypWKzhZrPa2FJ2Iwn87wmCtKGDJ57cS.jpg?quality=95&as=32x20,48x30,72x45,108x67,160x100,240x150,360x225,480x300,540x337,640x400,720x450,1080x675,1280x800&from=bu&cs=160x0",2
a0368817e50a8f4a4e5e710a07f295ac.jpg,"https://sun9-19.userapi.com/s/v1/if2/mJ1-ILTUeJIUr8WWT3hZIXY7u-Yi3oxucfbT8qH6uMQOO2NBVQdkBRcGVou77yx9z3wwPj_Epil22tY6DNx0sY6s.jpg?quality=95&as=32x23,48x35,72x52,108x78,160x116,240x174,360x262,480x349,540x392,640x465,695x505&from=bu&cs=160x0",3
96ccba845cbde461d457c63a60f698db.jpg,"https://sun9-74.userapi.com/s/v1/ig2/nI_dwOjjDmBoiX_kPA_Rlnm3jkBlwdwnKDL7Ep_LLw0j4lS88bNfzLm_icFwI0Db3UJIzo5L3PCP8lB_bejs4dIe.jpg?quality=95&as=32x32,48x48,72x73,108x109,160x161,240x242,360x363,480x484,540x545,640x646,667x673&from=bu&cs=160x0",3
4d730cc78f00f1e905b251f8051a3480.jpg,"https://sun1-17.userapi.com/s/v1/ig2/_5fde39a2I_sLlnLwaUTLqrOElmCsQYFCePnmkAsjRg3wncWWtL1XAKqhf9V87FArCrFok6VdP5Vof1BjyJTLcgM.jpg?quality=95&as=32x32,48x48,72x72,108x108,160x160,240x240,360x360,480x480,540x540,640x640,720x720,932x932&from=bu&cs=160x0",5
8ef4ff2d7c8e9e375ab1093b2b6aa313.jpg,"https://sun1-97.userapi.com/s/v1/ig2/ZyeB2pSxLuD7Qw2eylAGcOD-Od-99d97EtWMsqN5E8ZhMjYG5Gfc99nJfH3xhVcSIF1Wgy32JsLFO6dVH1OKWvZo.jpg?quality=95&as=32x43,48x64,72x96,108x144,160x214,240x321,360x481,480x642,540x722,640x856,720x963,957x1280&from=bu&cs=160x0",2
8509a8bb14a6a57412725c94cdbdeff3.jpg,"https://sun1-21.userapi.com/s/v1/ig2/_pdsUikAIqE9QV0vipkOzbcYwoPgTy7oRSqRyn3rz9MkAcNGnOCDBNz3ZcmXhwmbo6HRlsyXPtR9Ffrz-VGF02qW.jpg?quality=95&as=32x32,48x49,72x73,108x109,160x162,240x243,360x365,480x486,540x547,640x648,700x709&from=bu&cs=160x0",2
7d233b2afd2ac8a539837e614ba7c950.jpg,"https://sun1-13.userapi.com/s/v1/ig2/Xd-vjAb5JhcADBGhL7iceJGeoTP2GP1SdFjq8A1lX860XR2eHWU5XXdeAPj71tZTz5VQvQ-FHJTOgJ0z5vJelX6O.jpg?quality=95&as=32x54,48x81,72x122,108x182,160x270,240x405,360x608,480x810,540x911,640x1080,720x1215,1080x1823,1182x1995&from=bu&cs=160x0",5
180b9fc09574af1687c8f53b83695d7f.jpg,"https://sun1-92.userapi.com/s/v1/ig2/IKJfAJCkeO2GN1I5ZtmQdB41tOxCa0zgKD5rkEscmDebCUjptDClMfw7Suv1MtcQNm2m50H0U2iIBKQOetLlFxNr.jpg?quality=95&as=32x39,48x59,72x88,108x132,160x196,240x294,360x441,480x588,540x662,640x784,720x882,1024x1255&from=bu&cs=160x0",2
76c85f7548ca8b9218ffd54cf200aa2b.jpg,"https://sun1-55.userapi.com/s/v1/ig2/fY1oobXjtZf7uDtn9PKgqGVEnRnLyj5knxm50H6mE1LVNIz8sVqPLDmGOVTzUsyo1VYfrmxzNHDn6rcB2OVQekCq.jpg?quality=95&as=32x36,48x54,72x80,108x121,160x179,240x268,360x402,480x536,540x603,640x715,720x804,1080x1207,1280x1430,1417x1583&from=bu&cs=160x0",2
41494bba035e8f5bdedddc41ab51289d.jpg,"https://sun1-19.userapi.com/s/v1/ig2/S9_8CRFmaffkF4VulsGnRyKEyIZ5GVfZvTq08Wuh0-aYaP62jNFnEoi2uNPCAYvgSjZ_nBkNsKOTcHbL3nq277f5.jpg?quality=95&as=32x42,48x63,72x94,108x141,160x209,240x314,360x470,480x627,540x706,640x836,720x941,1024x1338&from=bu&cs=160x0",2
3db750fa5346e351066d190f5ce651b6.jpg,"https://sun9-63.userapi.com/s/v1/ig2/KlUIhA-lUNaiAwotVATL1QT8NghS-k6SJI-vNGcRf5aabcajkFPDIlJ8qSmVkyhrDiJjSG4XZ7QK2plrvfavlIvX.jpg?quality=95&as=32x37,48x55,72x82,108x124,160x183,240x275,360x412,480x550,540x618,626x717&from=bu&cs=160x0",1
14dcf7a9d1826d518479b94f72241b00.jpg,"https://sun1-56.userapi.com/s/v1/ig2/HSH45pSDtHuNMH6m-ZvcmCf7xfAyXwLY9vp9OlSUgdYgqdXhDEukHFwwobuKdezfrL_byM9-chwq1y6dPYIOhFhl.jpg?quality=95&as=32x42,48x64,72x95,108x143,160x212,240x318,360x477,480x635,540x715,640x847,720x953,1080x1430,1280x1694,1440x1906,1934x2560&from=bu&cs=160x0",4
f2913f362de7ebc808df8e5db78fbcc3.jpg,"https://sun1-16.userapi.com/s/v1/ig2/Q2HB1WMsbSAyHR5pZsRySC_6uKEIE6JRnbUK72_sbqa5Dt3kZ_TY8EQ7wvi-3FSUO0rTPt28NLNQMd9jmK-Lw_BR.jpg?quality=95&as=32x32,48x48,72x72,108x108,160x160,240x240,360x360,480x480,540x540,640x640,720x720,1080x1080&from=bu&cs=160x0",5
843fd2294c53e06dc057360aee30904a.jpg,"https://sun1-27.userapi.com/s/v1/ig2/nALQfrkmhGA-hZJOC4AOnpI6yuIgd0_0JySEMzJZXAUPRRvdyHS2gzt0-ErGocvYcP6V6PctQamCAHEOlWkF6zHI.jpg?quality=95&as=32x40,48x60,72x90,108x135,160x200,240x300,360x450,480x600,540x675,640x800,720x900,1024x1280&from=bu&cs=160x0",2
6e8f744c70ca4014d29b5fdefcd0669d.jpg,"https://sun9-8.userapi.com/s/v1/if2/Q99kk2HM-cem54P1HYSwoyBhn1IFLcxtldrnCNoH7KtphcG43oYI10O-nreTa_EfNbTtqjCg1p7ndsulIS4D3Ol-.jpg?quality=95&as=32x18,48x27,72x40,108x61,160x90,240x135,360x203,480x270,540x304,640x360,720x405,1080x608,1280x720,1422x800&from=bu&cs=160x0",1
7bb3d148455e523bb6fcf09efecdfd2e.jpg,"https://sun1-56.userapi.com/s/v1/ig2/DM_XevRKXSGIG_QWoS_YrVNsmKmuYoansMQcb_KBa9ErEKjtEYsyx88uOoE6DuqnGI08YylqGpNZ0tte4_IBcTl8.jpg?quality=95&as=32x32,48x48,72x72,108x108,160x160,240x240,360x360,480x480,540x540,640x640,720x720,1080x1080,1280x1280,1440x1440,1800x1800&from=bu&cs=160x0",0
e8dd6e0908e874fab7739eb95cf9343e.jpg,"https://sun9-40.userapi.com/s/v1/ig2/q4XRqa5KAJGVujtZigqg9OBYR3G_xOSFsotOTUKuoGpDYKGhtC28JVjd19vID7Oy8ZyNu3bJlgcb0JX--7fm3aPA.jpg?quality=95&as=32x32,48x48,72x72,108x108,160x160,240x240,360x360,480x480,540x540,640x640,720x720,1080x1080,1200x1200&from=bu&cs=160x0",0
0d36207649acede9c4acdb3585d27178.jpg,"https://sun1-27.userapi.com/s/v1/ig2/xHSoJo0fnCS5v4U-KOl8hzwggL7dfCBNDONZmbb5SrtBrZi0SScjhPw4BPeyF5xaIYZxb6APMyWsau5dSIBVoS6n.jpg?quality=95&as=32x32,48x48,72x72,108x108,160x160,240x240,360x360,480x480,540x540,640x640&from=bu&cs=160x0",5
c0dcbc331b726385ffa21c72a6c09da0.jpg,"https://sun9-46.userapi.com/s/v1/ig2/zVjBnwSN2HigbIZpi2ss6gUJ8YlL0MxcBGd9bR6Y3ag-sGTzYHj6chSdV206xMuhcSpCFLiIxgQeqzdq5TnsIFvq.jpg?quality=95&as=32x32,48x48,72x72,108x108,160x160,240x240,360x360,480x480,540x540,640x640,720x720,1080x1080,1200x1200&from=bu&cs=160x0",0
b4f4291b59e9f0d69ceabac9fb75e750.jpg,"https://sun9-71.userapi.com/s/v1/if2/mt5tKsJIBc0O9XXcP_qmpfS15bVIpxV9r_aVI965y1oTV4H-MIVJ-0ezYCMzggufAhC7E7IOKJ1yFkjE6Q3zrBc8.jpg?quality=95&as=32x31,48x46,72x69,108x103,160x153,240x230,360x345,480x460,540x517,640x613,720x690&from=bu&cs=160x0",3
8b30dc0ff65d9bc011ae26d5a887ee5e.jpg,"https://sun9-64.userapi.com/s/v1/ig2/_PuAgXOFII1moKuWRzAHGgmMgr2tvMxaH6BCNxk6WEIXoGagUQjDh4EvN8UFWBr1v_GHo0WAHc0fGVGAKl0AB6-E.jpg?quality=96&as=32x32,48x48,72x72,108x108,160x160,240x240,360x360,480x480,540x540,640x640,720x720,900x900&from=bu&cs=160x0",6
162facf39423ac9ac31bcbd112fed7f0.jpg,"https://sun9-70.userapi.com/s/v1/ig2/zbt71ICFIq1mjnwQgE0lCSTiQyqVNAPoBJSSL1-IvNrvfhB5s_K2sqfb5nA82vD4qAVv8Sd5LVNuvXbnE99Vwk6C.jpg?quality=95&as=32x50,48x75,72x113,108x169,160x251,240x376,360x565,480x753,510x800&from=bu&cs=160x0",1
3236c186218da85b9f35d5fc7dbb2261.jpg,"https://sun1-89.userapi.com/s/v1/if2/_tUxAWSNtY0WwowHhvkCcRd7c8lItVDOW2EKVHStRhNMvAlxNdkhmlVSqS7Mat5eJ5ZklpfMTgAU6u9XZ02RXaGh.jpg?quality=95&as=32x17,48x26,72x39,108x58,160x86,240x129,360x194,480x259,540x291,640x345,720x388,1080x582,1280x689,1440x776,2560x1379&from=bu&cs=160x0",4
903d833c9aecd1ace2fc28d52478984d.jpg,"https://sun9-56.userapi.com/s/v1/ig2/H5LayIYi13AzMqm2cqJwm0KZFGKz4ejg0SNUk_a_aFI58ne0cai3CdOicK_h0dEXhZbhMSHC6PTUfGA8hIBEzxvv.jpg?quality=95&as=32x33,48x49,72x74,108x110,160x164,240x246,360x368,480x491,540x552,607x621&from=bu&cs=160x0",3
54c488ea3e41c4ee7cb701a27e45362f.jpg,"https://sun9-66.userapi.com/s/v1/ig2/76tH71hV3AskuHclJXP9NeuXpbRQraJ1JSc1nfGsnnz4ZYd0tHn50pG9OvTMvIElOqo_JM5cA-hE2ZqgNkyqG5Lu.jpg?quality=95&as=32x32,48x48,72x72,108x108,160x160,240x240,360x360,480x480,540x540,640x640,720x720,1080x1080,1280x1280,1440x1440,1800x1800&from=bu&cs=160x0",0
b93d7bc88403814c806226b27478188a.jpg,"https://sun1-28.userapi.com/s/v1/ig2/7hIkibhHsEZ6olOBWfWy2AIa5zrfQkNZr9WOepKS_AWGiq7KzajUXxCWnV88QkJZymfM7Vb0--oYJZXBXxr7SDRK.jpg?quality=95&as=32x32,48x48,72x72,108x108,160x160,240x240,360x360,480x480,540x540,640x640,720x720,1080x1080&from=bu&cs=160x0",5
25c40cf2c608a78626d849a8d91f750d.jpg,"https://sun9-30.userapi.com/s/v1/ig2/7yi6mPUuNCt0zLUfqmscRjJ3cyUxvz4iFlsOdS8sZrUeLVsbUUbCajraHJOR6qoH-8IWAN4ucRXnHNI3gCfkOBHL.jpg?quality=95&as=32x33,48x50,72x74,108x112,160x166,240x248,360x372,480x497,540x559,609x630&from=bu&cs=160x0",1
c6de3a68d198d2d8df553ef7fbfa0cdc.jpg,"https://sun1-86.userapi.com/s/v1/ig2/vhQtOXSxaXH7dVSp2oNgDXHfU0H0ozD1M1b91DHIMOMHHVNwuPOoa-NHOjUCsKAsoU5bFQk0unwtmzCWat3VmcGX.jpg?quality=95&as=32x32,48x48,72x72,108x108,160x160,240x240,360x360,480x480,540x540,640x640,720x720&from=bu&cs=160x0",5
1d27f39fd4a74fa10bdce1d2a1ee5805.jpg,"https://sun9-73.userapi.com/s/v1/if2/sojaLVysRr6rJXytK8g-EnbUT2nc84n2Wjv0wlSzc2ObSK9lRweTwDWKimF7U4mBSwg8hs4IxZkoXFXcpWRcmngN.jpg?quality=95&as=32x18,48x27,72x40,108x60,160x89,240x133,360x200,480x267,540x300,640x356,720x400,900x500&from=bu&cs=160x0",1
d2392c78c4355684465705a4d9f413a6.jpg,"https://sun9-85.userapi.com/s/v1/ig2/UR4KvzDliiv6NxBui4IFviKfv2S0tro5AnYB11yyDfVYwowgHFxPBJj8AlUw0EdF-fLO5pqKwmw-fVJb8_7ZhLSG.jpg?quality=95&as=32x42,48x64,72x96,108x143,160x212,240x318,360x478,480x637,540x716,563x747&from=bu&cs=160x0",3
1584265df9855e473de4aef950411af5.jpg,"https://sun9-40.userapi.com/s/v1/ig2/hg1Y7R2J20pNsoEJc8BTPNisS2YATL2p_RpgrWK3PHo5E0WzvAJ-7qPccaP8IEcmbjLVXAlyURFk_4JKeO7EIzzP.jpg?quality=95&as=32x32,48x48,72x72,108x108,160x160,240x240,360x360,480x480,540x540,640x640,720x720,1080x1080,1280x1280,1440x1440,1800x1800&from=bu&cs=160x0",0
ef319b0e12f9513560531565c870a538.jpg,"https://sun9-50.userapi.com/s/v1/ig2/26w4FrYjn6W2_zSM_bBO9oitbZwJM11gWtF0XDFzAzon8_dczIyuA2wjKgs9SuS8YBt55h7sVAheNmpkOKMQ6QE5.jpg?quality=95&as=32x32,48x48,72x72,108x108,160x160,240x240,360x360,480x480,540x540,640x640,720x720,1080x1080,1200x1200&from=bu&cs=160x0",0
455040037b32e42639a4d58c6a412a5c.jpg,"https://sun9-5.userapi.com/s/v1/if2/CePOLfDeYKfk4AHHaqFAqpF9W_qRq0xMMKTdCjgUd8jIUrkO7tbl3ota7izWqV0nka70DoRnx2MsmkMFcGfz3lWC.jpg?quality=95&as=32x21,48x32,72x48,108x72,160x107,240x160,360x240,480x320,540x360,640x426,720x480,1080x720,1280x853&from=bu&cs=160x0",1
f648bcacdf9ed2ceae314ede30e57ec4.jpg,"https://sun9-69.userapi.com/s/v1/if2/ukn5WGimiwgEaDwAQB-GD4kwW7jGISGIBp5_VyRZNghevu6D3rYZ4jgrq6VBiaodLn4gpCIthrcATVlcWadMDZhJ.jpg?quality=96&as=32x28,48x41,72x62,108x93,160x138,240x206,360x310,480x413,540x465,640x551,720x619,1060x912&from=bu&cs=160x0",6
768fca9ab5c8f07abf1dfc9a50653426.jpg,"https://sun9-14.userapi.com/s/v1/ig2/wtaMC3LBTUEVwet10--3aiS7Lvjc93TUDu8JE16GB7MUZ9nRnzG-35oKXYOSShirdkf331Zq67009mGY3NduO-J7.jpg?quality=95&as=32x32,48x48,72x72,108x108,160x160,240x239,360x359,480x479&from=bu&cs=160x0",3
db0206365b6ef2c3118fcc9793e66950.jpg,"https://sun1-26.userapi.com/s/v1/ig2/ME4uLjXnwpYXsvzRn1xiZXOS4f8cNW45Q_iFj88S_9dJrC_U4_krmpPXxWW6Mj-M1oaJgg5tE-ZkzdGYz8i2oUsK.jpg?quality=95&as=32x48,48x72,72x108,108x162,160x240,240x360,360x540,480x720,540x810,640x960,720x1080,1024x1536&from=bu&cs=160x0",2
9d25fde58458c082a388a7ae4c668dc8.jpg,"https://sun9-53.userapi.com/s/v1/ig2/nYoh382lg3-myBTdGFFnlRENfqjyTgeSFSCqBIouAMWicyE8Yjf9aTGDbAoAV15CFPJmwsCrPE-dwFVtllpxFHRk.jpg?quality=95&as=32x32,48x48,72x72,108x108,160x160,240x240,360x360,480x480,540x540,640x640,720x720,1080x1080,1280x1280,1440x1440,1800x1800&from=bu&cs=160x0",0
1c777b39cc040e19cd21e2df16bbe616.jpg,"https://sun9-50.userapi.com/s/v1/ig2/NI-kXcQGnDdV8ccr_VCND8hyTQj5E7J6eHhjGqcxOzr2-o1X2MRnttipiGkGgltP5Zgf-uBFhKCtSzL_OodrOAmB.jpg?quality=95&as=32x32,48x48,72x72,108x108,160x160,240x240,360x360,480x480,540x540,640x640,720x720,1080x1080,1200x1200&from=bu&cs=160x0",0
aea42ea3a384a9bf087ce445f875f5c4.jpg,"https://sun9-37.userapi.com/s/v1/ig2/gLZ-88wrDPQ5AIRDbkzzy82xcXTh9TBDvpC-VkNpiw3QZbvzzoxdIuQdq7j0-O3_YsJU32AUj5FgIdq4S51T2hky.jpg?quality=96&as=32x32,48x48,72x72,108x108,160x160,240x240,360x360,480x480,540x540,640x640,720x720,1080x1080,1280x1280,1440x1440,1688x1688&from=bu&cs=160x0",6
970f23d3880a154c29b2a327481c2dcf.jpg,"https://sun9-50.userapi.com/s/v1/if2/m4WHCWEfUddFerVnyfzGiFHJf7LJLKOhHChHUKvOdHRPN-F33tz6i2nryh4qxDtrVRiEgQCMR7HdotcaAXwZbG8f.jpg?quality=95&as=32x28,48x41,72x62,108x93,160x138,240x207,360x310,480x414,540x466,640x552,720x621,1080x931,1280x1104,1440x1241,1487x1282&from=bu&cs=160x0",1
86b52da4da319154b541e6a4ba52e2f3.jpg,"https://sun1-25.userapi.com/s/v1/if2/KwuZkzpsA361-oKsnTEKiE4OroVIOk-NTp-K0Ts92mrlAGHRtCtTrMn0Q1ilYOej3UbcFLmO2UFHFsDWY-JEb4PL.jpg?quality=95&as=32x18,48x27,72x40,108x61,160x90,240x135,360x202,480x270,540x304,640x360,720x405,1080x607,1280x720,1440x810,2000x1125&from=bu&cs=160x0",5
d7bc2fb6a5f50c326817f6c59da35186.jpg,"https://sun1-57.userapi.com/s/v1/ig2/QAZdIgdMdrWue7U-Jj8xbpeHKMHX-FUcpt-HVLmYfX307f6mtFTzrCZoiZf7bgVUrjjb9CJStGo9nYs3BmTES6Y0.jpg?quality=95&as=32x43,48x64,72x96,108x144,160x213,240x320,360x480,480x640,540x720,640x853,720x960,1080x1440,1179x1572&from=bu&cs=160x0",5
84c1d264887ed6cd695bd6d78bcd72f8.jpg,"https://sun9-46.userapi.com/s/v1/if2/bygnLtcw84eTnNXWOpC6j3JH8UKtPNVOt2eZrYab9RoO6uE4dZTpmUrQtv-su0V7TVG2R1nQVE12KZ7SXeMEojvK.jpg?quality=96&as=32x25,48x38,72x57,108x85,160x126,240x189,360x284,480x378,540x426,640x504,720x567,1080x851,1280x1009,1434x1130&from=bu&cs=160x0",6
ae08bf1a4c5f308133dc1654fd5cf904.jpg,"https://sun1-19.userapi.com/s/v1/ig2/Yx4S6CorJLDSCGk8XNLov3mtiHY8uC0uQYbKc6uUVc4tbgcyySqfAsxmMIT8cN5uNxJH-SCTPEixhPGsGIJsOYOo.jpg?quality=95&as=32x39,48x59,72x88,108x132,160x196,240x294,360x442,480x589,540x662,640x785,720x883,1080x1325,1280x1570,1417x1738&from=bu&cs=160x0",2
e16f2ee22f9fdf84e0ead375f712a502.jpg,"https://sun1-26.userapi.com/s/v1/ig2/gkb1UOg9xA1xEzJ6wbeWjylFNpUfZQCezWS8_y1XF6dO3pFv96xOs713bl9p7h-hduSUdF450dbunkJUKR-pKGhU.jpg?quality=95&as=32x32,48x48,72x72,108x108,160x160,240x240,360x360,480x480,540x540,640x640,720x720,1080x1080&from=bu&cs=160x0",4
0ee216c8d68de8469003530e61ada09d.jpg,"https://sun1-84.userapi.com/s/v1/ig2/c_exybJlt296A5CgAFTkjAvQh_rboQFh9Tz3nBLOis8r7qc9PLcREcTdJern71kmVfjREoND9km6YIRZruW73SGT.jpg?quality=95&as=32x41,48x62,72x93,108x140,160x207,240x311,360x466,480x621,540x699,640x828,720x932,1024x1325&from=bu&cs=160x0",2
9754c0bba1b28c65a80c05b33c3cf4cd.jpg,"https://sun9-19.userapi.com/s/v1/ig2/6C8f4wP8JryMYl8JLcQ4L-NmQBt9h-hg0SJQO8jM_nGV5Fp0PveBW5JfEysQufxCUX40tGnvW5mpj5gEf-oKr8R6.jpg?quality=95&as=32x32,48x48,72x73,108x109,160x161,240x242,360x363,480x484,540x545,640x645,699x705&from=bu&cs=160x0",3
2605bc280281fa02119541a267532123.jpg,"https://sun1-94.userapi.com/s/v1/if2/LIgGMpTNPyV0Vahp2W30RL6rLaYuNJyKBO2cCF9ELeU4E3YwXF36AKSP9u3-lfcWclbltPth_aaeVeBHBRY8Tyif.jpg?quality=95&as=32x29,48x44,72x66,108x99,160x147,240x221,360x331,480x441,540x497,640x589,720x662,1080x993,1280x1177,1284x1181&from=bu&cs=160x0",2
4f7b8ae247b0fbaede742c0fbb8ead4e.jpg,"https://sun1-90.userapi.com/s/v1/if2/SFD4N4mJwQdqe-CgvLpQRwfOICEY-1yGrOW5I1HUISdRxNUfiUVTSHHJ3S96nZbbvTjjwXYAVCrRuK_v4_1R-lfE.jpg?quality=95&as=32x31,48x47,72x71,108x106,160x157,240x236,360x353,480x471,540x530,640x628,720x707&from=bu&cs=160x0",5
9408d9e59e5581ac1b94654e4bba0b86.jpg,"https://sun1-93.userapi.com/s/v1/ig2/kk6HI4FQF4yWjp-AOlJQxaJFnjc8Fqr0Tz_WmD-ASVs3mtOm7YDNmWU6_AEM7oOtzImBS8wKXOSmxcskGF-wd8RV.jpg?quality=95&as=32x32,48x48,72x72,108x108,160x160,240x240,360x360,480x480,540x540,640x640,720x720,1080x1080,1280x1280,1440x1440,1800x1800&from=bu&cs=160x0",0
fa0d54df0194ef06ade190994a13db0e.jpg,"https://sun9-47.userapi.com/s/v1/ig2/e4176E76d1M-Ez99bf_88PDZ5ZyIleN7MMMCtpohvHmIBF46nX-uwo78Sf-7RlejrHIXIYxoRSSxkt9FuHUWEl59.jpg?quality=96&as=32x42,48x63,72x94,108x141,160x209,240x313,360x470,480x627,540x705,640x836,720x940,1080x1410,1280x1672,1379x1801&from=bu&cs=160x0",6
bd80056d8d960f69513e688d11885dc8.jpg,"https://sun9-15.userapi.com/s/v1/if2/lb55CvvT9KU9Q22Yt949Jwl_CAG1OTH1JqbXVl98JnuHHZKjPG87wnPD87j7oEGD6SVLURwgi0bcvczMNL_s-hf6.jpg?quality=95&as=32x23,48x34,72x51,108x77,160x114,240x170,360x255,480x341,540x383,620x440&from=bu&cs=160x0",3
45943d9511bb9b583e5f6714b2ead0a5.jpg,"https://sun9-66.userapi.com/s/v1/if2/1cWwDAZa1KzCWq-WuwsRcWy-vljgxWI_7G4NcGmbp1_Cs8PSwIrFIbUeLRAEgSe-cs3HmT3onEPsr_pVo0GwfrHM.jpg?quality=95&as=32x21,48x32,72x48,108x72,160x107,240x160,360x240,480x320,540x360,640x427,720x480,1080x720,1280x853,1440x960,2560x1707&from=bu&cs=160x0",0
d2796b353b9014fbb1fdcb8aa92541dd.jpg,"https://sun9-50.userapi.com/s/v1/if2/Di97rjEArLICNwSHDCOKHoDfMTshQBJK4hH1Rl26NH-NAAxSDaPpKJmoVI_fug3Y1Ugg4TXNoJgn5Fv5sZnf8dQS.jpg?quality=95&as=32x28,48x42,72x62,108x93,160x138,240x208,360x311,480x415,540x467,640x554,720x623,1080x934,1280x1107,1440x1246,1481x1281&from=bu&cs=160x0",1
90495ee40f44562b7f27044609a16a36.jpg,"https://sun1-16.userapi.com/s/v1/if2/MyfDClcECmIIcgVvR9nhHxwpVYR95TVYP7ncN0zqGQzwiyKllg407YsSLLYSMVBDUXh1HngvFCXivPUWUHRuP5-E.jpg?quality=95&as=32x19,48x29,72x44,108x65,160x97,240x145,360x218,480x291,540x327,640x388,720x436,1080x655,1280x776&from=bu&cs=160x0",5
34fc17bdeef301008301804f927367b6.jpg,"https://sun1-47.userapi.com/s/v1/ig2/DMosPj6pEvUeOXnPEgHEDph1HXDhHkXXN9yYylL-vlmyniW1INT2sMCfR9ZmWtDZ2RVwlJzBvnDFz1Mvtv3osbtj.jpg?quality=95&as=32x32,48x48,72x72,108x108,160x160,240x240,360x360,480x480,540x540,640x640,720x720,1080x1080&from=bu&cs=160x0",4
4df0382daac9cd0085e839b254fa21ba.jpg,"https://sun9-59.userapi.com/s/v1/if2/CQ-7h7dOcMaExJw1kvprUYiqwd2TPsBn_UJwn8Ny2evrv_RmW8dCDDGsVQee9SPM4bt4uq-WR1m3_yQ0DmyLm1iA.jpg?quality=95&as=32x28,48x41,72x62,108x93,160x138,240x207,360x311,480x414,540x466,640x553,720x622,1080x932,1280x1105,1440x1243,1485x1282&from=bu&cs=160x0",1
f866a9a2aff9e9a581f803264d99a526.jpg,"https://sun9-8.userapi.com/s/v1/if2/8xpZZleQI13onEIXD5McItxGT4xCIhzexVDz3HYXuVdsRoHQEB8lBivgic1849NGNIkHMZImCU5gy1hnfeoTe_Ko.jpg?quality=95&as=32x22,48x33,72x49,108x74,160x109,240x164,360x246,480x328,540x369,640x437,720x492,1058x723&from=bu&cs=160x0",1
ff336f386795f1ba18391e2e96d896de.jpg,"https://sun1-87.userapi.com/s/v1/ig2/uDEgrsyF9VhZ3jnoT2dTo81j50oZjXtXnRF7TppSs0K7tWEEU3_39KUHO_kdNNSIV9HEVyqV-kaGah9YAot1W-Y5.jpg?quality=95&as=32x32,48x48,72x72,108x108,160x160,240x240,360x360,480x480,540x540,640x640,720x720,1080x1080&from=bu&cs=160x0",4
aedb9bbc83e55ff6ae2a4770426e97a4.jpg,"https://sun9-77.userapi.com/s/v1/if2/6X1kwsGFyU4gZboLXVh5Rd1uE_x9AmWQWglFJCFMUxFKuHXCLTxff5oWollfjbCBwCGiEalAHBiNkfu-lwT-9w4C.jpg?quality=96&as=32x28,48x42,72x63,108x94,160x140,240x209,360x314,480x419,540x471,640x558,720x628,1080x942,1280x1117,1284x1120&from=bu&cs=160x0",6
7db014f4a80af8409e7cc0c31b6de7d4.jpg,"https://sun1-19.userapi.com/s/v1/ig2/0LfKiF58megvuWMoVicThNKboS-eBjMKpMJ-PIKm2dc17ot6NCD2q8uDjAniEIkgqS6TQplysgRXJe206q8rfLw0.jpg?quality=95&as=32x48,48x72,72x108,108x162,160x240,240x360,360x540,480x720,540x810,640x960,720x1080,853x1280&from=bu&cs=160x0",5
e3afe07e07ab4667d808d0252d678cfd.jpg,"https://sun1-18.userapi.com/s/v1/ig2/HWuwRN4GM1JA3fQbRcnvK_-xf77u3eCNtPpuJW4tbXnin7WqUCZRjOkI3Zrd71o9DLxfRVez3CAJwYEzINT-bzIo.jpg?quality=95&as=32x32,48x48,72x72,108x108,160x160,240x240,360x360,480x480,540x540,640x640,720x720,1080x1080&from=bu&cs=160x0",5
19b93492d06cd30523e2e1d40732cb09.jpg,"https://sun1-22.userapi.com/s/v1/ig2/UelEagLoUjRkWDMG15H_JFDNolyp4I4ZYND1mlUfblir0TbecXbeFcyge406fRaZ08HdsHZ74zWcG8cZytfNMdLK.jpg?quality=95&as=32x39,48x58,72x88,108x131,160x195,240x292,360x438,480x584,540x657,640x779,700x852&from=bu&cs=160x0",4
30579769fb5acbe8d7d149545cad0332.jpg,"https://sun1-85.userapi.com/s/v1/ig2/xMaIRggmO8lgSKO8_lhbG7KBEaH2OhhrOhKKvoU_mvq8xV_VpPuYEQqDtCMBRL61Qk6JRmd7nYJizx-mMobGKHIM.jpg?quality=95&as=32x57,48x85,72x128,108x192,160x284,240x427,360x640,480x853,540x960,640x1138,720x1280&from=bu&cs=160x0",5
efd4e3ddad9474659b6f9c111a0d070a.jpg,"https://sun9-17.userapi.com/s/v1/ig2/lhH9Wod6WfQzNEXoP8Ll_beCn-6zg5MvR0Og-UUtuUSVd-CgzVVxzWggwtmGZwKLrMeEU5A-M6M8QpPoXSZXK89z.jpg?quality=95&as=32x32,48x48,72x72,108x108,160x160,240x240,360x360,480x480,540x540,640x640,720x720,1080x1080,1280x1280,1440x1440,2560x2560&from=bu&cs=160x0",1
c3add9a60335fd5ec4590408e7d7274e.jpg,"https://sun9-80.userapi.com/s/v1/ig2/o7rjZusy8AgkukFo-Y7f5T76fjK5OK6pNjnB2TpVd9h0Z6i6QOdAsCWNYP6Sji1T2kP93-i90mjIO-EW4jH-9FJm.jpg?quality=95&as=32x32,48x48,72x72,108x108,160x160,240x240,360x360,480x480,540x540,640x640,720x720,1080x1080,1200x1200&from=bu&cs=160x0",0
d55b57c1bdc4d59f2c68b340cf03b181.jpg,"https://sun1-89.userapi.com/s/v1/ig2/qmyO_d5RM8kuLe0tUHAjrqRX0xCL0-lmxMPiaQNPC8fsAlSj-4p7Z8dAcl6pyZwXpKJzIaYp29u_PxjFWTqe_9bn.jpg?quality=95&as=32x48,48x72,72x108,108x162,160x240,240x360,360x540,480x720,540x810,640x960,720x1080,1024x1536&from=bu&cs=160x0",2
b0a0357641f9f45765e570cad302d53e.jpg,"https://sun1-21.userapi.com/s/v1/ig2/K-MgObE9U6stNIgQFK7YU9F9Cb7nViCXhaJKUi9n3Um0toQYAPygZLbBPuRQF36aEqY7Wg6v_j6aae-9TVs-zZ4a.jpg?quality=95&as=32x48,48x72,72x108,108x162,160x240,240x360,360x540,480x720,540x810,640x960,720x1080,1024x1536&from=bu&cs=160x0",2
c8192bff3b4b34255d96deb21edcb07b.jpg,"https://sun1-15.userapi.com/s/v1/ig2/o4Ayl8K1rhlCttX4NW8ANwncYXpmfewvqa_c-fOJpcCagCJ4WWt6FeqgPi1fkO9vSVYUAspP1d8Gh81BuCd8XH1r.jpg?quality=95&as=32x32,48x48,72x72,108x108,160x160,240x240,360x360,480x480,540x540,640x640,720x720,1080x1080,1280x1280&from=bu&cs=160x0",4
bd83f1e9f5f77c9a97d92000ff37cc04.jpg,"https://sun9-6.userapi.com/s/v1/if2/ES16BPvvnVf5xdPKjn0IQoXczZ_0jOzv8MoAToBoeRhkdKSX-xMygiSdvk8Y3PdzlvlSaIsYdnc1p-lW3CFebbbd.jpg?quality=95&as=32x31,48x46,72x69,108x104,160x154,240x230,360x345,480x461,540x518,640x614,720x691&from=bu&cs=160x0",3
3874fa78fb768bf852b4faceb8a43a46.jpg,"https://sun1-15.userapi.com/s/v1/ig2/1SPwB-SbZLkz9YcrJhSuNBesVheBU3sShBaWk_lXkmQx6cw1oq9z9_6IlpJmFglVZrtdqfx4pUgw2QlsqJNCP82Q.jpg?quality=95&as=32x36,48x54,72x81,108x121,160x180,240x269,360x404,480x539,540x606,640x719,720x808,1080x1213,1280x1437,1417x1591&from=bu&cs=160x0",2
16923d26e62c35fc7d38e7e733bfa6df.jpg,"https://sun9-38.userapi.com/s/v1/ig2/AJGes7-rthmXDctGuA06emVYuQ_5xTAv9sKDbzhefsxEz1Uw1-YedTAN2jy95l4qh3lPdUBcbrIv1An-8qhpFF67.jpg?quality=95&as=32x47,48x71,72x107,108x160,160x237,240x356,360x534,480x712,525x779&from=bu&cs=160x0",3
f8ccb5f24691440feb05553a5a3a3e29.jpg,"https://sun1-28.userapi.com/s/v1/ig2/ki5ev-f0lvOfxXD0XZhm8yYGMk4nRd9uvZCPJtbZ0S-p9TaF1Cn4vXJ6Mf3egGea9EEfrM8iHCqEClI3_utYW6tX.jpg?quality=95&as=32x40,48x60,72x90,108x135,160x200,240x300,360x450,480x600,540x675,640x800,720x900,1080x1350&from=bu&cs=160x0",4
c0014020f6634d7b3a05c18207ced924.jpg,"https://sun9-72.userapi.com/s/v1/ig2/YjmZMnDUSiKDUDKkESpGRXasneI2ySI1MHztjuOlhaRcpLHSk-Jg9wKUa58gnRhRyDh_JFIKVguPK7T__BmM4mMh.jpg?quality=95&as=32x32,48x48,72x72,108x108,160x160,240x240,360x360,480x480,540x540,640x640,720x720,1080x1080,1200x1200&from=bu&cs=160x0",0
a9e2dee61ca853dbf7a17ce480d1d856.jpg,"https://sun9-63.userapi.com/s/v1/ig2/J45dmzQ3igW5ekDc5_-L5IWjFzSZd7pYEEcf4Uxcunt3Y5zUUma2MArJMyk-AJw2fwA2wLkP9HVe6YnWpnYm0zHw.jpg?quality=95&as=32x32,48x48,72x72,108x108,160x160,240x240,360x360,480x480,540x540,640x640,720x720,1080x1080,1200x1200&from=bu&cs=160x0",0
5a1a0c68671658a51b3fc5b467db8e4c.jpg,"https://sun9-30.userapi.com/s/v1/if2/Wi1yJqFkcvfMvYDYteFnJa9a4GM4YB-wYeIBM8adv7-qZaeSfITYB7u9lXiCTfMAdZg9JrMvlIAtlZnI6hW3H1aY.jpg?quality=95&as=32x24,48x36,72x55,108x82,160x122,240x182,360x274,480x365,521x396&from=bu&cs=160x0",3
98a21a3b1fd00edb91ed59f58acd2b5b.jpg,"https://sun1-29.userapi.com/s/v1/if2/yB7pCLdGP4PAsZ6M1k2iZPyLQzMvmzqNtc1aGsSvTH0M3-ljn4QzSj-dZ8C07ED40eOO8pQ3VMQSGkLPuhz_O4Zs.jpg?quality=95&as=32x21,48x32,72x48,108x72,160x107,240x160,360x240,480x320,540x360,640x427,720x480,1080x720,1280x853,1440x960,1536x1024&from=bu&cs=160x0",2
c5b451a7ec77e47d3d730374a7f40b39.jpg,"https://sun9-79.userapi.com/s/v1/if2/LdgTkquYmFfitJPkbQYiy3EkWJOhAIxWm7oMgpeFRUktgAckI4AjojSYC8SaDegD8B8q9IpALwuZc3Cnbrpo5BoW.jpg?quality=95&as=32x28,48x42,72x62,108x93,160x138,240x208,360x311,480x415,540x467,640x554,720x623,1080x934,1280x1107,1440x1246,1476x1277&from=bu&cs=160x0",1
44b4ec61d51fccba7c8cc1802e4ae9bb.jpg,"https://sun1-94.userapi.com/s/v1/ig2/85MiB7oOu0J2T61e1cqNi0-HXza3FeLjJr8KM0eKdyi9_71OFTecGewbWsRNO2prjOCkfUmKJWmN_hfF_LXRCZGK.jpg?quality=95&as=32x42,48x63,72x95,108x142,160x210,240x315,360x473,480x631,540x710,640x841,720x946,878x1154&from=bu&cs=160x0",6
4c7d78db8445b541b77ae441bd3d4ed4.jpg,"https://sun1-23.userapi.com/s/v1/if2/YGRwOjFZsohHHHVDfoyh3NQwSqadxY4bo8iXKzdlvJ2h6Nnq9Us5wwJ5TmIGFHUkzQvZc7iNHgPPRhTE4UqDSAcD.jpg?quality=95&as=32x22,48x33,72x49,108x73,160x109,240x163,360x245,480x326,540x367,640x435&from=bu&cs=160x0",5
fd687b7f75733916416d59809c5a4483.jpg,"https://sun9-36.userapi.com/s/v1/if2/1kIFTc0Xub4VGmPSBjKmg7QrskMNE342XmAwnt4Lp5XwgOJyu5fE_JWQ7RcfUhb5XBy_zRCIBDc0ppJdTyBBZcGD.jpg?quality=96&as=32x26,48x39,72x58,108x87,160x129,240x193,360x290,480x387,540x435,640x516,720x580,1080x870,1280x1032,1402x1130&from=bu&cs=160x0",6
31779487aa746e3ff897b0ff71d04fb9.jpg,"https://sun1-56.userapi.com/s/v1/ig2/7SEepQqrw8yJSwt8qRwjGCqwLU7BeYGt5tBz5L0xoZI1Y-GXDvi9y4yM8Y5ILudk1m6ItayjADlVdYGhNBWckDqJ.jpg?quality=95&as=32x34,48x51,72x77,108x115,160x171,240x256,360x384,480x512,540x575,640x682,720x767,1080x1151,1280x1364,1440x1535,1886x2010&from=bu&cs=160x0",4
8c520264abd6c5f4ad4426f7ffcd46f2.jpg,"https://sun9-51.userapi.com/s/v1/ig2/DkhaHAXIKm5Mlped3dkdILPPdVMW_Ju8FHEg5KlR0QK3SxmkiVh2PFfmHSFkAbwB74eFZjT-M1rMc98-7OAJI0vq.jpg?quality=95&as=32x32,48x48,72x72,108x108,160x160,240x240,360x360,480x480,540x540,640x640,720x720,1080x1080,1200x1200&from=bu&cs=160x0",0
756ac7024425cde334196aea6f83c4a7.jpg,"https://sun1-30.userapi.com/s/v1/ig2/5RCuug99GB3IN8UVAg9fFfpzqOFbHT-VE9g63qP_M7fVFp4Se3zf3vc63cksD3RZNOluNgrLG7Tjg7sjW2hyYnQD.jpg?quality=95&as=32x44,48x66,72x98,108x148,160x219,240x328,360x492,480x656,540x738,640x874,720x984,1024x1399&from=bu&cs=160x0",2
fd45ef05953a7833eed8fc06fe258edf.jpg,"https://sun9-18.userapi.com/s/v1/ig2/VzOdiJiX9vdI9LKRutbFnVzmJNYQkLSRh164KrUu496cYDdSiQG22ca8U5_I2VA4ZfEfgWxqo6DKNwbGk1GQS5Gh.jpg?quality=96&as=32x52,48x78,72x117,108x175,160x260,240x390,360x585,480x780,540x877,640x1040,720x1170,1080x1755&from=bu&cs=160x0",6
5b499b907f7d11e2e0bcb99c9992264e.jpg,"https://sun1-54.userapi.com/s/v1/ig2/vS6JfZe0A9Wl5RRD-Cv-Nen4aoADDT04bqpgO9ksQFWSkDo4etBYWAGaAKk5hlxs_XEgj9blLjQbH23pnGgFHz-7.jpg?quality=95&as=32x40,48x60,72x90,108x135,160x200,240x300,360x450,480x600,540x675,640x800,720x900,1080x1350&from=bu&cs=160x0",4
7a31764c361bfd80af7574c67ffec424.jpg,"https://sun9-10.userapi.com/s/v1/ig2/q8cg47pbFrsLMPSpEzfbBngpeabjmIgCT3tBZAb-wbbPpVY1cO2HOUCnYMRFzobp3HxbkSH8wl1soDJtGlKEsJEB.jpg?quality=95&as=32x32,48x48,72x72,108x108,160x160,240x240,360x360,480x480,540x540,564x564&from=bu&cs=160x0",3
ba300e80ac3d7f53a78089b53bb7d599.jpg,"https://sun9-9.userapi.com/s/v1/ig2/LLiiXyzeY2szbADm2KBbYSYmNXKUUfz_2AD5JGxBliwEq4UO5BjbGHiaM_YxLKFx5j2eVnw6qsEpb3m836aVnAcW.jpg?quality=95&as=32x48,48x72,72x108,108x162,160x240,240x360,360x540,480x720,540x810,640x960,720x1080,1080x1620,1280x1920,1440x2160,1707x2560&from=bu&cs=160x0",0
9ff8b496426df8f8237e8ee9ec728a35.jpg,"https://sun9-66.userapi.com/s/v1/ig2/vDFeCIfJfqBzacXbi66BZzSlzv2Raoo-8wfX94RWNCy-Xz_w57_pt5Ik3tvwpwzG2T7T_17Yx93YsPoZnSW0q-d2.jpg?quality=96&as=32x45,48x68,72x102,108x154,160x227,240x341,360x512,480x682,540x768,640x910,714x1015&from=bu&cs=160x0",6
7b932ffa76f8b1d076e4a99ae780d1f7.jpg,"https://sun9-68.userapi.com/s/v1/if2/NJ_v83pTvhidwYn63ruMNVh3m_8zI2NwKrjgcU437u5z_oLzsTpsviuLwQ9dWUY23d8EIRzvdci5zOCTskNCRVG6.jpg?quality=95&as=32x22,48x33,72x49,108x74,160x110,240x165,360x247,480x329,540x370,640x439,720x494&from=bu&cs=160x0",3
f0a018d36fcf17e03a4ed5f55c1d03f6.jpg,"https://sun1-56.userapi.com/s/v1/ig2/fsj-tZNiz1b_n-Fq94jdzKbdyu8KzYTLcJCqIFyVERv7EIRMNNaEzWCU-JIGorQ2QRAMKFeDvmcDJ7MEN8MrvzfK.jpg?quality=95&as=32x32,48x48,72x72,108x108,160x160,240x240,360x360,480x480,540x540,640x640,720x720,1080x1080,1280x1280&from=bu&cs=160x0",4
f91e9f5c1fd9e286a5bb80b712e54b9d.jpg,"https://sun1-87.userapi.com/s/v1/ig2/UCprcMpK4cS6IS7OP_tWDomXj5VZNHeX8WrRDBFIzwfnlLvClnxrs07isBmtofpPIwuBy9nqWkn2xvEfjbbd7dZJ.jpg?quality=95&as=32x55,48x83,72x124,108x186,160x276,240x414,360x620,480x827,540x931,640x1103,720x1241,1024x1765&from=bu&cs=160x0",2
4f6d254cf9f7bad91f26d9c01afaf398.jpg,"https://sun1-89.userapi.com/s/v1/if2/x0M94qLm2qKdLseXvDpPE1bCjHBWQM9w647v14oKYWOw7NH2HEhFfcvPjwQUlJ322CF7bYNQPq_KqfK0xNqwwFar.jpg?quality=95&as=32x24,48x37,72x55,108x82,160x122,240x183,360x275,480x366,540x412,640x489,720x550,1080x824,1200x916&from=bu&cs=160x0",5
52e569b89298de92e356a26445666300.jpg,"https://sun1-20.userapi.com/s/v1/ig2/LL9CFx6oULBhk02Jkh6F9ztqYdCQrdc9k2xoubVNr43yrg39we-cWpQeQU5m75ROVgQ0991-fGnD31ezyAZXjl_F.jpg?quality=95&as=32x40,48x60,72x90,108x135,160x200,240x300,360x450,480x600,540x675,640x800,720x900,1024x1280&from=bu&cs=160x0",2
370e6a9857fac52a7f39c68621ed4953.jpg,"https://sun1-98.userapi.com/s/v1/ig2/49K0sF4rvhTI2bI4kHWjjyitepcUWwMiR-C6tuzsYLOa-N9cIxmWyWE-no_I7OfEkt1zXLUr3PlQRgXsiaVKuYOl.jpg?quality=95&as=32x32,48x48,72x72,108x108,160x160,240x240,360x360,480x480,540x540,640x640,720x720,1080x1080&from=bu&cs=160x0",5
9fc3bc67bf47c903e5793bf9c4ed4530.jpg,"https://sun9-74.userapi.com/s/v1/ig2/lTP-D8lI-ZnnKk65HefDQcQDIA9jTBDC4ztWK2BWPDonGRnwsuXDrsw03CZfM5D_KBHor9fvYks6NhUA9C9szZPw.jpg?quality=95&as=32x32,48x48,72x72,108x108,160x160,240x240,360x360,480x480,540x540,603x603&from=bu&cs=160x0",3
ddc43a1d9afaca609b2b66397cfa2d7b.jpg,"https://sun9-78.userapi.com/s/v1/if2/RcaGDXBCQ6WicWWpruV5mJZLxTT-4PUjileWsDJaZn0sgktqmM17pjPZxxmd8KCHYBUhdI3K01W76PW1EHIdfyCz.jpg?quality=95&as=32x28,48x42,72x63,108x94,160x140,240x210,360x315,480x419,540x472,640x559,720x629,1080x944,1280x1119,1440x1258,1467x1282&from=bu&cs=160x0",1
97010af0a52c5730ad21c7a9046f868c.jpg,"https://sun9-77.userapi.com/s/v1/if2/Sj_AuzdCEfanjcK-orug04PKiq_N35AjSgMcyOpBW0nA8Dv3dD3aeD4vEza7-Xr7T74LGSfp-cBbDRn51udc_VR5.jpg?quality=95&as=32x18,48x27,72x40,108x61,160x90,240x135,360x202,480x270,540x304,640x360,720x405,1080x607,1200x675&from=bu&cs=160x0",1
ba3034165721ec1a6a7852558a736495.jpg,"https://sun1-57.userapi.com/s/v1/if2/B6ZEMoWu3NWSZiUM5jM4gW17OZ31loV12ViRJs-syiHo_7WZr7E4ati0uU6ft6rFDq4_BNWbg5z488CsKDbBQQvm.jpg?quality=95&as=32x18,48x27,72x40,108x61,160x90,240x135,360x202,480x270,540x304,640x360,720x405,1080x607,1280x720&from=bu&cs=160x0",5
49e56289d18bff376100de054a4f7c7e.jpg,"https://sun1-47.userapi.com/s/v1/ig2/EQXOzXQgsmrDYrPzu5322pVuqnIfFYc3lTxX131HkmD5xIwtQ8iiCS9TNOjiO2NfuA0PLxtCfAMiGbODTY7i7Xxo.jpg?quality=95&as=32x32,48x48,72x72,108x108,160x160,240x240,360x360,480x480,540x540,640x640,720x720,1080x1080,1280x1280,1440x1440,1500x1500&from=bu&cs=160x0",5
35d9c28c2f5c29507042d415f8c3b331.jpg,"https://sun1-91.userapi.com/s/v1/ig2/0tzQs0bk0SeqIEdcRFFG4hSt93UqF4pbbbKtJi9Moj4ayzcSpDri2Am_xVnSUipUBiv4cpz2OX6TS1hrY8CKs7cW.jpg?quality=95&as=32x35,48x52,72x78,108x117,160x173,240x260,360x390,480x519,540x584,640x693,720x779,1080x1169,1280x1385,1440x1558,1948x2108&from=bu&cs=160x0",2
12e5a1056cde522280be0cea5c0a9fa4.jpg,"https://sun1-23.userapi.com/s/v1/ig2/RBrddk_RGSCDIj2W-Ga4pDzJSOdNTiId5ayUhblQXDDkjPGre9BVwUc1DPIywP7oknhaocxn7SnA8NcjP-ip5EhX.jpg?quality=95&as=32x34,48x52,72x77,108x116,160x172,240x258,360x387,480x516,540x581,640x688,720x774,1024x1101&from=bu&cs=160x0",2
9e3f3055a4b97e6a5d849865dee6e74e.jpg,"https://sun9-69.userapi.com/s/v1/ig2/izGwYmh_cdWKMfZwVyfV4UjEPZGoFn3cDP60e5sbbIpchZQOH2Lmsn5KglVYmplO2_4tTMDZGMoeqv-qRiWNy4-L.jpg?quality=95&as=32x38,48x57,72x85,108x128,160x190,240x285,360x427,480x569,540x641,640x759,720x854,1080x1281,1280x1518,1440x1708,2158x2560&from=bu&cs=160x0",6
4edef6c5cce3f16e2ab38eb7ebb6a6b2.jpg,"https://sun1-89.userapi.com/s/v1/ig2/GcMq0I0G6p-Ef35p7JbmtLwzOfyWEV1eB_h2nuqiIguTmIFxPQeQBzJJMGSn0h5uf1DBqrOT7LAsnLGLmQNwcB5E.jpg?quality=95&as=32x32,48x48,72x72,108x108,160x160,240x240,360x360,480x480,540x540,640x640,720x720,1080x1080,1280x1280,1440x1440,1500x1500&from=bu&cs=160x0",5
532ced361b9f9bb1b019bd9a4069a9fb.jpg,"https://sun1-88.userapi.com/s/v1/if2/NqGCwxm9PnLA9uPypspLqWOyM24PBCBJh83Upzs6jw3Oo-KOtTiqa_1rM01rzoHrqlmJoYlq4Zzoj88XQcBsJ93D.jpg?quality=95&as=32x21,48x32,72x48,108x72,160x107,240x160,360x240,480x320,540x360,640x427,720x480,1080x720,1280x853,1440x960,1536x1024&from=bu&cs=160x0",2
96dd614847e2929b25e010e466416c4d.jpg,"https://sun9-20.userapi.com/s/v1/if2/r7KAQtQmvgEiUUZbS9ygUgQQzPEbK11CsRKO3uUa1_pdr_J_mm30ia-JCYAYMTPqv3BxCiY8B9Ppxu7o7NtaBTxB.jpg?quality=96&as=32x31,48x46,72x69,108x104,160x154,240x231,360x347,480x462,540x520,640x616,720x693,1080x1040,1186x1142&from=bu&cs=160x0",6
c85237bf0c541ba27dee9d89d2e0ecb1.jpg,"https://sun1-14.userapi.com/s/v1/ig2/hZF8t0TRiAmQ4guGdtHS9M1QCb6wq7jFM3Odk-CoflRa14c_wwaUbUEMCo-cyvF5FLCOlDVkvPUxkIrAYIY_3-Qy.jpg?quality=95&as=32x48,48x72,72x108,108x162,160x240,240x360,360x540,480x720,540x810,640x960,720x1080,853x1280&from=bu&cs=160x0",2
24a01f6df29c9748a740baab84e108d9.jpg,"https://sun1-88.userapi.com/s/v1/if2/7EuHAbMBBF-Aznu6ZevEFMWxhFffNxJqY9D8T-hBuVf0Mf0w9gl2XqpDefVz7Om4OdCOPI7SG0AGDdGAA2gcxUQs.jpg?quality=95&as=32x24,48x36,72x54,108x81,160x120,240x180,360x270,480x360,540x405,640x480,720x540,1080x810,1280x960&from=bu&cs=160x0",2
bcf0311e2ac6322cc54267373aa5027f.jpg,"https://sun1-25.userapi.com/s/v1/ig2/Zqiz_anPKqfXFthfG8cUq1Zsj9-QV8xlmO1285pm2ndUV1x42XJP0S7zQcJTy0guZ9J06nodgBYIi5EOAxGpzk_x.jpg?quality=95&as=32x41,48x61,72x91,108x137,160x203,240x304,360x456,480x608,540x684,640x811,720x912,1080x1369,1280x1622&from=bu&cs=160x0",4
21a5edba8352e15a22bd96ea0dc84f3f.jpg,"https://sun1-47.userapi.com/s/v1/ig2/QelDFiYqaZwV1qQ9-bwDo4MpoCAj8caLBy19TShahA5khQSUsOoFE-yaVxmwhwAQFOZ31ge8eAF88GR0LemarkTy.jpg?quality=95&as=32x32,48x48,72x72,108x108,160x160,240x240,360x360,480x480,540x540,640x640,720x720,1080x1080&from=bu&cs=160x0",2
93b3d3b05e05a9133a9ba8d3b02cb068.jpg,"https://sun1-54.userapi.com/s/v1/ig2/cNY_WZPvtsSNiIySXtDq_lqe27oaJBMHNdwHRJHCTsoErELiak3s9fT7QbI2QmSfxQCJXDMj-zL_W0aQYqtbBfop.jpg?quality=95&as=32x48,48x72,72x108,108x162,160x240,240x360,360x540,480x720,540x810,640x960,720x1080,1024x1536&from=bu&cs=160x0",2
b8949a3212423fe94a46785a733ecd4b.jpg,"https://sun1-84.userapi.com/s/v1/ig2/C93MNc6VTgBT89GQwKd5t_wYFXnlOxP6wlR7fFlqLlRXY0pC8rgxmJYGhaj7bPi520rv62Dy19lquTZqjsq6uoVY.jpg?quality=95&as=32x43,48x64,72x96,108x144,160x213,240x320,360x480,480x640,540x720,640x853,720x960,960x1280&from=bu&cs=160x0",5
924a5480c6029b767cf86fa5e2134796.jpg,"https://sun9-38.userapi.com/s/v1/if2/sxYWn105zxqCpr4uN_UrNV-ABZUz36Lmb0HLLYKXiFd-uf3B_Q-KKw7Ju2_JIaW5lnId_O6_BXexxjs_stgkhCRS.jpg?quality=95&as=32x21,48x32,72x48,108x72,160x107,240x160,360x240,480x320,540x360,640x427,720x480,1080x720,1280x853,1440x960,2560x1707&from=bu&cs=160x0",0
69a6e5f2123eceea24cdef96ff617581.jpg,"https://sun1-30.userapi.com/s/v1/if2/oCB883dt7FmzNrhahl0HnfDxvz_2TQOkWic9owk_L92EYxiTAFGkqzaNV-NZXS47urzHcGmP4kNHgKEPQsmPBpBl.jpg?quality=95&as=32x21,48x32,72x48,108x72,160x107,240x160,360x240,480x320,540x360,640x427,720x480,1080x720,1280x853,1440x960,1536x1024&from=bu&cs=160x0",2
8ca90022542029f0de54bbe69642b904.jpg,"https://sun9-80.userapi.com/s/v1/ig2/1AAcaaARQQJhoRqh6WVNlVmbb6rLiUQurU05-6FxKCU-225qDb7JO66Lz71Osdv6RinmHv22kBgW5Dy8FYNr79E5.jpg?quality=95&as=32x32,48x48,72x72,108x108,160x160,240x240,360x360,480x480,540x540,640x640,720x720,1080x1080,1200x1200&from=bu&cs=160x0",0
4959c18ab833f51f84148693064a6a0a.jpg,"https://sun9-40.userapi.com/s/v1/if2/FiwE74aDVQ94mRqoITqrBoIljbwQ0eTh71bVDKFwZ95ur7MAXUK6N3dSBA9V74cg4ktUJrlAYOySXAmzd8VYT8IG.jpg?quality=96&as=32x29,48x44,72x66,108x99,160x147,240x220,360x330,480x440,540x495,640x587,720x660,1080x990,1252x1148&from=bu&cs=160x0",6
a21679c276e8cc9a22b0e0039581f418.jpg,"https://sun9-19.userapi.com/s/v1/if2/B3XW0tlA67Hcy0M8GaF4biR35D8wk5IwzFB0MD1W93zNJ-UJCEv72Fz0-WdtqyANSvlnm9YOmCJuyvexldgEPfDL.jpg?quality=96&as=32x25,48x37,72x56,108x84,160x124,240x186,360x279,480x371,540x418,640x495,720x557,1080x836,1280x990,1406x1088&from=bu&cs=160x0",6
d8df0037a3beb1ea6b156ab05aa337b1.jpg,"https://sun9-61.userapi.com/s/v1/ig2/5I9uppW8gu4edgs43oE95Vyj4dcvBmmi8nTSQszNxRe_gTCAwYKkluGrkXrDqjpNQQ9W3YpdGnyjOuVdM1MAH0ec.jpg?quality=95&as=32x32,48x48,72x72,108x108,160x160,240x240,360x360,480x480,540x540,640x640,720x720,1024x1024&from=bu&cs=160x0",1
4ae7aff414e239d715212ebc2c7b3e24.jpg,"https://sun9-78.userapi.com/s/v1/ig2/8MSAL1rUydB3gHiE29pdwmpTg1v3i0GCYHABFOOMLYBy4VEWbzfFXiLdxrmx-_IoKtfeYUUGpv_MQWOh27YGxLtl.jpg?quality=96&as=32x57,48x85,72x128,108x192,160x284,240x427,360x640,480x853,540x960,640x1138,720x1280&from=bu&cs=160x0",6
22436f3fc3bd42f95a4c012dbd48bc61.jpg,"https://sun1-96.userapi.com/s/v1/ig2/a5hyNSh4q4_qSsNHCMGgc-3xZY2zEKMoLuSNFd_BjeM44Csz1wLxrfSigmmf8u81y_pXmAo01gQB7ck98AFEWfrX.jpg?quality=95&as=32x32,48x48,72x72,108x108,160x160,240x240,360x360,480x480,540x540,640x640,720x720,1000x1000&from=bu&cs=160x0",5
43a2b72e41217f25b5da3ac35a0278bb.jpg,"https://sun9-52.userapi.com/s/v1/ig2/U1cp35wd1wrNyBdVZaYTLks1EwDTw_0w_-U4fI_agP4vlekjU38fU4o5rXGw5N0FL9FMHXII1Ue3CbImhK4OjNZz.jpg?quality=96&as=32x39,48x58,72x88,108x131,160x195,240x292,360x438,480x584,540x657,640x779,720x876,1080x1314&from=bu&cs=160x0",6
6581d174a21ce67746b59d626bd57c55.jpg,"https://sun9-48.userapi.com/s/v1/ig2/NwwtNCXzkGxtNTPyE_TkW1Mrx7tMPy9Eh2PqRcAcfhzuZjFdsWc0qoQ_noOGa1TNhvoR-dTlukyr-SvdRnE0ZggY.jpg?quality=95&as=32x36,48x54,72x81,108x121,160x179,240x269,360x404,428x480&from=bu&cs=160x0",3
02cb448531658c7799ff2956b5a9e18e.jpg,"https://sun9-7.userapi.com/s/v1/ig2/oXab6nNqHixybftT6n7BqMZKf8P_kbd8DwAjJdE10PWSonlmZ1vs-Tb5b-c2zizWrrWXgEtQabzDV3pvagKmljdL.jpg?quality=95&as=32x32,48x48,72x72,108x107,160x159,240x238,302x300&from=bu&cs=160x0",3
7e89d28f8c6c8aaddbe93116b8456788.jpg,"https://sun1-23.userapi.com/s/v1/ig2/pQEpF5ozeEI0kb8altl57vVVJ3yEKjMXEyCOhmQ2ddvTeDXJDEc7DL0BZHXNi63wVSOZlYfXWXPfMWn4QDx_Is3d.jpg?quality=95&as=32x40,48x60,72x91,108x136,160x201,240x302,360x453,480x604,540x679,640x805,720x906,1024x1288&from=bu&cs=160x0",2
718d92fd65006c6b95843b1aecf638c0.jpg,"https://sun1-97.userapi.com/s/v1/ig2/EzLpd_XEf7aLd02GuPfZwgUSR-7eh5oBuACFRQWQ4dxlmZh5m5rSQWDpZ401dxiYXmFD3zsWjwu-dqnuedw-eQ6E.jpg?quality=95&as=32x40,48x60,72x90,108x135,160x200,240x300,360x450,480x600,540x675,640x800,720x900,1080x1350&from=bu&cs=160x0",4
9745bd188de94d00e9bcec061de1acdb.jpg,"https://sun9-64.userapi.com/s/v1/if2/-yxiyaPbWA_8Kzh4MF96iYcXMpBCDZugt1rvK7cDbmHCYuN_xpE8xJumPIjLPhPjpM8Rmcn1HoCYrSAdLn2jPfX4.jpg?quality=96&as=32x31,48x46,72x69,108x104,160x154,240x231,360x346,480x462,540x520,640x616,720x693,1080x1040,1174x1130&from=bu&cs=160x0",6
d9aa8514de498dfbd465c930f4723b33.jpg,"https://sun1-93.userapi.com/s/v1/if2/izWcdrXmMbULO8-OP5qj-EN9Vt_3OsUUa5zcsbew4lFV4k3rbdZUwG6GSZQWc4ViOpDQJ5xA34A9Obf7SoMqBMAt.jpg?quality=96&as=32x19,48x29,72x43,108x65,160x96,240x144,360x215,480x287,540x323,640x383,720x431,1076x644&from=bu&cs=160x0",6
842750d7f8d83e351879c6e5debce6b6.jpg,"https://sun9-64.userapi.com/s/v1/if2/hrpXkSynquSOMZmFdhA47UiZa4JOnEy1hqdm30MJd0DBgj2ms4WtZzQyj9AD9FkvGrrFKU7KsrLVtjLzRW5WXqrf.jpg?quality=96&as=32x28,48x42,72x64,108x96,160x142,240x213,360x319,480x425,540x478,640x567,720x638,786x696&from=bu&cs=160x0",6
d3cce1f0e71c89ded5723e1f0b7905d9.jpg,"https://sun9-61.userapi.com/s/v1/if2/EAo_O_9N4CB3tOz1kZvXoBRA_zbrx8KWlLmsEOyEeQt4mXsmH9McC2MIbkNt6f3h11jOPri4iC_qPz0VHk4oe9Je.jpg?quality=95&as=32x24,48x36,72x54,108x81,160x120,240x180,360x270,480x360,540x405,640x480,720x540,1080x811,1199x900&from=bu&cs=160x0",1
72ab81842c091ca5dbcb74974f9fe7bf.jpg,"https://sun9-46.userapi.com/s/v1/if2/92Ujzg5SBjJK2oahrY2dKRemLNMAPKm6xy2c9OK45F6YBKFqBcKgt1g2YDlZXGxYSp9WllxTWswj0JaYr1ojKw5d.jpg?quality=95&as=32x26,48x40,72x59,108x89,160x132,240x198,360x297,480x395,540x445,640x527,670x552&from=bu&cs=160x0",1
e298b392038b4e187b3b1d4faf3f9fc7.jpg,"https://sun1-15.userapi.com/s/v1/ig2/AnrTq9dK6CIJIanFE7ydoDNg29-CjRE-gay3SE2iKfchlfaz6ghCCp7O4qEWwBfCY3QX8plMGP5WkUhuNEqYElUJ.jpg?quality=95&as=32x42,48x63,72x94,108x141,160x209,240x314,360x471,480x628,540x706,640x837,720x941,872x1140&from=bu&cs=160x0",6
6affaf0eb20a92c658a9c8235d1ff8df.jpg,"https://sun1-13.userapi.com/s/v1/ig2/TliEAjaVyRAyVl6kMHZ0q0yMwABBpW2zTyTvhn8-_lFLf4wS7cfO6NDdEqZmpUa7KDndCtdG99wCvSTwrWEY9_gX.jpg?quality=95&as=32x32,48x48,72x72,108x108,160x160,240x240,360x360,480x480,540x540,640x640,720x720,1080x1080,1280x1280,1400x1400&from=bu&cs=160x0",4
e0c1a6339e9a9db27fd1a4d872108518.jpg,"https://sun9-83.userapi.com/s/v1/ig2/DhQkOqeFNMITWDn-NHbEJH0U4baK1_G6Jpa13sT0Ck_Lq3QkaxtiWKQpUucsFfsnptIl53codukVC7zXUNpGnhsa.jpg?quality=96&as=32x47,48x70,72x105,108x157,160x233,240x349,360x524,480x699,540x786,606x882&from=bu&cs=160x0",6
daf2c73b110cd6ca11d17becea07fc12.jpg,"https://sun9-81.userapi.com/s/v1/ig2/61eIz1lgaclWixa9_Ga7hDYXDO8DyTPfFP5qS5wBAubMIiRSlMKdI_oRMiXbF3Z56t1W0pDCBS7mIZrFWWEzEksg.jpg?quality=95&as=32x32,48x48,72x72,108x109,160x161,240x241,360x362,480x483,540x543,640x644,720x724,1080x1086,1089x1095&from=bu&cs=160x0",1
8a449617fe00afa4b6cc8e640aeea29b.jpg,"https://sun1-85.userapi.com/s/v1/ig2/d8BpWBxe2PJbIhJy3gG1sW4ciJKGcTpKbz8X9epIjxMdhVWcGEFi-os3yl5Uf7eOYkUktrYeTA5UpqDIH3u2A4OC.jpg?quality=95&as=32x43,48x65,72x97,108x146,160x216,240x324,360x485,480x647,540x728,640x863,720x971,815x1099&from=bu&cs=160x0",5
09d703d3936b31a1d6123ec8c40b20e2.jpg,"https://sun9-17.userapi.com/s/v1/ig2/yHarf1CIJ1oHtqSOEuwO-Tho06-vombtihtpjnRR9RUgZ01hxZOUI3Xlnw6QrX0K2W7sbp4uzuBns7TPuEG5Cxz-.jpg?quality=95&as=32x34,48x51,72x76,108x114,160x168,240x253,360x379,480x505,540x569,640x674,720x758,830x874&from=bu&cs=160x0",3
266f508844d67d11cd3767faf6e115d3.jpg,"https://sun1-89.userapi.com/s/v1/ig2/xBN4Kiqm6wyCPU7xhRSXdsES5X65GrzWGwTKtRcXKWnN665oAYdp45TMMLnbtFEQ2WJNDcFdDIsftyAHwaI7FDL_.jpg?quality=95&as=32x32,48x48,72x72,108x107,160x159,240x239,360x358,480x477,540x537,640x637,720x716,736x732&from=bu&cs=160x0",2
de30ccc948d05d852f0324eb75c662b2.jpg,"https://sun1-87.userapi.com/s/v1/ig2/vCV-q6qoptbxjlUM8t9-VPypTsW2-OsHBS6uTcvRWo5hy0LDTSITNjJUnSur8JA695bHhj7ZTF9_r52XTBlfBr2H.jpg?quality=95&as=32x48,48x72,72x108,108x162,160x240,240x360,360x540,480x720,540x810,640x960,720x1080,1024x1536&from=bu&cs=160x0",2
c4d6159e4304d15cc9ab7073056c15b3.jpg,"https://sun1-19.userapi.com/s/v1/ig2/tTbxeMHrfK-mvtWwlcYQjEAkhpMaqtk8R7RXyyEeNUJGyppQuqGjXaibmBek_5qq3gyXw1iH7PXwypmVCmk3gXfP.jpg?quality=95&as=32x32,48x48,72x72,108x108,160x160,240x240,360x360,480x480,540x540,640x640,720x720,1080x1080,1280x1280&from=bu&cs=160x0",4
32863f29883d3f9467528a5b0a86d222.jpg,"https://sun1-47.userapi.com/s/v1/if2/57dDXghxgbNWyJZJ1CUtGsfMbBUZHEJjJkrVxTqXiWWgWfh_ZmgIXf4VAu2zvzxO8XLlm69w3RScZ9nw7EhoJPPn.jpg?quality=95&as=32x29,48x44,72x66,108x98,160x146,240x219,360x328,480x438,540x492,640x584,720x657,1080x985,1180x1076&from=bu&cs=160x0",4
81f9afd80579cad081c707f2d1dfe808.jpg,"https://sun1-21.userapi.com/s/v1/ig2/GlVaSqFB91APf5QslcESzVukCSPR_tLRki1n7lVDk2jcAqOQptEbpb9YgXI-hXfOaM5EnYwOBRdXJQYPaZ6jHMl_.jpg?quality=95&as=32x40,48x60,72x90,108x135,160x200,240x300,360x450,480x600,540x675,640x800,720x900,1080x1350&from=bu&cs=160x0",4
ad7c2a2eacd2cf31ed2945d7805a7f15.jpg,"https://sun9-78.userapi.com/s/v1/ig2/pW6kmHmrsAS6MD1t9RSkHdLoijau3mZDqy2NNDhSoLUpkLYsejPZ1flUxbwp63ycwlxd3HYO-dxZirC4zu0U4sCU.jpg?quality=95&as=32x32,48x48,72x72,108x109,160x161,240x241,360x362,480x483,540x543,640x644,720x724,830x835&from=bu&cs=160x0",3
aec3baf1bc907f67fa58d457beb58573.jpg,"https://sun1-20.userapi.com/s/v1/ig2/7Wwew0JzLSjV3stGv92WtS3XogrQ2PqiiTsdYQHUQ5NkuU2chZqi0QnqL7SfizkjshofEtoBFN2MHsWZ5NqSLrma.jpg?quality=95&as=32x48,48x72,72x108,108x162,160x240,240x360,360x540,480x720,540x810,640x960,720x1080,1024x1536&from=bu&cs=160x0",2
6ececf2c0fcb4125ce124f14e96406d5.jpg,"https://sun1-96.userapi.com/s/v1/ig2/4N5n-IDaO3YJChxdsNn4WE2ReOqStJYZActC60KQQ0MvREknkALRfmgW2lu2joGg5WI-ooSdWZ2U0Tpef4SWIeZW.jpg?quality=95&as=32x48,48x72,72x108,108x162,160x240,240x360,360x540,480x720,540x810,640x960,720x1080,1024x1536&from=bu&cs=160x0",2
93da1d808752de5a50523f11817cd538.jpg,"https://sun1-93.userapi.com/s/v1/ig2/CSidwNGEbmy1UxUELZaGTceq70NE0ttpPAQuyJP8nylLRMS7HXSnQbKax3qBucSIcwXW7ARIGjoXmJlQ-crRzzrf.jpg?quality=95&as=32x40,48x60,72x90,108x135,160x200,240x300,360x450,480x600,540x675,640x800,720x900,1080x1350,1280x1600,1440x1800,1920x2400&from=bu&cs=160x0",5
811a8165dfcff9dca1db6c1c7b9593f0.jpg,"https://sun9-27.userapi.com/s/v1/ig2/w9T3bDlzNxgJeODhfNXKlYxOPYfKgZy7e3x5kUtC8XvcJEvkHNTBXtW15gAnMER9ub3uL9cBFLTcSoHYjmwkCwwa.jpg?quality=96&as=32x32,48x48,72x72,108x108,160x160,240x240,360x360,480x480,540x540,640x640,720x720,1080x1080,1132x1132&from=bu&cs=160x0",6
db71a83329739a0e74d245e24d4e3a6f.jpg,"https://sun1-87.userapi.com/s/v1/ig2/L1414ACbAQ4v_sTJz-4J5DwwlFbxo1krvBAnmETaPHSaUBxWhBnD44crmvvj-xWHGLU6nmeVd7xK8XqWo7lLVhI_.jpg?quality=95&as=32x32,48x48,72x72,108x108,160x160,240x240,360x360,480x480,500x500&from=bu&cs=160x0",5
7a982a1f74f91aa6322ca7497c3ea4bb.jpg,"https://sun1-85.userapi.com/s/v1/ig2/VzsRyqk0imij9DAdDGGL67HqxD8hRojkmrKZR75RrI5qf67OTQOVnDCd0KGthIWa2TEgiXe6SLvq6UrZg-APzq9D.jpg?quality=95&as=32x38,48x56,72x84,108x127,160x188,240x281,360x422,480x563,540x633,640x751,720x844,1080x1267,1280x1501,1320x1548&from=bu&cs=160x0",6
cf18d23267307fd88ca538feb4f90cfc.jpg,"https://sun1-23.userapi.com/s/v1/ig2/I_Hwshfp8Z2PFwtojzZEOuISyFJhE9dzS91A-yx9FaKi2oSFB0ELuqsHhp9w6DOMD2ahqapFlQZaQMMlSII0ZkCM.jpg?quality=95&as=32x43,48x64,72x96,108x144,160x213,240x320,360x480,480x640,540x720,640x853,720x960,960x1280&from=bu&cs=160x0",5
e9ac87cc24ff2a08a8150cbf524cc7f1.jpg,"https://sun1-57.userapi.com/s/v1/ig2/0gLimRJlLoD1izmo04DA286vc1EQrrlOGeX8mcZ8i6_BzgCs4LjC72GctRK8HewP-D7EjNxbUxzGy_0FHtk4g69Z.jpg?quality=95&as=32x32,48x48,72x72,108x108,160x160,240x240,360x360,480x480,540x540,640x640,720x720,1080x1080&from=bu&cs=160x0",5
747df303ea0de0573b89d7e4c9538762.jpg,"https://sun9-20.userapi.com/s/v1/if2/5zQO95vyUipJ_s-u_8Hkii2vwWYnD4oVZgfuodj10Svc3B3Ow16lOyU4frM3lYHEWMpbFy8qDv5Y1poqzCSqsSa8.jpg?quality=95&as=32x24,48x35,72x53,108x80,160x118,240x177,360x266,480x354,540x398,640x472,720x531,1080x797,1086x801&from=bu&cs=160x0",1
d6f65b5cfe24288c5e4549de7fb43ea6.jpg,"https://sun9-5.userapi.com/s/v1/ig2/XU7BB5jdhLzNuOTV8nmZn-1GinaCNbhAgFHZy2dQq_LfQLf4LSl19SbtE9VOHzc7MFS0ayTClgHXKuU4IdRKoecW.jpg?quality=96&as=32x39,48x59,72x88,108x132,160x196,240x294,360x441,440x539&from=bu&cs=160x0",6
5be4664313383f94f38cd1881124cda0.jpg,"https://sun9-80.userapi.com/s/v1/if2/_c9I443p4FIHZ9s9ZVV8NREpCYv8M91FBO0cEHEnYetAQaP3BJtFV6I_PHCxi9m6IbA8m5ivClDZ31V5pUqsFEVX.jpg?quality=96&as=32x31,48x47,72x70,108x106,160x157,240x235,360x353,480x470,540x529,640x627,720x705,1080x1058,1158x1134&from=bu&cs=160x0",6
c74b15fa12f0cec56136011977d98c17.jpg,"https://sun9-50.userapi.com/s/v1/ig2/oPRqAh12jMxiWnX9PQhYFrMcm_3uUpfEQtJ9kgzoSganJDZQMM2jb68r5C3P1t4s_WFXPusxVLjKT1iivXxRwnam.jpg?quality=95&as=32x32,48x48,72x72,108x108,160x160,240x240,360x360,480x480,540x540,640x640,720x720,1080x1080,1200x1200&from=bu&cs=160x0",0
be1a8e2074d2c2d7d34c3088e29ac3b9.jpg,"https://sun9-88.userapi.com/s/v1/ig2/Jqp6vbR6IfW-XrZgX3dWEV4tOgkjJxzXXubK2fBc_8d7PZIdF3CfyGqJKiaX9smpfJTGy0JJI5B___s-JZrdDWcB.jpg?quality=95&as=32x32,48x48,72x72,108x108,160x160,240x240,360x360,480x480,540x540,640x640,720x720,1080x1080,1200x1200&from=bu&cs=160x0",0
d71c8b4d26d09bd1f6d4a3d38f8bf476.jpg,"https://sun1-96.userapi.com/s/v1/ig2/5EmGUNTS6-l0B0_F3i-fnCHGwQWhzF68siknSq65wLuf4zqSHHuJsriiOC030V759WiV65jT9cnQy6wizOk2hc1g.jpg?quality=95&as=32x48,48x72,72x108,108x162,160x240,240x360,360x540,480x720,540x810,640x960,720x1080,1024x1536&from=bu&cs=160x0",2
39e7c267f5a406df63f37b73f9821095.jpg,"https://sun1-22.userapi.com/s/v1/ig2/giZFQogM6YreGD2i-JYOSkSoxw4Xp7lqgND6oanZKq8GNil2IwBivPKWvh8hMX5fiC5zcfmO8loFqWyILqlf9qOV.jpg?quality=95&as=32x32,48x48,72x72,108x108,160x160,240x240,360x360,480x480,540x540,640x640,720x720,1080x1080,1280x1280,1400x1400&from=bu&cs=160x0",4
5d14ee98e03d61d74990f1873250604b.jpg,"https://sun1-91.userapi.com/s/v1/if2/NKLFB7zQGIyB2_7UADVXFKn9TM3s4GHhhJvAJJ_fwU7ODIkav2Hmn9JswHgGg2aX2wFSxdbaUeqP0p3mw7XEMhP8.jpg?quality=95&as=32x25,48x38,72x56,108x84,160x125,240x188,360x281,480x375,540x422,640x500,720x563,1080x844,1280x1000,1440x1125,2000x1563&from=bu&cs=160x0",2
fe3c6a57bf5469187244b4a829878306.jpg,"https://sun9-39.userapi.com/s/v1/if2/yOPvJaQfYTXo3RC-nDwG2JGialY1LjhGy6StFmVvmCmGdxfNl1nIcavPblMLbrXpWSM8pSBdP3e0UpIZOToJJcHr.jpg?quality=95&as=32x28,48x41,72x62,108x93,160x138,240x207,360x310,480x413,540x465,640x551,720x620,1080x930,1280x1102,1440x1240,1488x1281&from=bu&cs=160x0",1
a755eef72a9dbe56f3c8d77b9670bea5.jpg,"https://sun1-92.userapi.com/s/v1/if2/bVEr1OgJaSnzJtFnxrmlGz9i_8o8lpLrAtk7MfzDgFF53gWXN6YnVetN41pfnOY-oVc5zCP3QrAGnV8FBycJu3Pu.jpg?quality=95&as=32x18,48x26,72x40,108x59,160x88,240x132,360x198,480x264,540x297,640x352,720x396,1000x550&from=bu&cs=160x0",2
66dfcda8a607c0ffd25da452bf486e4e.jpg,"https://sun9-86.userapi.com/s/v1/if2/TYJZzQqbt4wAyFxai-pOTJSL_TjFkpdaS70P7R7F1V7IoKVuZyBJCkL18zerhR7SBtBU73vTiNx_mcTbFqxGadc_.jpg?quality=96&as=32x21,48x32,72x47,108x71,160x105,240x158,360x237,480x316,540x355,640x421,720x474,848x558&from=bu&cs=160x0",6
d7a39ebd3b2ecf01f10d61ca53ff659a.jpg,"https://sun9-70.userapi.com/s/v1/ig2/UaU5el9CaO6uOKskrmQbOOSqVhSEu_Iv-ooz1qdQaIuuca4Hj1pqLPHdlvzgTYVsVp1UpTjFoaS2zg3LbtHX0KLB.jpg?quality=96&as=32x36,48x54,72x81,108x121,160x180,240x270,360x405,480x540,540x607,640x719,720x809,886x996&from=bu&cs=160x0",6
7b879e5aa9ce04465d265ab82356e111.jpg,"https://sun9-37.userapi.com/s/v1/ig2/AmwCKFPOlKlBrqVqzex-N6b8SxfwptzEpXzgcON9U_6vBpUwcGZunTx2kt1XNhmmFpO0IXAydYByX9auTFFloCiU.jpg?quality=96&as=32x32,48x48,72x72,108x108,160x160,240x240,360x360,480x480,540x540,605x605&from=bu&cs=160x0",6
c1ea97de68fcb9b36aceb75d144df3ae.jpg,"https://sun1-93.userapi.com/s/v1/ig2/jsUzmm3tuzQOHEgi5-LU_dTNTPGm-rausvQoTp-0UR7z618q0i__58CynxXhG3bvdQ5xX_3bNE3btG1ImJcpdZeZ.jpg?quality=95&as=32x40,48x60,72x90,108x135,160x200,240x300,360x450,480x600,540x675,640x800,720x900,1024x1280&from=bu&cs=160x0",5
2d44737977ba13f2d865383decb142d7.jpg,"https://sun9-10.userapi.com/s/v1/ig2/5bwG71mXQ1e6xO-zqh4oE0-D_zIsD7W1YTFDxVyuqXtPdRDKubU5TYoY-J3uOEV44gyckp4OdiFGErSJGB4fkWyn.jpg?quality=96&as=32x54,48x81,72x122,108x183,160x271,240x407,360x611,471x799&from=bu&cs=160x0",6
797f5858e170cd7d5604c6144f2379ad.jpg,"https://sun1-15.userapi.com/s/v1/ig2/eemnyQ87NAOKp5aN6eXbasM-IpVNn8BFTI7YFFxKVGnMgW7ntujPz3hyx0grilgMPTtw_Mlh7VJSYmZw2ChtAY3-.jpg?quality=95&as=32x40,48x61,72x91,108x137,160x202,240x304,360x456,480x607,540x683,640x810,720x911,1080x1367,1280x1620,1440x1822,1707x2160&from=bu&cs=160x0",2
73fd5340a3b9496654d48306616baedb.jpg,"https://sun1-92.userapi.com/s/v1/ig2/SOiHSHRA4yWR8HyDlfgUUqM3brGYcDInxeJdlCJSd77eGmE3Pwa-bodZ43HQ7oRLeRJnD9YKbAcW43qjaKArGV-U.jpg?quality=95&as=32x32,48x48,72x72,108x108,160x160,240x240,360x360,480x480,540x540,640x640,720x720,1080x1080,1280x1280,1440x1440,1800x1800&from=bu&cs=160x0",0
af0d3883d3677213b59f8a958eb81a72.jpg,"https://sun9-18.userapi.com/s/v1/if2/dmGgZplkfjywtjYDtiJMKrlgFxubq_IOhEa1TP-oqetnUCcXqG9dtOadhndU0hNZpG0O4gGaeM9FSFh3WWqco7Fi.jpg?quality=95&as=32x31,48x47,72x70,108x105,160x156,240x234,360x351,480x468,540x527,640x624,720x702,803x783&from=bu&cs=160x0",3
805472240b88116f43f6f66432ae9cc6.jpg,"https://sun1-87.userapi.com/s/v1/ig2/NDvip6204flS4_NJpKnPZckvuUQWvW8t6MHTJ60poaFbsmwzvLsMLAhQ4amRTNgHY1OGH3WuU-kDdOJCWA5C51KB.jpg?quality=95&as=32x40,48x60,72x90,108x135,160x200,240x300,360x450,480x600,540x675,640x800,720x900,1024x1280&from=bu&cs=160x0",2
634c0650cdcc58ecf64f5b40d3ce12c2.jpg,"https://sun9-72.userapi.com/s/v1/if2/6hhksxD76RwBcQX3NpIdtQbKvoaxiq79TdLGBe2ZksRt8IUkWDycysvFzaDJsWmEfY46uWugyGLMk_zx9nt9j3Yw.jpg?quality=95&as=32x30,48x45,72x67,108x101,160x149,240x224,360x335,480x447,484x451&from=bu&cs=160x0",3
72af35b7ba25964e7d5c6d4d5a38915e.jpg,"https://sun9-24.userapi.com/s/v1/ig2/qd3O2pp2rPGTZfOs43CQNHPkdIhx80CKuEIPcYBYURRK4lncDXwZIy3zP2-LlQvG9KRuJZ6prd5ZGpfaCGYmt9FC.jpg?quality=95&as=32x32,48x48,72x72,108x108,160x160,240x240,360x360,480x480,540x540,640x640,720x720,1080x1080,1200x1200&from=bu&cs=160x0",0
ee0a18d8d44644578139edd12a77c35e.jpg,"https://sun9-15.userapi.com/s/v1/if2/0XcgmzSzUx8U0pCaMrt0VTTm4uwWWVefQXjfG5HHw3yizpP2ptZ0BUIGAB8LQL2ze-PXRxEb7gWQY3y5pqZ1c8Q7.jpg?quality=96&as=32x31,48x46,72x70,108x105,160x155,240x232,360x348,480x465,540x523,640x619,720x697,1080x1045,1182x1144&from=bu&cs=160x0",6
95c3a291294826ea3a1018f540e10020.jpg,"https://sun9-19.userapi.com/s/v1/ig2/s94EqQBOOr7OlFPPGiZZFmtKbPiWLFTruNuNXnhRkG_plkVY5uDvqazRV6uKkfqTBuWU95zw5t2dl99gFuHWwyVg.jpg?quality=95&as=32x32,48x48,72x72,108x108,160x160,240x240,360x360,480x480,540x540,564x564&from=bu&cs=160x0",3
217b909f1f2498e771dfdfb6a5bd74b2.jpg,"https://sun9-25.userapi.com/s/v1/if2/rTX6bQJjtEer8uqi-Lq4yeUBXj77UttiWCzcguNT0qKRyjVYziEQRigwOt4aqa_oHBmlsZ1vbC20DBlCvASLVzpG.jpg?quality=96&as=32x28,48x42,72x63,108x95,160x141,240x211,360x317,480x423,540x476,640x564,720x634,1058x932&from=bu&cs=160x0",6
9bde19ca452a52d178ae9bfd431c6fa1.jpg,"https://sun9-53.userapi.com/s/v1/ig2/9eQHAtycQpF6z5kQfMceK6itDoICJm4kGsoXX4mEqABT0_rWxwKgjF9rXTLGHTEDq8VX6lHrj82VeBdEc1-pkBtc.jpg?quality=96&as=32x40,48x60,72x90,108x135,160x200,240x300,360x450,480x600,540x675,640x799,646x807&from=bu&cs=160x0",6
a26a9b887ac3f2ef03c58f6f2a905dcc.jpg,"https://sun9-72.userapi.com/s/v1/if2/QrEgo6VUObpxU3OT5tL59Fet9JeZmFZzIlG0bZjwQk1XIDNExsZtuS6P7PTLIwPGDs4iXFXm_Ngg3NhxRcL_HbMc.jpg?quality=95&as=32x21,48x32,72x48,108x72,160x107,240x160,360x240,480x320,540x360,640x427,720x480,1080x720,1200x800&from=bu&cs=160x0",1
8d1e0643c75279ab79615791a0a79e19.jpg,"https://sun1-86.userapi.com/s/v1/ig2/hrMRC7Vki7P8kTCwy--qmPblUj05qVSKNYS-Luo-jICaLh5grk1eTlIJpUdzLxDbM_PdpCqywg3eRo-ReAGG0Z2T.jpg?quality=95&as=32x32,48x48,72x72,108x108,160x160,240x240,360x360,480x480,540x540,640x640,720x720,1080x1080,1280x1280&from=bu&cs=160x0",5
a3b2af88440dc52011fcefa7a59f1a19.jpg,"https://sun1-92.userapi.com/s/v1/ig2/VGAMiWm8xtTHop15_j5xJfNYw_DsDbDAEyk0tSQRtAoNdfBB7aTS7DYzoJiiCVkI9h8UQTFW7Ei2m35ps6avU14q.jpg?quality=95&as=32x32,48x48,72x72,108x108,160x160,240x240,360x360,480x480,540x540,640x640,720x720,1080x1080,1280x1280,1440x1440,1800x1800&from=bu&cs=160x0",0
50664c636a701f788062714745b7c530.jpg,"https://sun1-27.userapi.com/s/v1/ig2/r6Y2fDvKP9POCc7IU2x8OckOJ6UK-tUuCt1PLvxiTOy6xdXI9f9_tscg06D5LD6Ec4oTq4L6LuPc39ifhzj4wAh9.jpg?quality=95&as=32x32,48x48,72x72,108x108,160x160,240x240,360x360,480x480,540x540,640x640,720x720,1080x1080&from=bu&cs=160x0",2
90c7b4b02f7880c0e05c7b93602fc6f6.jpg,"https://sun1-23.userapi.com/s/v1/ig2/dG632nSxZeWr9hOEmDaKUZ9IiW89dGV6vTBFs-IGN5RyCLmsNNeVfTlmoimNbDO4zI3aKhIm75f9J4NYQZLyFcCq.jpg?quality=95&as=32x32,48x48,72x72,108x108,160x160,240x240,360x360,480x480,540x540,640x640,720x720,1000x1000&from=bu&cs=160x0",5
15a2875de68ad79646a4c28ac1155f45.jpg,"https://sun9-37.userapi.com/s/v1/if2/37s5nvak0z4sHWwqU3fNFIGvNxgzvq7lwRzk0wSb18VtU8ck-aW3tlV3BgsxXoRDWEkDx0DdDOMxHcEaKkymi1VA.jpg?quality=95&as=32x21,48x32,72x48,108x72,160x107,240x160,360x240,480x320,540x360,604x403&from=bu&cs=160x0",1
e386942c021c881de28ca14fa36718f6.jpg,"https://sun9-16.userapi.com/s/v1/ig2/IRH5jMOUpVtC_uLHDmQfyJ9vuVJ57TELey5rqHlRgCSIfMlGaqsHguMPKau9eQvNlg9TqJ1qorpdzc9C347SOwRx.jpg?quality=95&as=32x32,48x48,72x72,108x108,160x160,240x240,360x360,480x480,540x540,640x640,720x720,830x830&from=bu&cs=160x0",3
26ca60b6a8fe9423c12105572b60f0be.jpg,"https://sun9-26.userapi.com/s/v1/ig2/ZyrdY2FfuNbVuQ0cFl_Fex1p6GCENzwG9_pNSIJ2Qb4eFfGRNEKlUvJ-rjppm-4ajuuWW0icpH1SzMjmYre78gof.jpg?quality=95&as=32x32,48x48,72x72,108x108,160x160,240x240,360x360,480x480,540x540,640x640,720x720,1080x1079,1280x1279,1440x1439,1801x1800&from=bu&cs=160x0",0
99c3d82fd3160c770e2d89e55ca2a150.jpg,"https://sun1-25.userapi.com/s/v1/ig2/MaTTyqQhJtF7Y8Jk6rmpdbf3bg8r-YBtZBTlcKX2COLFgTk5poZavXb1iDdrSvAZNmYafKB9ddyx5xkpFeSG1EeD.jpg?quality=95&as=32x48,48x72,72x108,108x162,160x240,240x360,360x540,480x720,540x810,640x960,720x1080,1024x1536&from=bu&cs=160x0",2
b5f8c7681bc8a699964f188497c861ac.jpg,"https://sun9-54.userapi.com/s/v1/ig2/yv7Phkb-HKXn9KSXtpYvP78pjMZzKg-xMlxJnJGvheE6eCFyJvDFMo7ed8NsixHib5jqujUkuWBLfBy2mu-m4RRZ.jpg?quality=95&as=32x32,48x48,72x72,108x108,160x160,240x240,360x360,480x480,540x540,640x640,720x720,1080x1080,1200x1200&from=bu&cs=160x0",0
202e4d17efa91869eccec92bc1dc366c.jpg,"https://sun1-83.userapi.com/s/v1/if2/jyppQ88kjOPaVp0IvPMSplwnfMGyHVzyQ4pMxR-ZkJ-1lnCTWuMWSNXe-o5hn7vVTtHn-6FEz_Aw1RKw7kqoijIn.jpg?quality=95&as=32x21,48x32,72x48,108x72,160x107,240x160,360x240,480x320,540x360,640x427,720x480,1080x720,1280x853,1440x960,1536x1024&from=bu&cs=160x0",2
be78a164eb28dedc910a283299be1ddd.jpg,"https://sun1-47.userapi.com/s/v1/ig2/VJQzFXvnABYPAHMs2bdJTjJP0BO14J8hs5ropKOShH5eSlnvQeg7OIP6hycR1EaoGF8vcFH1S2jGnfyaHWM8Dz91.jpg?quality=95&as=32x32,48x48,72x72,108x108,160x160,240x240,360x360,480x480,540x540,640x640,720x720,1000x1000&from=bu&cs=160x0",5
761bf2364f146cd4c60795d3536acf63.jpg,"https://sun1-17.userapi.com/s/v1/ig2/Z5_4jnGZt0rkIfkV2FP_0xeAJb2bCAwbFqt56efp2wNovhwoBO_YKJo0Ze9_WZj5ZrmWUOW5sMezmxzucbu8zWdS.jpg?quality=95&as=32x40,48x60,72x90,108x135,160x200,240x300,360x450,480x600,540x675,640x800,720x900,1080x1350&from=bu&cs=160x0",4
a0f3ae72c2185b7056f1041f7d007f01.jpg,"https://sun9-8.userapi.com/s/v1/if2/_NmQcGcQg5u4DE3iMhApI-KAVJFunTU29yfC0vvBHYDp0Cibo_sCMjRv3M3DkX3CEN_1zpMlwy10Q3WqiJYvv96R.jpg?quality=95&as=32x18,48x27,72x40,108x61,160x90,240x135,360x202,480x270,540x304,640x360,720x405,1080x607,1280x720&from=bu&cs=160x0",1
692d24ae6ad65f5104ec7cb5c22614a3.jpg,"https://sun9-49.userapi.com/s/v1/ig2/SZkDgmlfhao94qtMSRYpLG_xWTJrvFkk-PadXqYJ4eiFWB2xWZWWW814xrMyPNTMCIVi4vTlfWX6eutNs6NSwZ5D.jpg?quality=95&as=32x32,48x48,72x72,108x108,160x159,240x239,360x359,480x478,540x538,640x638,720x717,830x827&from=bu&cs=160x0",3
d2786a3a1e12affb889c8c174defd296.jpg,"https://sun9-29.userapi.com/s/v1/ig2/4HR3UjL9zeciAuI3deQOEPUHjGOcqovBPQfGO8tDVxZeH838zDEAy6jf2E4QUuxe57Enebbrgu8sYktA8w0aCE-U.jpg?quality=95&as=32x44,48x66,72x100,108x150,160x222,240x332,360x499,480x665,540x748,566x784&from=bu&cs=160x0",1
b65836325f06267d123888f9b990e776.jpg,"https://sun1-54.userapi.com/s/v1/ig2/yMICcYukf4ESoKXiSngy5Aq4WZxyUCTmmpKIFQeL-JxqNrTyu2GPn6tp28fG6JbDK1YmHQ1GszY5p8Fii1_vE2EG.jpg?quality=95&as=32x32,48x48,72x72,108x108,160x160,240x240,360x360,480x480,540x540,640x640,720x720,1000x1000&from=bu&cs=160x0",5
b3ff548ae1aa0bedbb333dc56d1b4b64.jpg,"https://sun1-25.userapi.com/s/v1/ig2/xn2FOdEc8Ni9K8bC-SFoDepApKcI2y7yECqXA20-ji2_adgqj1PXCoMnI1-YHMgTxT9sX6njcdcU2kr-6LCkIZ3q.jpg?quality=95&as=32x40,48x60,72x90,108x135,160x200,240x300,360x450,480x600,540x675,640x800,720x900,1080x1350&from=bu&cs=160x0",4
e358fe40f122fd1fa2e213b25f5391ab.jpg,"https://sun9-85.userapi.com/s/v1/ig2/-vyagiHpeG_EDasX3vlB3UclBC1L9xTewh2pHekPA0E4AliNasH1EAXJbTcakWUdFh4xKeJNOFAZdCOGnP7DHEt0.jpg?quality=95&as=32x32,48x48,72x72,108x108,160x160,240x240,360x360,446x446&from=bu&cs=160x0",3
7c20e3a521594c8463d713a3e883fd12.jpg,"https://sun1-84.userapi.com/s/v1/ig2/mWbQPc_4JGVYkJQEEvysmfK6GrCFjKfQ-sM-9wuCOJ0kFdqRsjy65VVF4BeEknr21nuH6B_SlgoXmmoNwIPqBA8Q.jpg?quality=95&as=32x32,48x48,72x72,108x108,160x160,240x240,360x360,480x480,540x540,640x640,720x720,1080x1080,1280x1280,1400x1400&from=bu&cs=160x0",4
6115838df8554632bdfc82e4c6dc7d04.jpg,"https://sun9-17.userapi.com/s/v1/if2/1WNHsm5bdO3cKpnu7ppTZDLW3PJ-L000qVFaA8I-qdQ064aiAR2ugPdRrpIT6zUIiyHMt5WUYVDWwVMoBYc5gCC2.jpg?quality=95&as=32x28,48x42,72x64,108x95,160x141,240x212,360x318,480x424,540x477,582x514&from=bu&cs=160x0",1
6ad87457a60f0a2af0181afe51801aa2.jpg,"https://sun9-18.userapi.com/s/v1/if2/7xXLZygO5pWpNBuXeHy2z7NKXmkk6moG6ihFx5OG3W7ozArTZR76pZJO75m9mpS34pRrva7GnlLJqkGOSDDRvNDf.jpg?quality=96&as=32x30,48x45,72x67,108x101,160x149,240x223,360x335,480x447,540x503,640x596,720x670,1080x1006,1192x1110&from=bu&cs=160x0",6
0e27b51518f1416e7b69b11e111e1c2a.jpg,"https://sun1-18.userapi.com/s/v1/ig2/XzMadLDGMKb-lorj3zZL-TT4kaAgNzqnICySy-OEqNbeWRqwcdBKIJCAbe2qztNJVBjWwiDhA2WHVtInXX0_3LX2.jpg?quality=95&as=32x32,48x48,72x72,108x108,160x160,240x240,360x360,480x480,540x540,640x640,720x720,1080x1080&from=bu&cs=160x0",4
3793e455803e2ce81b5c85bac64ad511.jpg,"https://sun9-87.userapi.com/s/v1/if2/uiCZbj0hN8j0teJnaJo-iQUD3beE2mEX_TW9612d8TLBviZyJ9VfKOQDOc8yvpxL8N0VeG0aFho4_l5cnTIdPCH_.jpg?quality=95&as=32x21,48x32,72x47,108x71,160x105,240x158,360x236,480x315,540x354,640x420,720x473,949x623&from=bu&cs=160x0",1
de9fdf0217b6916dc0be2b8a40b29d9f.jpg,"https://sun9-81.userapi.com/s/v1/ig2/3RmQvHMDx-9xBuwNIgPRv7kts9WFiItaTQXOB8yiEM70UJ4RJAj_7dyZfBeIKGbyLrhUf7Tig5E0oSYoLaGgvnmS.jpg?quality=95&as=32x32,48x48,72x72,108x108,160x160,240x240,360x360,480x480,540x540,640x640,720x720,1080x1079,1280x1279,1440x1439,1801x1800&from=bu&cs=160x0",0
90faf3b528e83bed78a78dda7c2f8fa3.jpg,"https://sun9-78.userapi.com/s/v1/ig2/3peC6ReLj1nZQ96bBgA9vp5wCQB1Lb45_2PCZLhgNTkNq6OqS1VGMzQZEnMNdf5WvalnbCkbZmAsQeacw3u1AjFs.jpg?quality=95&as=32x32,48x48,72x72,108x108,160x160,240x240,360x360,480x480,540x540,640x640,720x720,1080x1080,1200x1200&from=bu&cs=160x0",0
f6c9bac3aadfe89c8445659160ff7fe4.jpg,"https://sun1-89.userapi.com/s/v1/ig2/ojzKxZXIoAasnyRPRwzG-i5mek2dNja8Rwc5gtGz5rzHrJJZ5u74Q5xZ4Se8PDLoRGwpzil3ZNw944EDe-msc0pq.jpg?quality=95&as=32x48,48x72,72x108,108x162,160x240,240x360,360x540,480x720,540x810,640x960&from=bu&cs=160x0",2
9890e5451981bf3e05d0851a869a0008.jpg,"https://sun9-35.userapi.com/s/v1/if2/6OG8mlIJhap12iYs56_AHthOvNkmUZdBNt8Be7nbzYLDS5I8s7nj7ZCGCr7d8FCf9aD4Acle9vwcvN1Y9LFmJxpn.jpg?quality=96&as=32x24,48x36,72x54,108x81,160x120,240x180,360x270,480x360,540x405,605x454&from=bu&cs=160x0",6
bd986485c45304694effc377a6574186.jpg,"https://sun9-48.userapi.com/s/v1/if2/seiyg1-Gx9DWaW0w8hC70FNgSi3uaNWKOmQM_2Fasd3cj-tH0TbQMRukuJ9I7ZMD6iI41ozpSzDkr_TRU-YRG18r.jpg?quality=95&as=32x24,48x36,72x53,108x80,160x119,240x178,360x267,480x356,540x401,640x475,720x534,875x649&from=bu&cs=160x0",1
95f0ac28a87d7b2bcfa8e343147d57bf.jpg,"https://sun9-36.userapi.com/s/v1/ig2/sq1sfEORmey8G51kmM_oDaa3X68yQ1UGOVGRByEqBW7eFjPIkq2__XJ3RuzSGMOzefIq6c7eUrrmY8IiLeBNlhFU.jpg?quality=95&as=32x48,48x72,72x108,108x162,160x240,240x360,360x540,480x720,540x810,640x960,720x1080,853x1280&from=bu&cs=160x0",1
b1dbf318a070c8e34c7aabaf0f817145.jpg,"https://sun1-95.userapi.com/s/v1/if2/ryikbeWX65DWHLqFUqG2GS5KHf-YGQfWSjjdnmyUURxThucRDvIiGp2U3aDYQyRlTkyjYAkxtW6Jcc7IWOlFnk1a.jpg?quality=95&as=32x26,48x39,72x58,108x87,160x129,240x193,360x290,480x387,540x435,640x516,720x580,1080x870,1266x1020&from=bu&cs=160x0",2
d6f4a931d289c8bde0cf8bca5d918ff7.jpg,"https://sun9-16.userapi.com/s/v1/ig2/x0BkrwXBxU001SvqzHEaNhb8WlH0ZwGrBm3YWbJLY8_9xPQS_A-L33F0Q3DzL90mKau48swwz8R3tRK8e9bPWFTK.jpg?quality=95&as=32x33,48x49,72x73,108x110,160x163,240x245,360x367,480x490,540x551,640x653,720x735,1058x1080&from=bu&cs=160x0",1
94feb6056d4cab4e465c0e23ed5f18c8.jpg,"https://sun1-84.userapi.com/s/v1/if2/DLNgrgwOwoUSVxHejuA97rrgPej1m_OZffOtCQjSQtaKRC8gv2x6Xmbn5xCIlpAYz-f7tXF3sy0eiwT_Bx_5dJ6B.jpg?quality=95&as=32x21,48x32,72x48,108x72,160x107,240x160,360x240,480x320,540x360,640x427,720x480,1080x720,1280x853,1440x960,1536x1024&from=bu&cs=160x0",2
851cadc90f141becbcf35a0dbd432cd7.jpg,"https://sun1-15.userapi.com/s/v1/ig2/Xlmq6kwA1yKv6JVR1Z0G37ZDZtlfW74wEsua7i1JWsUTxspnqx2ogMB9LHjkcZprnxPxA953WcKBDKD0S1mJqbW4.jpg?quality=95&as=32x32,48x48,72x72,108x108,160x160,240x240,360x360,480x480,540x540,640x640,700x700&from=bu&cs=160x0",4
1f80757b88b8d322d5d76385559118f3.jpg,"https://sun9-41.userapi.com/s/v1/ig2/prKR4wr1JDMxik88Et0ax1ga6rAAoQg0iBL19uu3GRmhtiXGiAy4r91VL0YNtyVpDRxoJ-MSmAfCchKmknwN-neY.jpg?quality=95&as=32x40,48x60,72x90,108x134,160x199,240x299,360x448,480x597,540x672,613x763&from=bu&cs=160x0",3
37bddd5899f9014d8e7204decb51c3e8.jpg,"https://sun1-87.userapi.com/s/v1/ig2/iCKK3RvgRjVdh0CBk3ZexuWyyLcKhGOSuwM4d3zyY89KLleY_0VHyGjYP1PJY2hn-W8JoVvDthfX7wVxLWRTrtrz.jpg?quality=95&as=32x32,48x48,72x72,108x108,160x160,240x240,360x360,480x480,540x540,640x640,720x720,1080x1080,1280x1280,1440x1440,2560x2560&from=bu&cs=160x0",0
b3629edd2e0058d106f40c883173712b.jpg,"https://sun9-80.userapi.com/s/v1/if2/x1Tc_pPBlU_mBk90R_ArcxciJcqj3eI_vsTkUmx1uf7Pv96br4DypK8poioFarIfQbZtiiTK1pQu5xbLL70i3kXG.jpg?quality=95&as=32x18,48x27,72x40,108x61,160x90,240x135,360x202,480x270,540x304,640x360,720x405,1080x607,1280x720,1440x810,2509x1411&from=bu&cs=160x0",1
062f58a08bbc6c89345bc3a0a6f299d7.jpg,"https://sun9-16.userapi.com/s/v1/if2/OrNu71j9Ywswz-12BIwYqlrE0VSy9gYLkzyb73aVb1WlJ0y_O14gydnTyYQDovnLzfnL7x6Ft8_APv8U_SWWZCeF.jpg?quality=95&as=32x23,48x34,72x51,108x77,160x114,240x170,360x256,480x341,540x384,640x455,704x500&from=bu&cs=160x0",3
954e5c1f6b982efd19cf8eb78e9873ec.jpg,"https://sun9-6.userapi.com/s/v1/ig2/tJXU1BClhBWC_PzCKA6L_y6BKtbUmkvmW_OEweJVKAIzNSS6cbPPl6nieY0rQ2wco0U2DVRkVN5MNjf8WGXVwHbp.jpg?quality=95&as=32x32,48x48,72x72,108x108,160x160,240x240,360x360,480x480,540x540,564x564&from=bu&cs=160x0",3
f20c80182500d4fb98154a5d17a6b7e9.jpg,"https://sun1-98.userapi.com/s/v1/ig2/zWucSCf6rlZ_v6mkECF1hJXxGUrIfFalmVdoBbvJg2Y_aIckII91Qha5siArjYYx5pYGHzuEHLeHMj2OjEKQnz1K.jpg?quality=95&as=32x32,48x48,72x72,108x108,160x160,240x240,360x360,480x480,540x540,640x640,720x720,1080x1080&from=bu&cs=160x0",4
c223f00e0898109a97520e281dbf4b6a.jpg,"https://sun9-42.userapi.com/s/v1/if2/ZzxquxoFdmZKZFskxQce-8zvnGLC0vmArzQRh2LDGiP02VdbhLZUgIPrDNI06_Ne7WO2kfObfuSVIMPQT8BfPFSu.jpg?quality=95&as=32x23,48x34,72x51,108x76,160x113,240x169,360x253,480x338,540x380,640x451,720x507&from=bu&cs=160x0",3
35c7dffe640ae970ff5fe2fd8714ae9b.jpg,"https://sun9-27.userapi.com/s/v1/ig2/8M2bQ4vftaoilfY4gMoPB3u-iZqJ-Oxd7YRjepv7nkLoCD4q0hdFT-ZA8qYLckH0NWGH_ztYx8gODdMZ4GJzzJHf.jpg?quality=95&as=32x39,48x59,72x89,108x133,160x197,240x295,360x443,390x480&from=bu&cs=160x0",3
f85158cd8061f5e73aa0965ae724c53b.jpg,"https://sun1-28.userapi.com/s/v1/ig2/_5iFqffHy33hnHuEdusOgtDt1bO8JbGR7gv-7haEDTvpbxwoQUafCDVc97N4u-6wlYYqDSi72rTH8T1UJYTJD6TJ.jpg?quality=95&as=32x40,48x60,72x90,108x135,160x200,240x300,360x450,480x600,540x675,640x800,720x900,1080x1350&from=bu&cs=160x0",4
53fca86aab1db5734ba3d234b890cd99.jpg,"https://sun9-72.userapi.com/s/v1/if2/NEqWY5G8quq3MBGcyNb73yFVRjSY6HIRfkClDP0PftI9LL_NMbLrg8dP4TnvHYfzFM9PEqJmCR5qK9uFjySkT3nS.jpg?quality=96&as=32x21,48x31,72x47,108x70,160x104,240x157,360x235,480x313,540x352,640x418,720x470,846x552&from=bu&cs=160x0",6
356dcd8e2839226f973da31204de9138.jpg,"https://sun1-93.userapi.com/s/v1/ig2/mGrds8Ag8WmYRWNekcUllKG-Qq13nXG7tJajzuz_iXg78LfzBQi11uSCmPPwOnLmJKAdtsDZr3013MQfHzFHMLYG.jpg?quality=95&as=32x45,48x67,72x101,108x151,160x224,240x335,360x503,428x598&from=bu&cs=160x0",5
750f69e6c1c36b5c39621614a7f30ecb.jpg,"https://sun9-30.userapi.com/s/v1/if2/xpkcvCU-dPj1D8XlXpkdIX4vY86X6wYBYntdiMxig-6UY3uynQfvB00dFXX4P5BdkoacsG1r-SfljDhrJwvcVJp_.jpg?quality=96&as=32x30,48x45,72x67,108x101,160x150,240x225,360x337,480x449,540x506,640x599,720x674,1080x1011,1194x1118&from=bu&cs=160x0",6
3b9f05d60d720f94e1bec70e23cacb5d.jpg,"https://sun9-23.userapi.com/s/v1/ig2/IZqN61SYlfWUwadeVnCvxgN6qhrrbxy42ApYZPraTXUOjeAobbU44OwbPE5toEt9LKPdpbIA2ycXm7mYC2pxJH6F.jpg?quality=95&as=32x32,48x48,72x72,108x108,160x160,240x240,360x360,480x480,540x540,640x640,720x720,1080x1080,1280x1280,1440x1440,1800x1800&from=bu&cs=160x0",0
aa5d896a2b74effbb6295b54a01639e5.jpg,"https://sun9-80.userapi.com/s/v1/ig2/-UV7Y83PwF0wO84GsvXeCDGQOqqkw47N3vY9ydi3WKcXz5xVWTfnDmBLB-UP4MahnGlLNLgxFsElbFYjl17k_c6g.jpg?quality=95&as=32x32,48x48,72x72,108x108,160x160,240x240,360x360,480x480,540x540,640x640,720x720,1080x1080,1200x1200&from=bu&cs=160x0",0
72f0d782bc71c5d70675f795233e5885.jpg,"https://sun9-21.userapi.com/s/v1/ig2/coO9iUYIpBr7spdcnpZMHnaZXJ8TVK2R7uwtAnRxEYSfOzpu7CfjlJNrCdGykOuuTaGGXgTHUZWWc1vetXZt6qWw.jpg?quality=95&as=32x41,48x61,72x92,108x138,160x205,240x307,360x461,480x614,540x691,640x819,720x921,820x1049&from=bu&cs=160x0",3
9e789b4fd4c9777f80012a62828aaf6c.jpg,"https://sun9-71.userapi.com/s/v1/ig2/7Dubp69qy8PC3kBKDrTOvOvu5l0w3gIncyga8p8FSEo86jR4MzZfEhkQZiK7kOsi7DJBrgtl04rljRUc2QeFvxpt.jpg?quality=96&as=32x32,48x48,72x72,108x108,160x160,240x240,360x361,480x481,540x541,640x641,720x721,1080x1082,1106x1108&from=bu&cs=160x0",6
fdcc30f73f84612bd687c6d1a10caad8.jpg,"https://sun9-79.userapi.com/s/v1/ig2/6EWcUiZlz0-WP98typQShDldGSaCZR-ctOP59SI2rC_HbhKz4H2LQWvgAXsvSVdAW-BpfB2y2-zw8peKS4vbGxxW.jpg?quality=95&as=32x42,48x63,72x95,108x143,160x211,240x317,360x475,480x634,540x713,640x845,720x951,886x1170&from=bu&cs=160x0",6
858c4625c5963bf980d6809c589794a1.jpg,"https://sun1-57.userapi.com/s/v1/ig2/MwHSbJ_9VO3MCmf3pM1OUEqTAQ6bbrbYJgE97feOp1vWSDC1Hvz29HQgDH2fIPYQTMVV6qaDZycczgkzuxZicTF8.jpg?quality=95&as=32x32,48x48,72x72,108x108,160x160,240x240,360x360,480x480,540x540,640x640,720x720,1024x1024&from=bu&cs=160x0",2
7961d09b4c394619e4c5da3ce85c6a7e.jpg,"https://sun1-91.userapi.com/s/v1/ig2/Tbh1cHe99k4H4AVUwbvilj9_4borVzKK38kLcEkaFDJEYpkaiOKBfqAwAwjObVow5Xu2pzvSCzBdeNM7bAngRQqX.jpg?quality=95&as=32x41,48x61,72x92,108x138,160x204,240x307,360x460,480x613,540x690,640x818,720x920&from=bu&cs=160x0",2
cc78c056c0249f5a772c9c390cfbfb61.jpg,"https://sun9-42.userapi.com/s/v1/if2/xK7NtxarZWfHx1FmiA2O8jS_wiGohwO1lRDivA_Z5xVfASqfk_xXbJvyd4OSuKC0M6wrgXMiudEEo_l17YMT5PRA.jpg?quality=95&as=32x28,48x41,72x62,108x93,160x138,240x208,360x311,480x415,540x467,640x553,720x623,1080x934,1280x1107,1440x1245,1479x1279&from=bu&cs=160x0",1
f40198aa7bfb4a8b62ffaf980245ac04.jpg,"https://sun1-18.userapi.com/s/v1/ig2/hEZDz1EDw-70u2cuzDdXKVfrRE-C4oX3knHSh-UPBHrpZcI0pLTsZKxaNzKukKM01EhGYYn47v5HwRWWRUG2p9B-.jpg?quality=95&as=32x32,48x48,72x72,108x108,160x160,240x240,360x360,480x480,540x540,640x640,720x720,828x828&from=bu&cs=160x0",5
c24d153772a7ffea5d3b48bf3edacb53.jpg,"https://sun1-22.userapi.com/s/v1/ig2/PvnXC9QOxK3xVTc66b6iVgysWNexvAzF2n-vMwm_dWig4ZRXFJslW-XyLJ05Bqvj61QVP4dpl0NjlEj2WILbXMVZ.jpg?quality=95&as=32x48,48x72,72x108,108x162,160x240,240x360,360x540,480x720,540x810,640x960,720x1080,1024x1536&from=bu&cs=160x0",2
6e8179a51793e067e2aa88a149404a58.jpg,"https://sun1-28.userapi.com/s/v1/ig2/S8xfrAMk4liMpqUsQ-28WOd7GlmLxMroEdmxGDjGBvvtD9mDBzK67rmH1ql0MOcYEe-sxBeSACG3DDKGrirrF10F.jpg?quality=95&as=32x36,48x54,72x80,108x121,160x179,240x268,360x402,480x536,540x603,640x715,720x804,1080x1207,1280x1430,1417x1583&from=bu&cs=160x0",2
e96de99fefdf549138cc4619de062b4c.jpg,"https://sun1-92.userapi.com/s/v1/ig2/Mlh40kD3KezQVYsw_sm30WcDm3wV_iqTlyeKYdM9wLwp9hs4hxPy_Je5pKXX4Xk9Vo7oS-E8gpQmRFxZDaiPxYkt.jpg?quality=95&as=32x32,48x48,72x72,108x108,160x160,240x240,360x360,480x480,540x540,640x640,720x720,1080x1080,1280x1280,1400x1400&from=bu&cs=160x0",4
e3043510e5f49274e58550265393a142.jpg,"https://sun9-30.userapi.com/s/v1/if2/HlbXqX7UylMIx-nBJmD-y3tWf3wYnsxG7H8tZbsCGnhDZUk9l_VvnRHbKUNP8A07r6FzRL4wa7eNcqOEuSv9DdWO.jpg?quality=95&as=32x27,48x41,72x62,108x93,160x137,240x206,360x309,480x412,540x463,640x549,720x617,1080x926,1280x1098,1440x1235,1481x1270&from=bu&cs=160x0",1
66495e4ba335a88f52766495561dd669.jpg,"https://sun9-6.userapi.com/s/v1/if2/oMqYyM4KuEoSoacrFZd28HA2EOzusMzZpHaQIs8gJOZ742zlGZbYbIOK2J7-kB6uskzNM8pmcx2g3iSWCRdo2wFq.jpg?quality=95&as=32x24,48x36,72x54,108x81,160x121,240x181,360x271,480x362,540x407,640x482,720x543,727x548&from=bu&cs=160x0",1
24973c8b6246aca89004e3fda87d6303.jpg,"https://sun9-80.userapi.com/s/v1/ig2/aeNPMCKk7rMB6ei5jqS-N3eE7ox5qUu-xTl1SiHYPwnURm7azdqFMNCY11ySOvKdt6j77chhwYYcGUevRisJiTkQ.jpg?quality=95&as=32x32,48x48,72x72,108x108,160x160,240x240,360x360,480x480,540x540,640x640,720x720,1080x1080,1280x1280,1440x1440,2400x2400&from=bu&cs=160x0",0
13bdbcd20f889ee9eb0bd31f15797cb7.jpg,"https://sun9-84.userapi.com/s/v1/ig2/CqdIagJMdm3xpNWKZB19kLIxBiymkt9ayYy7W1S_Een_47ixb69f5h_FZBq1oGDayaw8Uu7FNX6MCQNzreuO3WWI.jpg?quality=95&as=32x32,48x48,72x72,108x108,160x160,240x240,360x360,480x480,540x540,640x640,720x720,1080x1080,1280x1280,1440x1440,1800x1800&from=bu&cs=160x0",0
be25fdf852b77b00e4432c37a50b6740.jpg,"https://sun9-78.userapi.com/s/v1/ig2/w0auGr_uQgpAjsXjDvCl55MTHFxVmX-z0dPBKtSkc4dsx0sB1BebcMd5zOlt2yB4TI3gra8eyZ8MtRWfMcQlSYG3.jpg?quality=95&as=32x32,48x48,72x72,108x108,160x160,240x240,360x360,480x480,540x540,640x640,720x720,1080x1080,1200x1200&from=bu&cs=160x0",0
e94646891b876843345a69e6793dee28.jpg,"https://sun9-6.userapi.com/s/v1/ig2/-rW_p80W3OCmGUECti_sywQelSuMjutQd-5Q-Uo_gI1FMNuclVSlE2HYLyzB3nM3j_E2D6CsrnCTBg2UyzRYOIKF.jpg?quality=95&as=32x32,48x48,72x72,108x108,160x160,240x240,360x360,480x480,540x540,640x640,720x720,1080x1080,1280x1280,1440x1440,1800x1800&from=bu&cs=160x0",0
de12cf2063bce2da553e7e81a1ddde75.jpg,"https://sun1-16.userapi.com/s/v1/ig2/TZ2nEON0NL_rP7JA5Skp1rcuqTVty8AwWGlu1N7v2uLaX87Kc8INdpIejjeRNfHsYN7UwPEv_jYXD-v5ghP84Lta.jpg?quality=95&as=32x32,48x48,72x72,108x108,160x160,240x240,360x360,480x480,540x540,640x640,720x720,1080x1080&from=bu&cs=160x0",5
c452291534e5698e25069287316b3c10.jpg,"https://sun1-14.userapi.com/s/v1/ig2/_jAhEhjcF5s4jfE1xkJwR90mjWJCge4jOiXB8e5x5kcFTwAA-5Nt_nrUgulqr2Y3ePmrP-FGU9beT1Wsazobi9aP.jpg?quality=95&as=32x49,48x74,72x111,108x167,160x247,240x371,360x556,480x741,540x834,640x989,720x1112,749x1157&from=bu&cs=160x0",2
4abfcf27525afe0847691741c7e91a87.jpg,"https://sun1-19.userapi.com/s/v1/ig2/-SNg8UOyxASgfR57sWR6Zo5V0tNkDLBnP2AQ80PFSWO_e9h5BZ-_4gpyD7IMYWzpUjIpEA056WAaktRP5PneFHDh.jpg?quality=95&as=32x36,48x54,72x81,108x122,160x180,240x270,360x405,480x540,540x608,640x720,720x810,1080x1216,1280x1441,1417x1595&from=bu&cs=160x0",2
1a8cd4eb75479c20386d31747707a3b5.jpg,"https://sun9-79.userapi.com/s/v1/if2/hNaCqZzOdSNXWwl4pePjIFUXeMv-0wa8zuNw3bBkMsZOObjZpHDP_uVPRQQq3GGtvhN2Ww_l03wD6H2TPS3poXEi.jpg?quality=95&as=32x21,48x32,72x48,108x72,160x107,240x160,360x240,480x320,540x360,640x427,720x480,1080x720,1280x853,1440x960,2560x1707&from=bu&cs=160x0",0
cec1aa4f45163e150789157aa6092098.jpg,"https://sun9-17.userapi.com/s/v1/ig2/R4sxwrC16aLTjbeaE3snBrTT8AVGOSSCAqYcEjHIU5D3II5arftsBJsy2k5uaTCOnstBB32dqfub0J4-3Y9TLe43.jpg?quality=96&as=32x32,48x48,72x72,108x108,160x159,240x239,360x359,480x478,540x538,640x638,720x717,1080x1076,1130x1126&from=bu&cs=160x0",6
445def9a07d0f1f425b4ca1326c2b51d.jpg,"https://sun1-21.userapi.com/s/v1/ig2/hj8CrkYh4k0z3FGbsyZfaH9RqfT60kq7B4cfBugaWuVkQT3DEo7Gcjc_UkchdQoFnpr9Ty_TKMl9qoNVXbmmpi3B.jpg?quality=95&as=32x40,48x60,72x90,108x135,160x200,240x300,360x450,480x600,540x675,640x800,720x900,1024x1280&from=bu&cs=160x0",2
3ad3ad0462467df8ff4bb9ae3b21abc7.jpg,"https://sun9-57.userapi.com/s/v1/ig2/3J4oqI9mcMeG1se0vyHsFB4W5_rnuNQWgtrH8eGQD7F9K8vaxMR0-4Y9YsfpQcKy8eTL3RaAni27jQjzt38F4SEr.jpg?quality=96&as=32x57,48x85,72x128,108x192,160x284,240x427,360x640,480x853,540x960,640x1138,720x1280&from=bu&cs=160x0",6
06536429a8822ab32478cd2838030149.jpg,"https://sun9-16.userapi.com/s/v1/if2/KQm9asbgIu8koZ0X81lzEJvAePxGwXGOaqhOY6Imgj_Ee4A2ftqGZxExOa8rupI6TTzJAFKaTWCvpU6BCDih7oUS.jpg?quality=96&as=32x27,48x41,72x61,108x92,160x136,240x204,360x307,480x409,540x460,640x545,720x613,1080x920,1244x1060&from=bu&cs=160x0",6
fbee13e69c3c2239d46864b97a42de1f.jpg,"https://sun1-19.userapi.com/s/v1/ig2/fz42dOsCOGbOngi7UbRxjtFnznos6hRCvdatSS_8JXBW6cpHwUqihS2Z6tOSnSAFp9FivKdaVqj0ONIQXEA9kiyz.jpg?quality=95&as=32x32,48x48,72x72,108x108,160x160,240x240,360x360,480x480,540x540,640x640,720x720,1024x1024&from=bu&cs=160x0",5
87e9ebd8dddf0c9c251aa002d4090c54.jpg,"https://sun1-55.userapi.com/s/v1/ig2/7QGKJJE_EGYTOdk3ZS-S-AlGbJ3ClQVKl5qFBtkWBcez7p9IBvc78lk8-7iPigXLzQV9PYVw1ocDKijFKGcouetM.jpg?quality=95&as=32x41,48x61,72x91,108x137,160x203,240x304,360x456,480x608,540x684,640x811,720x913,1024x1298&from=bu&cs=160x0",2
4a04028fe12a0e0f5a46bd192c36e31e.jpg,"https://sun1-18.userapi.com/s/v1/ig2/qJ1LWG4153h0loGbWEsilOQp4o7b15SL57SrqauaZ1AdQSo2Oq3d--7NeUFVVxAIQNpYCW1knQ_nOvXsjhxptNLa.jpg?quality=95&as=32x32,48x48,72x72,108x108,160x160,240x240,360x360,480x480,540x540,640x640,720x720,1080x1080,1200x1200&from=bu&cs=160x0",0
ce4209cf51cb62856740075264fd445d.jpg,"https://sun9-88.userapi.com/s/v1/if2/2dXuXNZHgs52UGpzCRmAUUCZ4fO9eFRZW5oUEBzlhNOjUBKVlO6GxhUyFQ6316rwRnre0xHkRh3vYShTenuKchxg.jpg?quality=95&as=32x30,48x45,72x67,108x101,160x150,240x225,360x337,480x449,540x505,563x527&from=bu&cs=160x0",3
26432ccf91aed25853d1ae914602138c.jpg,"https://sun1-87.userapi.com/s/v1/ig2/XlaUBsAhhPeGIvo6qxvUw4wRZ1OHblD4N6JyoCR1ylOJps9r7UFcx0kOPXIvLaZUt7DXCIqODDgL2RWgULLsNkai.jpg?quality=95&as=32x32,48x48,72x72,108x108,160x160,240x240,360x360,480x480,540x540,640x640,720x720,1080x1080,1280x1280,1440x1440,2560x2560&from=bu&cs=160x0",5
95da15d936c43b82df4da48e24fb5d4a.jpg,"https://sun1-85.userapi.com/s/v1/ig2/ObjJjna3rVnA21_W2FXrQkdBs2Y3wimbL_blJrBN0oB0tFygld_pelt14Grx0qYKCcRI-UG8UAgnp6md-u1ex2nw.jpg?quality=95&as=32x40,48x60,72x90,108x135,160x200,240x300,360x450,480x600,540x675,640x800,720x900,1080x1350&from=bu&cs=160x0",4
dd7426978024d3d8385e9464e43672cd.jpg,"https://sun1-26.userapi.com/s/v1/ig2/0K130wkzPVIv6T8MSgMoJl74Zsu5nfITFTttWYhxIFnLbHfsDx8KCzbhD8etA479qJu2IaM9PzkItndkYwU-kxTK.jpg?quality=95&as=32x32,48x48,72x72,108x108,160x160,240x240,360x360,480x480,540x540,640x640,720x720,1080x1080,1280x1280,1440x1440,2560x2560&from=bu&cs=160x0",4
9cc3e016db69bb5cea71179f3e463d9c.jpg,"https://sun9-12.userapi.com/s/v1/if2/Oux5cpQYTopw-KcSo8FPdNkC4oMxdlgka3F0bO_rAwBxoUOQjKN6X25CsqkhYlyRdVfrusK3CYMlhtSqi9P7-VZ6.jpg?quality=95&as=32x24,48x36,72x54,108x81,160x120,240x180,360x270,480x360,540x405,640x480,720x540,1080x810,1250x938&from=bu&cs=160x0",3
aba8edef076ab8c50a2eabbaba9087c5.jpg,"https://sun9-7.userapi.com/s/v1/ig2/t1m0bXXd-e4sixI7hHVvxq-SJLCEr3xA_jMaXVSz_uUsPlGIMUBJReBdYS5ppkbO6Tr7oJVsVezW0Z7iW743C_TP.jpg?quality=95&as=32x48,48x72,72x108,108x162,160x240,240x361,360x541,480x721,511x768&from=bu&cs=160x0",1
18e084a8dba67f528969b62eb78e332a.jpg,"https://sun1-86.userapi.com/s/v1/ig2/r7nZD_uEoAsAJDxjb2Qr5LWxYM0IaJBa9k6gqeDMJRR7FMgLUlolMqAwZrGULl3WN3_4dyTLPwWVCzKGjjz6Bq8e.jpg?quality=95&as=32x43,48x64,72x96,108x144,160x213,240x320,360x480,480x640,540x720,640x853,720x960,960x1280&from=bu&cs=160x0",5
30855b95be6a335e045008bd8712dc09.jpg,"https://sun9-84.userapi.com/s/v1/if2/qubGIb-eYG_bIvXZDYX7wrbMfg5tlAslhfFwcxR4pUn41qqkysHHZS78EcNuezPcKzUmp93VbR8dxDxNlSEhmhkJ.jpg?quality=95&as=32x23,48x35,72x53,108x79,160x117,240x176,360x263,480x351,540x395,640x468,720x527&from=bu&cs=160x0",3
691385e18791aac0a9f5e7146ab8aa57.jpg,"https://sun1-26.userapi.com/s/v1/ig2/f8HLZQPxiizLypxL35rU1Th-zsvavPw72oiHE7EmZfFiqe_8SO933wX5Pp5ulOco-sgrWJT1jgXPkwkWa7sTi3OD.jpg?quality=95&as=32x32,48x48,72x72,108x108,160x160,240x240,360x360,480x480,540x540,640x640,720x720,1080x1080&from=bu&cs=160x0",4
9ae46b0f6127e25d7754cec315b2ff93.jpg,"https://sun1-91.userapi.com/s/v1/ig2/C-SoYaCJj6DUnlwQA8zJHd5N02B7N4LXmRfq2DDp_eWBgXejS6-q095REWu7MFsELXFJewF1O9EDyzaqo-l0JTQu.jpg?quality=95&as=32x32,48x48,72x72,108x108,160x160,240x240,360x360,480x480,540x540,640x640,720x720,1080x1080,1280x1280,1440x1440,1800x1800&from=bu&cs=160x0",0
04782af66c140ee29d32da80a6cd8d8b.jpg,"https://sun9-12.userapi.com/s/v1/ig2/DMUX41q4yMYD17WXiGcau_70XnUkoDelBE6r8urHH5fUbkqMAIpH6HLIobxa6x7g_JhT7NLnLKotoy4kC3Cc7y9G.jpg?quality=96&as=32x36,48x53,72x80,108x120,160x178,240x267,360x401,480x535,540x602,640x713,720x802,1032x1150&from=bu&cs=160x0",6
80174099777aacb6bee2646467b67026.jpg,"https://sun9-12.userapi.com/s/v1/if2/WA-JTqt7KYspz3OVurdfPS8RRSUo2zADG8PDUpKkHT2r58NZ5mvBeLV9wi2MvFjdcl1W77NoEtTzOHVIpbV3SBrp.jpg?quality=95&as=32x18,48x27,72x40,108x61,160x90,240x135,360x202,480x270,540x304,640x360,720x405,1080x607,1280x719,1440x809,2560x1439&from=bu&cs=160x0",1
d19818db7f88eb96d8a0e75b540b61df.jpg,"https://sun1-16.userapi.com/s/v1/if2/Y3136kexqGxNuveEkWeuoFJc2FM0PeNFOVSH_hPvd6e5XnW8BY07nxsmM7GRdmWyaoCLBBgdn_s6xTsPkwM-coJE.jpg?quality=95&as=32x23,48x35,72x52,108x79,160x117,240x175,360x262,480x350,540x394,640x466,720x525,1080x787,1280x933&from=bu&cs=160x0",5
2f7fc4f00605e10750db5aade79ef3c5.jpg,"https://sun9-32.userapi.com/s/v1/ig2/RZ5LtnXgG1YRhQfYWDiOrkLYfl2EtGPhm_UZ0K_bBpYIqTkof6V_g7SJ-WJZJMeM54yM-M74ThRYD1P6HaUq2TqX.jpg?quality=95&as=32x34,48x51,72x76,108x115,160x170,240x255,360x382,480x509,540x573,640x679,720x764&from=bu&cs=160x0",3
c9ad6b8aa09a6efc717b4ac9a7a04b9b.jpg,"https://sun9-37.userapi.com/s/v1/if2/aAPGqq4yFk9KAZfwic0htgeJgohseCj6UJdORU99GlYYZIiSFi-IAmIWVri2tfjqzRdJHUpaBb9nVKAVJTiGYFH_.jpg?quality=95&as=32x18,48x27,72x41,108x61,160x91,240x137,360x205,480x273,540x307,640x364,720x410,949x540&from=bu&cs=160x0",1
577c499fcc6f22830d4227b410a64b33.jpg,"https://sun1-15.userapi.com/s/v1/ig2/qQwJgRENhAzUThKgOZV66umfUXYLI2P58LBPHnxwuw_TNUJw5CUAjAn_pC1AhXHZErilAVO9U45ZL4ZobGlzq6nf.jpg?quality=95&as=32x32,48x48,72x72,108x108,160x160,240x240,360x360,480x480,540x540,640x640,720x720&from=bu&cs=160x0",5
cd2cf2c3eb75fc08ca430b260bf8bd7b.jpg,"https://sun9-62.userapi.com/s/v1/if2/xbi1sz2Yj1br_ZCn7_bgA7yFXQQqtltopytbFdSop5iDXFZfU_DSn-1kTElRuSHiFDJbMB6OwufvYHUZ-RELxYgG.jpg?quality=95&as=32x21,48x32,72x48,108x72,160x107,240x160,360x240,480x320,540x360,640x427,720x480,1080x720,1280x853,1440x960,1620x1080&from=bu&cs=160x0",0
65e4ad23b9d13da3daf358ebfeb85053.jpg,"https://sun9-46.userapi.com/s/v1/if2/UWstDjgth7CJ4deYOMr7n9LaI6Gd05gUbibFgEdFPG0avQnmhBSFue8IGRd_D-ODagJuF1fEDQLryGyG1DAtfzkD.jpg?quality=95&as=32x21,48x32,72x48,108x72,160x107,240x160,360x240,480x320,540x360,640x427,720x480,1080x720,1280x853,1440x960,2560x1707&from=bu&cs=160x0",0
63aa0be542e2ac8752372a0edddbc0e6.jpg,"https://sun9-50.userapi.com/s/v1/ig2/J7P4_p9IbzO-49CMmENBEy03EgN7z1oAam60qTXpE7NKB9nkn37lgwiypIRVuqx8LDt2_YJWOUPquDezlmgaUaYM.jpg?quality=95&as=32x32,48x47,72x71,108x107,160x158,240x237,360x356,480x475,540x534,640x633,720x712,830x821&from=bu&cs=160x0",3
8b33e37f29e6d60324783b39f4066e09.jpg,"https://sun9-32.userapi.com/s/v1/if2/LjZp7lVQruWN4VntiXkYdcY205ukcZBePaRCBILTOMyh4ExcQ2Y4KmUOZbSldaPSSvD3cKjBJ_U6nyzm4GzGmOfU.jpg?quality=95&as=32x29,48x44,72x66,108x99,160x147,240x221,360x331,480x442,540x497,640x589,720x663,791x728&from=bu&cs=160x0",1
f4b71329c682f94b83b951e29562d984.jpg,"https://sun9-40.userapi.com/s/v1/ig2/WfdZFCXdS8_lZBvNncXgSqptG27JXEwLOrUwb6AQGi2cr4ZQt2_e6hc2lAsN7eWbpTXOJGx9USLWWRPUjxbb7hYG.jpg?quality=95&as=32x32,48x48,72x72,108x108,160x160,240x240,360x360,480x480,540x540,640x640,720x720,794x794&from=bu&cs=160x0",1
d067b2659617543a94b96a3957126d96.jpg,"https://sun1-28.userapi.com/s/v1/ig2/t_iE7rvszPWWS23nJqvj48tz9_lhvYShYTLchZbUBw1eQBml00-UWaUnwSTq1F9be3tMObGs75iPEqdIMFj5gkKi.jpg?quality=95&as=32x43,48x64,72x96,108x144,160x213,240x320,360x480,480x640,540x720,640x853,720x960,906x1208&from=bu&cs=160x0",5
989ede4a8163c67977d7d14f67a75cc7.jpg,"https://sun9-88.userapi.com/s/v1/ig2/aIG1hgCq3qQaZIGG6jf0v5XQ22MpfaWfs-EL2mdoTMh2-U6-ZUysESKom4nRX0zLRT4ED-2GCH5bTXhgYAROhQu_.jpg?quality=95&as=32x34,48x51,72x77,108x115,160x170,240x255,360x383,480x510,540x574,640x680,720x765,830x882&from=bu&cs=160x0",3
ee894984b4a925877e2ad8d855622ee2.jpg,"https://sun9-78.userapi.com/s/v1/ig2/uzMitIf9pOmvr6J9se-pMML5MPLQby3UdEnOMsle0p2K-jkkxBSkpeBKhT3HuIjQLBTkeX3gL9YJrUAXQBGJ6WKv.jpg?quality=95&as=32x32,48x48,72x72,108x108,160x160,240x240,360x360,480x480,540x540,640x640,720x720,1080x1080,1280x1280,1440x1440,1800x1800&from=bu&cs=160x0",0
134cf28acd632c418b16d9e6ffd955c0.jpg,"https://sun9-59.userapi.com/s/v1/ig2/CiqcE7_ZsvsgwTu770rEgeUFT1-WU_LG_HsWExUUFSJlgqed0GV885LZ_tWdhMBdt_slbukL9w4MukarnoCu57pt.jpg?quality=96&as=32x38,48x57,72x86,108x129,160x191,240x286,360x429,480x572,540x644,640x763,720x859,1080x1288,1280x1527,1440x1717,1490x1777&from=bu&cs=160x0",6
993d0cd40937b317ba81d41f90231242.jpg,"https://sun9-66.userapi.com/s/v1/if2/qapxIYP7PIvFGAS9iabKaY9hcSj6CcEhZm34hec2XGX2wieRL__fmaJd5QJ9jwUfmq3l8uovzmBQ1xSOTCrzVffe.jpg?quality=95&as=32x27,48x41,72x62,108x93,160x137,240x206,360x309,480x412,540x463,640x549,720x618,1080x927,1280x1098,1440x1236,1488x1277&from=bu&cs=160x0",1
8524e14b63a2166d6d01a62272ff3094.jpg,"https://sun9-31.userapi.com/s/v1/ig2/72q9WyzbrBi0MAS0DzdDLTjfdUmZn6oL_3cJFaorhnH-kE-UODSqFIDhXJHiVwhgkJPh9tnVSgNL0zIezBdxlEo0.jpg?quality=96&as=32x38,48x57,72x86,108x129,160x191,240x287,360x431,480x574,540x646,640x766,720x861,1080x1292,1280x1531,1440x1722,1494x1787&from=bu&cs=160x0",6
f6f33b90986623b8fa6ae70746367bee.jpg,"https://sun9-24.userapi.com/s/v1/if2/XCU3GDeda36NJSssOMDDVelPr5r9a5Jsre6F6tWWy2YTKrMOjxw5vj1JJUjRynWTk1lHGWI436HQftgXYFtb_bsJ.jpg?quality=95&as=32x24,48x36,72x54,108x81,160x121,240x181,360x271,480x362,540x407,640x482,720x542,742x559&from=bu&cs=160x0",1
fe5cd30c8aa3adb7447202c11fb3ea12.jpg,"https://sun9-10.userapi.com/s/v1/ig2/b-I9iEl8k8408wtGPxtDzaIOr4bumKA4h8WVmDizHt_ATbXlraPWYMcGiBctQGmeNRQHmaQ43b3SNPFD-dmMhSmc.jpg?quality=95&as=32x32,48x48,72x72,108x108,160x160,240x240,360x360,480x480,540x540,640x640,720x720,1080x1080,1280x1280,1440x1440,1800x1800&from=bu&cs=160x0",0
977393d302ec7476b6739b882d952238.jpg,"https://sun1-19.userapi.com/s/v1/ig2/eAGs6qZDEyzLg24cu-Y9RsjpfG6y6hcw5-W3ICAPekK-ldn1R3YnJs5eetMrx_RQuT2BuxHGCdroH3h_P0J1kerd.jpg?quality=95&as=32x48,48x72,72x108,108x162,160x240,240x360,360x540,480x720,540x810,640x960,720x1080,1024x1536&from=bu&cs=160x0",2
c97ae80263615bd67118616724c50076.jpg,"https://sun1-83.userapi.com/s/v1/ig2/xRBMwRO3sU7ZadFuVswN9IWih-nFCCAVgAFYvfZICpHSJ0BAxJFtx_wxlVpEAnYZ26kX9mzfJXJIjMtZ1tuNQ-3k.jpg?quality=95&as=32x40,48x60,72x90,108x135,160x200,240x300,360x450,480x600,540x675,640x800,720x900,1080x1350&from=bu&cs=160x0",4
a95a0b43897e309e7678198cc986dea5.jpg,"https://sun1-83.userapi.com/s/v1/ig2/S0bf-xmRYuk0XTGqBPBKUKsnKSgGXBM7dFHpDlR7PUBWVgeOAPlQsEzL2qIHW53fQER7St_deVnSEANhAzPlvzGL.jpg?quality=95&as=32x43,48x64,72x96,108x144,160x213,240x320,360x480,480x640,540x720,640x853,720x960,1024x1365&from=bu&cs=160x0",2
dc8c9529ee8f28880c0546e569689283.jpg,"https://sun1-92.userapi.com/s/v1/ig2/lvGTgvMRBzOzgl6pkVRK6QtD55LGjdsUIOcKpA10ia76PQApeTUij1HWyoVvYR0UCbXRSvAmncV_HBCjq8gBq_dl.jpg?quality=95&as=32x32,48x48,72x72,108x108,160x160,240x240,360x360,480x480,540x540,640x640,720x720,1080x1080&from=bu&cs=160x0",4
6b057d982a18878e1f7b7d4c307bec5c.jpg,"https://sun1-95.userapi.com/s/v1/ig2/0X9h1wWK4VHXPNpmBNLzXC8CVsxXvqTLsVmI6tymM6hak3zepj9iG6G0X81m0oS18FTj82-jRzotOAEncAR4SlUb.jpg?quality=95&as=32x43,48x64,72x96,108x144,160x213,240x320,360x480,480x640,540x720,640x853,720x960,960x1280&from=bu&cs=160x0",5
51949879bc8dfb0f97d94e485599f054.jpg,"https://sun9-64.userapi.com/s/v1/ig2/sedj2sVEm58w7KfBcEEPDKoJ1s4rAbwJHIfxrZzsaoasz_XMa7tW6RYGQywu7FPeJttzCu0TS0neC_pYzBlpnyXF.jpg?quality=95&as=32x32,48x48,72x72,108x108,160x160,240x240,360x360,480x480,540x540,640x640,720x720,838x838&from=bu&cs=160x0",1
859362b0d7decd642a2a7315e0ce97ac.jpg,"https://sun1-29.userapi.com/s/v1/ig2/siVFEQ-HD4EWtD0erFNjlIcZme9e_5Mjg5aaqF5V8dsPm6IoOFcpnyHncxVGxmybFjnJW5WJ7L7MqQDEvsiveQ8M.jpg?quality=95&as=32x40,48x60,72x90,108x135,160x200,240x300,360x450,480x600,540x675,640x800,720x900,1080x1350&from=bu&cs=160x0",4
d459a5fd8b154fcba59a98e925e28df4.jpg,"https://sun9-82.userapi.com/s/v1/if2/SNMaC0Hsw11qUTCeQsEAjmLCSnl64fUsqNfAxzM_XXHM-FTEKJB-sC2AH3-Pi62uhFRy9SZ5Wjdi6BciAk6Yf7gW.jpg?quality=96&as=32x31,48x46,72x69,108x103,160x153,240x229,360x343,480x458,540x515,640x610,720x687,1080x1030,1168x1114&from=bu&cs=160x0",6
89a03609b5afe3bbff22ccbdc0374a5c.jpg,"https://sun1-91.userapi.com/s/v1/ig2/SJt3nDqp4Ug2L9voyHwh_XbnaT7A79UHx2EzTGFBasO2uYP30NWnbUXRWeeU3Cuh0PQWFm46iiTUca8xySs9aGOU.jpg?quality=95&as=32x32,48x48,72x72,108x108,160x160,240x240,360x360,480x480,540x540,640x640,720x720,1080x1080&from=bu&cs=160x0",5
03078dbf1328cac508991a4d6baddb21.jpg,"https://sun1-55.userapi.com/s/v1/ig2/qDyF0UrFiFt_b3fl85nwCOL_8JXISJch4IHPVrxlHCfMoa7jHG90Ps66NVasPTCojePE_VFhW66k4-KrlbcHRK40.jpg?quality=95&as=32x32,48x48,72x72,108x108,160x160,240x240,360x360,480x480,540x540,640x640,720x720,1080x1080&from=bu&cs=160x0",5
e64d0f99634ad472c4027c84767d7c16.jpg,"https://sun1-16.userapi.com/s/v1/ig2/VZCFf2iqnZSniVnwhASKnnbawlYHFz_jIwNlwlq3H7WUcvA76UgHkthB9htb_Wbe7iP8QMqB-pbRbliSq3Ay5c0T.jpg?quality=95&as=32x33,48x50,72x75,108x113,160x167,240x251,360x376,480x501,540x564,640x668,720x752,1080x1128,1280x1337,1290x1347&from=bu&cs=160x0",5
493ae9d6eafd4725601678badff55cca.jpg,"https://sun1-95.userapi.com/s/v1/ig2/_kADFMCfvPCzcAs1SMEo5SrqMi_PItTXNhY3yU4rbWI9LFqtpLnrg_VGTYyux_yapp9ByvGemWnn_qCEL3URjqU_.jpg?quality=95&as=32x32,48x48,72x72,108x108,160x160,240x240,360x360,480x480,540x540,640x640,720x720,1080x1080&from=bu&cs=160x0",4
8f540aa431d929d2663cdb84211621ec.jpg,"https://sun1-27.userapi.com/s/v1/ig2/ISVdtX3gdMCAcprlkuUrJUJf46annH2o3Kok3xUNsbXbUVm8s_bNix0UU1wulUeAGFbGvutwHDyoMDCvrXmFcAuz.jpg?quality=95&as=32x40,48x60,72x90,108x135,160x200,240x300,360x450,480x600,540x675,640x800,720x900,1024x1280&from=bu&cs=160x0",2
64ca9658f9f36cd16f72ac8445c19a9f.jpg,"https://sun1-27.userapi.com/s/v1/ig2/uxgTMWgC5XedwkP31JmUECGw3AuQK6GSI16-zI8pfdLxmXjI4rQ897FGUku7NueukMTibqhLEIfUTaxCKUHwf759.jpg?quality=95&as=32x38,48x57,72x85,108x128,160x190,240x285,360x427,480x570,540x641,640x759,720x854,1024x1215&from=bu&cs=160x0",2
d595c6279b6ea890a3b0ce2050732709.jpg,"https://sun9-24.userapi.com/s/v1/ig2/5QCATrS4w7zqzjb8dMtMRtHTl43L1zqvwsYHsf0s5rRw_b3HMakVHUElEt4HVY2DRRzZM6_7knIHjrvZh70rgzm8.jpg?quality=96&as=32x54,48x81,72x122,108x183,160x271,240x407,360x610,480x813,540x915,640x1085,720x1220,986x1671&from=bu&cs=160x0",6
43d547d0960673a41fc5eadac3a93b9e.jpg,"https://sun9-16.userapi.com/s/v1/if2/TC8b_q9bEcHLaD3AvPtfTAAGyEcl_sEj3erlAU69c0MwMk-XjmhUsAydjgiEa6vy89pxu8AJVNdXaPgHW3CvKT_K.jpg?quality=96&as=32x21,48x32,72x48,108x72,160x107,240x160,360x240,480x320,540x360,605x403&from=bu&cs=160x0",6
78e0b9cbe741fdcd5708ef7318d826ea.jpg,"https://sun9-70.userapi.com/s/v1/if2/RgFxcAFPlgnr6Mcsj4Zz2qQv3GoBk9h9OSqgUMX7VYOqzGN7qTP5QrI_06cyitMieKCOspcg0dzc1cygED5j0GoR.jpg?quality=95&as=32x18,48x27,72x40,108x61,160x90,240x135,360x202,480x270,540x303,640x360,678x381&from=bu&cs=160x0",1
48e8286ee2c20c674e804fd19234529b.jpg,"https://sun9-12.userapi.com/s/v1/if2/I_5xRwu1AIpr0yuWzQKjl9wDFmtDhBPlJ4AGJI4DAKDHhr0zG80nn5Rl_-1adPsy1A7d-Wz7NF9qf0oDWQqax6xI.jpg?quality=95&as=32x26,48x38,72x58,108x86,160x128,240x192,360x288,480x384,540x432,600x480&from=bu&cs=160x0",3
456d7c40806518dc743a22907ca4b88a.jpg,"https://sun9-69.userapi.com/s/v1/ig2/r_kNR_mB5hf_I1UeP3ag4c201ta1OayllNjSjkvNqUu9EDIh20Fr_cd5GAAPycgwsrUsTYz3flyNlhBV0NTCoO5T.jpg?quality=95&as=32x48,48x72,72x108,108x162,160x240,240x360,360x540,480x720,540x810,640x960,720x1080,1024x1536&from=bu&cs=160x0",1
849a350cd497073b5502fe33699bad11.jpg,"https://sun9-43.userapi.com/s/v1/ig2/_cHtKLVnbazrp0mpjo84DBjX4iwWKy2wMFO7VQCnenFzFxIMQXarkeh8YXIBZfNioN5lKtxPIfVcjew0EkZXfV_6.jpg?quality=96&as=32x43,48x65,72x98,108x147,160x217,240x326,360x489,480x652,540x734,640x870,720x978,906x1231&from=bu&cs=160x0",6
680c38acce50dbb39ba644c4d36b9c73.jpg,"https://sun9-10.userapi.com/s/v1/ig2/e6Ph3iIugck_LMLfYwmsufO9cfOGrQbmRhGuRyvbhwZPOMbqoSFZSyS07iDYjIA9baQ0io2-zS5CbU3mFpT0KJUb.jpg?quality=95&as=32x32,48x48,72x72,108x108,160x160,240x240,360x360,480x480,540x540,640x640,720x720,1080x1080,1280x1280,1440x1440,1800x1800&from=bu&cs=160x0",0
1b664aeff0dfa7b0cc88d513f816d912.jpg,"https://sun1-92.userapi.com/s/v1/if2/ISFXGNpMa_Ucxqi-qfsiyh0LgUq8FBIG5SBu3SrGqa77mpk2_aT7w8ZJfXmFmX_fwn0ssSJkEOA4R_ISHpM5lMrt.jpg?quality=95&as=32x27,48x40,72x60,108x91,160x134,240x201,360x302,480x402,540x453,640x537,720x604,940x788&from=bu&cs=160x0",4
1a023d2ce9b2cf385f2aca64e2795e6f.jpg,"https://sun9-87.userapi.com/s/v1/ig2/t6I98lo8XqVsy0-BOmBQa25lx2ySQvtTIiAMa5WyUl91PYafBU68JPi0hXqTF4bAndLG5RQ7WR_a1W7u3jqKWgU0.jpg?quality=95&as=32x43,48x64,72x96,108x144,160x213,240x320,360x480,480x640,540x720,564x752&from=bu&cs=160x0",3
6a2e3559fb9737b5a1c3b64e05f1fffd.jpg,"https://sun1-94.userapi.com/s/v1/if2/9A4IS3dZ2TTVzMtsFU72BODFe_1_espKqDZ_9Qu1O-DKiGWZlPxFKYvQDBknnE5FyxrnEE3f1g20unlC8VHTWO05.jpg?quality=95&as=32x21,48x32,72x48,108x72,160x107,240x160,360x240,480x320,540x360,640x427,720x480,1080x720,1280x853,1440x960,1536x1024&from=bu&cs=160x0",2
d2d17142b606066e195ac52f6c79c958.jpg,"https://sun9-17.userapi.com/s/v1/if2/xEtW_MRVIKRkq0xnE-0IRLztv5SPtDthM02Nf5DYhjI1kx5dar-e9cmOtOlDv-d7_BopJpk5PD7dcppvMSY1h6h7.jpg?quality=95&as=32x28,48x41,72x62,108x93,160x138,240x207,360x311,480x414,540x466,640x552,720x621,962x830&from=bu&cs=160x0",1
494fad52727f3f7dd2ed01433cb7c340.jpg,"https://sun9-73.userapi.com/s/v1/if2/u_d_3yXVH1lAgCe_Da15LpHj_JsKYHTg0CIW00w_C_mcMphwt2OntXiICBwi3xSq2h5ABlvUOHCMVJQiWUrIH35Q.jpg?quality=95&as=32x28,48x42,72x63,108x95,160x140,240x211,360x316,480x421,540x474,640x562,694x609&from=bu&cs=160x0",1
c80e2dd68bbf9afc36e5a0139d15072e.jpg,"https://sun1-17.userapi.com/s/v1/ig2/rwWjqEX5bY4lrKV0bMV5O-pDZsIm5r270IOd5X9psCjTtc-OfouyFZQa300UKrLzVq4UJJyCUvC-f2CsMVdzMN28.jpg?quality=95&as=32x32,48x48,72x72,108x108,160x160,240x240,360x360,480x480,540x540,640x640,720x720,1080x1080,1280x1280,1440x1440,2560x2560&from=bu&cs=160x0",0
2c4a5b2148ac9d69651846c6a4227b99.jpg,"https://sun9-23.userapi.com/s/v1/if2/xw6k-8E8noL8zIcmoOgUvOIZLTFg5zPAWGWBtCZWyg_m06Gtm-UrrZ1LhGvZ50vzS_J5asqf7nBb4gYJo4-XVKg-.jpg?quality=95&as=32x28,48x42,72x64,108x95,160x141,240x212,360x318,480x424,540x477,640x565,720x636,733x647&from=bu&cs=160x0",3
55c4e8821c70491be2a7d02df26fe32d.jpg,"https://sun1-94.userapi.com/s/v1/ig2/8Kl3YZh1HCQO4yZZehp75XF8Pf8w1rabxQu_vw8L6NeoCg_jj9EcN3jgGKn71trNH5X_pznr8Bdyg0lppJjqeBZV.jpg?quality=95&as=32x32,48x48,72x72,108x108,160x160,240x240,360x360,480x480,540x540,640x640,720x720,1080x1080&from=bu&cs=160x0",4
770b61b94f99babf38af164edf1a2933.jpg,"https://sun9-13.userapi.com/s/v1/ig2/e3pvuObwFHI_x-RjNh8aNxh7T8z5rrTiUeVP5UefPYGKAedt8F-ZzNa-CKrMjKZTPfP7l-NpNmxGx_HDc3qPFSAT.jpg?quality=96&as=32x32,48x48,72x72,108x107,160x159,240x239,360x358,480x477,540x537,640x636,720x716,1080x1074&from=bu&cs=160x0",6
865bc228f69872d0bfcb0ef1a3e60f03.jpg,"https://sun9-85.userapi.com/s/v1/ig2/u0aicQyN-SVecMUv7KKAKiaNwc2QeZ2J6pe6JPR8bBmH0aIxrt5c6eyZJUUKQLhRKhzSQRgvsI_fqd5sva5_aOC-.jpg?quality=95&as=32x32,48x48,72x72,108x108,160x160,240x240,360x360,480x480,540x540,640x640,720x720&from=bu&cs=160x0",3
48b588fc16f4292af45004b8b69879df.jpg,"https://sun1-90.userapi.com/s/v1/ig2/NwH-8w2ao5qcT1FLpmRE_m5UnsgKgi9Y7WSmrw7uBjmT81P3Fitvxuigdum7rPTl6tdzZMRCJsXl9dvm1A8-66pp.jpg?quality=95&as=32x32,48x48,72x72,108x108,160x160,240x240,360x360,480x480,540x540,640x640,720x720,1080x1080&from=bu&cs=160x0",4
267bdc2af108be065a14e6a9da939e5c.jpg,"https://sun1-29.userapi.com/s/v1/ig2/IbxZxlRljlprRdegibeHsgTYh78VMZgig9fDzwJUqUMekMIQe1IMncc_uyWsLZNBWU0H9ht36xO34jkIKgpKNz7I.jpg?quality=95&as=32x48,48x72,72x108,108x162,160x240,240x360,360x540,480x720,540x810,600x900&from=bu&cs=160x0",5
ca87c252748e49e7ec67cfdfb39e35ac.jpg,"https://sun1-88.userapi.com/s/v1/ig2/iXzmERoTdInWmFh6sxQR1fwJS7SoM_w9U-p85dVjUGYfegpeJ00UzKcrQz8LtD0DxQxGZKklnWjJv6vC5S8dO9Ve.jpg?quality=95&as=32x40,48x60,72x90,108x135,160x200,240x300,360x450,480x600,540x675,640x800,720x900,1080x1350&from=bu&cs=160x0",4
c95893494ea4abae59ed33c320fbcab1.jpg,"https://sun1-85.userapi.com/s/v1/ig2/mFj95cB3Tg8sZwYHxXGckLrAyhRJy01yI15MsaZP0Gdlbti6D3gM8YNuHjKygdXZIPwjNjVP8aI9lthiH70eJ4Rz.jpg?quality=95&as=32x32,48x48,72x72,108x108,160x160,240x240,360x360,480x480,540x540,640x640,720x720,1080x1080,1200x1200&from=bu&cs=160x0",0
ba13b01ef687efbc2261e91a53d37a24.jpg,"https://sun9-86.userapi.com/s/v1/if2/EWxIKyYeqR_5xl5JZAM7arw_s3ZJ-LGoJPs09VrXfYlIubR5QwwgHYwllRZykMgONymERYZVhCBqvXdpz3LWx4uG.jpg?quality=95&as=32x22,48x33,72x49,108x73,160x109,240x163,360x245,480x326,540x367,640x435&from=bu&cs=160x0",3
86ef99827ef81a911cb69e6600832496.jpg,"https://sun1-21.userapi.com/s/v1/ig2/CIOzup3OlcmlvgzSb26D4jWL9nbof1s6SQSYxyoVpQICxip5V2u1BsgcHEN5ic5x1K0QjpggwWgoVzA9uj-Crk1E.jpg?quality=95&as=32x32,48x48,72x72,108x108,160x160,240x240,360x360,480x480,540x540,640x640,720x720,1024x1024&from=bu&cs=160x0",2
d2bfd646f6875e401f4004e4af933231.jpg,"https://sun1-22.userapi.com/s/v1/ig2/101DMVmpCW71WZ0csvJxY6v4vSkVWhgevXWOXFkUv7vwXIcxp77qNKUEisHBKFl1LNFtLYcGkOp1L__9FTMbSrqi.jpg?quality=95&as=32x40,48x60,72x90,108x135,160x200,240x300,360x450,480x600,540x675,640x800,720x900,1080x1350&from=bu&cs=160x0",4
951ef1c208150ff2de6d45e4bc54a435.jpg,"https://sun1-23.userapi.com/s/v1/ig2/WFq-J6LCgt8qIpnL0tnL4U84rUKX2DmwVRTYXsJB12Uqrg7yu4tA8yGNKXi3p-I25eeayhlpESWwswDM1t0O1nwV.jpg?quality=95&as=32x53,48x79,72x119,108x178,160x264,240x396,360x593,480x791,540x890,640x1055,720x1187,811x1337&from=bu&cs=160x0",2
a39edfec571e631c451d225becd054f1.jpg,"https://sun9-14.userapi.com/s/v1/if2/EDwVXvH5SB_jHTIaowHojMda3nrxdCpKPRmv8iebkI0dVY86C9rawUio1GP6DkCH3lKYm3m3lhYYUdNokrp6HMvU.jpg?quality=95&as=32x17,48x26,72x39,108x59,160x87,240x131,360x196,480x262,540x294,640x349,720x392,800x436&from=bu&cs=160x0",1
da5941fe2139d2c4f99e79679158e059.jpg,"https://sun9-29.userapi.com/s/v1/ig2/4QFe_XKmWqhGtVgmpii4fryZfU2em0iZNgPydQC9Q14HgLdrJsxB_sWrIs5azQiV25zuNQ-GjcN0vEVIN4YUV3sw.jpg?quality=95&as=32x32,48x48,72x72,108x108,160x160,240x240,360x360,480x480,540x540,640x640,720x720,1080x1080,1200x1200&from=bu&cs=160x0",0
bb54af90be5c35e031451c3e05770fef.jpg,"https://sun1-22.userapi.com/s/v1/ig2/6a3Roml4LHwEYXrHg4eZlADqcEMnF32FJdOBu4_nFEXL72KOAdDzDHL04E7gpbd_bHMN4KJNOWF-EVZmiqrPW-D3.jpg?quality=95&as=32x57,48x85,72x128,108x192,160x284,240x427,360x640,480x853,540x960,640x1138,720x1280&from=bu&cs=160x0",5
37e0427046eb686ee58b244056b0e8ca.jpg,"https://sun9-79.userapi.com/s/v1/ig2/DLIUOvAVTL9jiHu-xoVWjyTW0qbTH1aNsvORo0Czhd4ITq600-zbDh9tukh3B4oUeKXNmRcZJgOq4x2Lbxlk_1P-.jpg?quality=95&as=32x33,48x49,72x73,108x110,160x163,240x244,360x366,480x488,540x549,640x650,682x693&from=bu&cs=160x0",1
4c979f0f9df2f6ee3f224c63c3f2c853.jpg,"https://sun9-45.userapi.com/s/v1/ig2/ak-VR9PzrBuRHzeBp_UbVA1XJjEbDfCVfCcvQPUTYyQ1k1E8krgp6_F3FRht4qphQLPCaRZiDsiJVfT4VFAhof5w.jpg?quality=95&as=32x32,48x48,72x72,108x108,160x160,240x240,360x360,480x480,540x540,640x640,720x720,1080x1080,1280x1280,1440x1440,1800x1800&from=bu&cs=160x0",0
7e5f2e917a089afb81810d7d43e6981b.jpg,"https://sun1-95.userapi.com/s/v1/ig2/ca0Umg8KQS-AJ_KT4k9-sHfhRRvRzyMFgqVPFYxWCBFSQjiMF7BF9STMvGEZub9nzdJfSIvVWrZRxL-mBA61WdSt.jpg?quality=95&as=32x45,48x67,72x101,108x152,160x225,240x337,285x400&from=bu&cs=160x0",2
f3be890e747e9235b6d8a32c0a511a56.jpg,"https://sun1-23.userapi.com/s/v1/ig2/yQVf3crN3YxrBv90HIvXO7aqx_iJoT7kGgICKkNZsxkY6g6395OxUNQXukNSXKhe0RCboZka3KN8Huf3w-5bCPx4.jpg?quality=95&as=32x32,48x48,72x72,108x108,160x160,240x240,360x360,480x479,540x539,640x639,720x719,767x766&from=bu&cs=160x0",5
d91b7fe0d42a932ece6c38061abfc37b.jpg,"https://sun9-32.userapi.com/s/v1/ig2/SNcOm1xxKknPZUQXFKNF7_lEbWsD3Jr3P2HTBB8LBDh5irpKVrzelXcit94lmoi_xzUXDjeNlS-5yXpvwfpvHPC7.jpg?quality=95&as=32x32,48x48,72x72,108x107,160x159,240x238,360x358,480x477,540x537,631x627&from=bu&cs=160x0",3
9b58c2a6830ca9d8f6961f1aaa77e325.jpg,"https://sun1-30.userapi.com/s/v1/ig2/YE-86SJzpMUq8nWwR8VkQxBYEBpFecumg-vXJYmcJ9tv3_AqLeMJEHJ1T1_LlkrSnDtZ_-F7vnnLzYXSFtYdyumY.jpg?quality=95&as=32x41,48x61,72x92,108x138,160x205,240x307,360x461,480x614,540x691,640x819,720x921,1024x1310&from=bu&cs=160x0",2
37be00b87cd0cab58e614ae5d25886f5.jpg,"https://sun1-93.userapi.com/s/v1/ig2/7c2_XdFP38Q08cbqw6LxgQsayEoDtRn39Dc2IeTW7Ij8eCZoVql4WHDS31FplbAWg-v3dXuEwAp5M_h5_RfiNORh.jpg?quality=95&as=32x32,48x48,72x71,108x107,160x158,240x238,360x356,480x475,540x535,640x634,720x713,1029x1019&from=bu&cs=160x0",2
86333dc5adb8ade84f47a142d6d13a52.jpg,"https://sun9-49.userapi.com/s/v1/ig2/oXQzoxPk4IBkYoiIj01kIF8wVYX2u_Pnhoag5gEM4lhdLuSYMzS4fLoDNixQJ7IaTeWEqWHWU359d9tRjY87-Ly8.jpg?quality=95&as=32x32,48x47,72x71,108x107,160x158,240x237,360x356,480x475,540x534,640x633,720x712,830x821&from=bu&cs=160x0",3
14fd28e18e2f731fcbda061575940cfe.jpg,"https://sun9-19.userapi.com/s/v1/ig2/hiKt6e_zKlriHBl0EGNYS1bcmTOlMPBEjSHT2ZTdRcmbSYg4d8DOtXUrmZMReimJqxTGbeP_ydP95rAlZbTqrRF3.jpg?quality=95&as=32x34,48x51,72x76,108x114,160x169,240x253,360x380,480x506,540x570,640x675,657x693&from=bu&cs=160x0",3
182a18417be478e76f5694bc0c752b03.jpg,"https://sun9-15.userapi.com/s/v1/ig2/Bca2oQuLY-y9gkYIHE4mlwtTU3u3xiDEQvGIQZGNhKJhnU0xYqjsy0l65RIUV6PiIGfofv6TNiHM4uDvPWGzDubY.jpg?quality=95&as=32x32,48x48,72x72,108x108,160x160,240x240,360x360,480x480,540x540,640x640,720x720,1080x1080,1200x1200&from=bu&cs=160x0",0
06a2d1d6b22625d232784051806ad61b.jpg,"https://sun1-15.userapi.com/s/v1/if2/zcmamsXI1i8WqXWVmed_QlJhNO83_szsx84m2ZuNCklxsV4TCX7YxKbwOu3qfPoD-TMC6gxBy19MaeF-MGALxc6-.jpg?quality=95&as=32x31,48x46,72x69,108x104,160x154,240x231,360x346,480x461,540x519,609x585&from=bu&cs=160x0",5
c0d3c93d6af404f168a772854a140a30.jpg,"https://sun1-18.userapi.com/s/v1/ig2/QDiklLHW09iRWNalqPINqWpLBSDLlGKC2Z4TkF2q0YkEUW5p6OqkhWGziKfANdagRQHRMhXWA5-Omvj5ekuIr61e.jpg?quality=95&as=32x48,48x72,72x108,108x162,160x240,240x360,360x540,480x720,540x810,640x960,720x1080,1080x1620,1280x1920,1440x2160,1707x2560&from=bu&cs=160x0",5
50af86840d160fd5343ad14ef1639638.jpg,"https://sun1-20.userapi.com/s/v1/ig2/0TMjC1r5KTd1nKFTBU9U8bXRILu9dXn68k8R8QWiF_72byvhuyFhM__tADv4gfX1AMt3DPGYsQj3T5JhMRkufRlj.jpg?quality=95&as=32x48,48x72,72x108,108x162,160x240,240x360,360x540,480x720,540x810,640x960,720x1080,1024x1536&from=bu&cs=160x0",2
398caab3b77d9e3f4a74bab8d91e3b9a.jpg,"https://sun1-96.userapi.com/s/v1/if2/BQNgpJ_IsrQLwdiXB2JkWWBI39C2C64TEaorxavw67z9ztgqMelPdZ4jnKY3iym1vfu4TW8SsliEAkR1dHTqKGaN.jpg?quality=95&as=32x24,48x36,72x54,108x81,160x120,240x180,360x270,480x360,540x405,640x480,720x540,1080x810,1280x960,1440x1080,2000x1500&from=bu&cs=160x0",4
cf8de8c3179d5fa61fc761dc04091e8d.jpg,"https://sun9-11.userapi.com/s/v1/if2/pt7x0XQQpz6LgCVcMFc1CRSpu8VPqK6Bb0IHsZHsC06wTrGQ3JGY9Vs7jstvBV5v5mxjcwmmyhkUR6QjKHpy3XfI.jpg?quality=95&as=32x28,48x41,72x62,108x93,160x138,240x207,360x310,480x413,540x465,640x551,720x620,1080x930,1280x1102,1440x1240,1483x1277&from=bu&cs=160x0",1
9276bdc04fed384425f436be04acf295.jpg,"https://sun1-30.userapi.com/s/v1/ig2/w4Le4HnnG83MhdGCQtJEXLa0Ek0xCLKbsFhXoxGgtHNUj7x9htEjkksAzu8kzr8nO8VEyINGYcqkDIAZR_CkOnap.jpg?quality=95&as=32x48,48x72,72x108,108x162,160x240,240x360,360x540,480x720,540x810,640x960,720x1080,1024x1536&from=bu&cs=160x0",2
4076ea04632d2ba9c6f5ad5211037fef.jpg,"https://sun9-47.userapi.com/s/v1/ig2/wiIhLGaS_3Rq0Vp1vG_vgl_b1rKuueFMmmu6h5eYQ5J9WwIXenmkE5fwbJCaJaao_apJOf2CIl4hoBdGR979FXTb.jpg?quality=96&as=32x32,48x48,72x72,108x108,160x160,240x240,360x359,480x479,540x539,640x639,720x719,1080x1079,1280x1278,1440x1438,1458x1456&from=bu&cs=160x0",6
6a3ea7782b9c7f4551f4e33aa156d6eb.jpg,"https://sun1-88.userapi.com/s/v1/ig2/ZMqkBYSZy3rM5_9_sjY8rN1wvYbMWhrC5nGYcq-gX5EoPliE6rm8NwP2Rrvppo4b7vSQBbmXsJLh3uHjOFIN7Iih.jpg?quality=95&as=32x32,48x48,72x72,108x108,160x160,240x240,360x360,480x480,540x540,640x641,720x721,1080x1081&from=bu&cs=160x0",5
c6976a39f8c6b1a044423467a983dc4d.jpg,"https://sun1-96.userapi.com/s/v1/ig2/GdPZGmv9rhoQpwOHfaiWgHLJbfydzIX-CRHyeXeesT4t454yB9RrNf2UkuqcghMmMg5d2iZlUme4Bnk2eyWVbe6v.jpg?quality=95&as=32x32,48x48,72x72,108x108,160x160,240x240,360x360,480x480,540x540,640x640,720x720,1080x1080,1280x1280,1440x1440&from=bu&cs=160x0",5
f701aae413b3a444c1fd34ff44fd696a.jpg,"https://sun9-55.userapi.com/s/v1/ig2/2bnoqeWcJ4r7TeBRphI2xvTZVB68kR5iyH_15NZn-mrpYzhE47kN75bqF6e9r0biC6aA-X2zo7mvnSCTcYaTivmp.jpg?quality=95&as=32x32,48x48,72x72,108x108,160x160,240x240,360x360,480x480,540x540,640x640,720x720,1080x1080,1200x1200&from=bu&cs=160x0",0
21d74d0de2df96aa5c8f97095981b663.jpg,"https://sun9-18.userapi.com/s/v1/ig2/Oy7sO08GQeUewH5qD7KlCWOvVFctA1nL4GzrIyUgw3i3dUyDNriDlqEm9hyptErTN83Dj4VO9XQuHB-6fOSfJ3xl.jpg?quality=95&as=32x32,48x48,72x72,108x108,160x160,240x240,360x360,480x480,540x540,640x640,720x720,1080x1080,1280x1280,1440x1440,1800x1800&from=bu&cs=160x0",0
9533372ac7414980fb49631fc4fc3007.jpg,"https://sun9-33.userapi.com/s/v1/if2/JCUdeLCJXmMjiJbKo-Gr04K_0GfCurZfAyKiaL44zYMIeZsJcKu7DhjKZzd4zjUcJHdkDrcOCPqIW1dKIxDJhwbo.jpg?quality=95&as=32x17,48x25,72x38,108x57,160x85,240x127,360x191,480x254,540x286,640x339,720x381,1080x572,1280x678,1440x763,1920x1017&from=bu&cs=160x0",1
0d8e38b1d4c640da15a46cf654087309.jpg,"https://sun1-23.userapi.com/s/v1/ig2/iVisI-FzWzPEppMC5Jkqk-DQ_YOrox_1svwOKSZQAG02aH1I1a8xAoQoNcfUdc9prOr8l_ZPEhQOjIQSiIPMfXoK.jpg?quality=95&as=32x32,48x48,72x72,108x108,160x160,240x240,360x360,480x480,540x540,640x640,720x720,1080x1080&from=bu&cs=160x0",5
69c694ea826bf5f7cbbb6d49d202457f.jpg,"https://sun9-58.userapi.com/s/v1/if2/_qMHncnDYBQ3nes1MB0iljeQt25Pn9RhBPlntOaXH7QXKk3nWdFcjW1Wc6xDOe3kwjKgbVJSoWFG1MjOKudxeNuo.jpg?quality=95&as=32x21,48x32,72x48,108x72,160x106,240x159,360x239,480x319,540x359,640x425,720x478,1037x689&from=bu&cs=160x0",1
f7c3dd43da2b8ba2d6dd0e1935bd6f97.jpg,"https://sun1-88.userapi.com/s/v1/ig2/vc0PuXQNg0D2qAU2mAxVO3a-QLN81J9kKaZlmKz8HPs10yWw9sC9aOnD9aVK6we8Uc5xwmAVAatnybovwICXxu7h.jpg?quality=95&as=32x32,48x48,72x72,108x108,160x160,240x240,360x360,480x480,540x540,640x640,720x720,1080x1080,1280x1280,1440x1440,2400x2400&from=bu&cs=160x0",0
d3bfcf022935c540f068934bc9d13403.jpg,"https://sun9-40.userapi.com/s/v1/if2/kbgmXI7Aru5SeEzgTq-hsY01t07z87O4p836_iEzQtHLNgQ1eSsNGcKQJ3xIXf6ILT2YGvPX4ZwKvu4WtdhpC-zP.jpg?quality=96&as=32x30,48x46,72x68,108x103,160x152,240x228,360x342,480x456,540x513,640x608,720x684,1080x1026,1114x1058&from=bu&cs=160x0",6
b52b07d895c5b152d4011e9eaef5a4dc.jpg,"https://sun9-72.userapi.com/s/v1/ig2/gZb2mjc5VXOV_6o42L3O6-Jo8TWGN9r7N9yocp6oyJNfTXiElcE9JuW8M-z2HZFRuNkymAlgiiqRN2-z-ZWzTQWS.jpg?quality=95&as=32x32,48x48,72x72,108x108,160x160,240x240,360x360,480x480,540x540,640x640,720x720,1080x1080,1280x1280,1440x1440,2400x2400&from=bu&cs=160x0",0
94364d2513b459ee54c7f91570cba506.jpg,"https://sun1-88.userapi.com/s/v1/ig2/GXh08M1161lXg-1HFei9h7ebPaeXdDeyP2_oW52KiSrvkmBfl23jBRiYchifQw024AKrb9BbsrSUlsgCUyAUq79T.jpg?quality=95&as=32x54,48x80,72x121,108x181,160x268,240x402,360x603,480x804,540x905,640x1073,720x1207,895x1500&from=bu&cs=160x0",2
9a601a7b0c7272dd0cbd02be40516d3f.jpg,"https://sun9-29.userapi.com/s/v1/ig2/uE0GH5np7s_XB0o4p2DqZxe8FxiaUPGoEk0SdBrwYUKDm_5ixY2ihLjp2EAx4oKjdsupFV2l_oOlEK4OOWfGZ9aT.jpg?quality=96&as=32x41,48x61,72x91,108x137,160x203,240x304,360x457,480x609,540x685,640x812,720x913,895x1135&from=bu&cs=160x0",6
2e7d953f8e48d9d4a22f71687c8bc985.jpg,"https://sun1-96.userapi.com/s/v1/ig2/GN2ltoKNOGqkAZdv0FyPg2VGA8kKlbsXFOKJ2-dzSa-Gl6iRBVRENq3plGSzeRhuaUP9MY2prJ_FJaHcv9J7YZ9D.jpg?quality=95&as=32x47,48x71,72x107,108x160,160x237,240x356,360x533,480x711,540x800,640x948,720x1067,1080x1600,1280x1896,1440x2133,1500x2222&from=bu&cs=160x0",5
975155ec427f04a64677c50745e3cdfa.jpg,"https://sun1-95.userapi.com/s/v1/ig2/OiHydUtk9h9ozz5K4N6DGYqmRlcQ5Sw-VU1QHMJv-O9s01xJeMEuolfkZv8pHutHxO3r5KEwrphHYEhn7Nk8zlo3.jpg?quality=95&as=32x40,48x60,72x91,108x136,160x202,240x302,360x453,480x605,540x680,640x806,720x907,828x1043&from=bu&cs=160x0",5
b30cb3f8163e6afc9d6a6b9c03d48096.jpg,"https://sun1-96.userapi.com/s/v1/ig2/e-tmp8hQoAhrjkBVfNkLIeC36C1fvLjpZKiVzyW7ajsvs_o7QTwIJCipKhZazwPYisiOZkDjcuWfkdtd3AJzLyHj.jpg?quality=95&as=32x40,48x60,72x90,108x135,160x200,240x300,360x450,480x600,540x675,640x800,720x900,1080x1350&from=bu&cs=160x0",4
e42ecb2f97ab09d20c1199c86324300d.jpg,"https://sun1-98.userapi.com/s/v1/ig2/Rm4ENKjx0AIuxgtguc0sjWfgJIs371i1KcKY_IxbWtJKQ2EuFGQ0RLrqdIXpGPJ3bvrheVEonoYJMndpK-qp791f.jpg?quality=95&as=32x32,48x48,72x72,108x108,160x160,240x240,360x360,480x480,540x540,640x640,720x720,1080x1080,1280x1280&from=bu&cs=160x0",5
e8e5a0204a93fd6965e3538f90a6288c.jpg,"https://sun9-83.userapi.com/s/v1/ig2/d4nKHHI-q6oGPOvTQYj3rm9Cq0ZahrratgurohcXEBhiifB_jbEc34M3jD_VWAdErY4KV9R9ikyfhfL1_pL08_PT.jpg?quality=95&as=32x42,48x63,72x94,108x141,160x210,240x314,360x471,480x629,540x707,614x804&from=bu&cs=160x0",1
64a3d319077dc58261b2f125b1170f38.jpg,"https://sun1-20.userapi.com/s/v1/ig2/omqWsjV6rVWClzRlOOV8MdsBMZs3NMjWmx24wefnITvPq7-JQ_vZZyPLCRJc7wv8HAApQyxNbFgYTqjqJ3nJPQ7-.jpg?quality=95&as=32x40,48x60,72x90,108x135,160x200,240x300,360x450,480x600,540x675,640x800,720x900,1080x1350&from=bu&cs=160x0",4
0094b91eb9d206b4ff7af3b55e20c0b7.jpg,"https://sun9-64.userapi.com/s/v1/ig2/ubJj6_uHM-QK_dT7gnMRkV_VQ4fulDBWoExhR0T5OtGZVp9y2W5OmFrJga-OyigtWqQvaAVGhf3gJ9owFBHK2z9P.jpg?quality=95&as=32x32,48x48,72x72,108x108,160x160,240x240,360x360,480x480,540x540,640x640,720x720,1080x1080,1280x1280,1440x1440,1800x1800&from=bu&cs=160x0",0
f3a97e623186e90fddd279b83225083d.jpg,"https://sun9-7.userapi.com/s/v1/ig2/6NeQJlP7vbQ6e4fGzP051lqN1UKJdC4xRfG9YoO8QgFzPpQ8qNKDIaK8uTnE6QmxOgicPKPgskoQgAh4TL4CYc2Y.jpg?quality=95&as=32x32,48x48,72x72,108x108,160x160,240x240,360x360,480x480,540x540,640x640,720x720,1080x1080,1200x1200&from=bu&cs=160x0",0
c96d57332ce6e46aca902c92677e895a.jpg,"https://sun9-81.userapi.com/s/v1/if2/A7f_4sieMqCLxJMoIXA-UGsZxwF0NydbT4o4f0wQPI3GntWiY9t_x34S-G8Bz-wBGPu-QGcIqPxjjjXdQvT1hZbM.jpg?quality=95&as=32x29,48x44,72x66,108x98,160x146,240x219,360x328,480x437,540x492,640x583,720x656,1080x984,1280x1166,1440x1312,1480x1348&from=bu&cs=160x0",1
72bb1a67ecc112834f0c89ee6635b9ec.jpg,"https://sun9-73.userapi.com/s/v1/ig2/7VkvxlGTuAy22QzCR2ZVjLtVrXWDjkWM_h28pr5GnKgKP_LoUOWqeE1Sut1Acgmj8onvUXN6e-MHWbwFWkrM2yg2.jpg?quality=96&as=32x32,48x48,72x72,108x107,160x159,240x238,360x358,480x477,540x536,605x601&from=bu&cs=160x0",6
dc68a5b522de85e88b8bcec774dfd22e.jpg,"https://sun1-26.userapi.com/s/v1/ig2/huyjCoHif9otBNNVY-7htetkGfvZtRZdjBO7QCk2tcesh9gRcmBGPNJ56vCkl35qq5dFNyY2M5Q9PhlL2lhqfJOg.jpg?quality=95&as=32x47,48x70,72x105,108x158,160x234,240x351,360x527,415x607&from=bu&cs=160x0",4
953cdbcd513b90331351370b20677545.jpg,"https://sun9-26.userapi.com/s/v1/ig2/NxGsRrRxtP91abv1PfGcOrXbrrL-LkTSq2NXewTVv__z1VAxjAOIJVDVvZZM17vfdgFQwSuK5bzyMjl9Jmb9Vx_e.jpg?quality=95&as=32x32,48x48,72x72,108x107,160x159,240x239,360x358,480x478,540x537,640x637,720x716,804x800&from=bu&cs=160x0",1
0592c5ecf0966aea0e6938b036643686.jpg,"https://sun9-27.userapi.com/s/v1/if2/vmzipw-miyc-cmMAsUDDGojJ5eGtx5a6nG969KGD0tOhZEtzGYcZ7emd8lPXnFKBCc97S5Td5RnU7DNm6WUAteqQ.jpg?quality=95&as=32x21,48x32,72x48,108x72,160x107,240x160,360x240,480x320,540x360,640x427,720x480,1080x720,1280x853,1440x960,2560x1707&from=bu&cs=160x0",0
6f511823070b882d85e6f7f145912369.jpg,"https://sun1-24.userapi.com/s/v1/ig2/ovWZxEgCFTHgZHSnIn4bmBx0GOoqCj0qETBago09XN8QpVpH9M3qaKBCtqq5vh-ejl8mAxGwucY6aarEGJROylKo.jpg?quality=95&as=32x40,48x60,72x90,108x135,160x200,240x300,360x450,480x600,540x675,640x800,720x900,1080x1350&from=bu&cs=160x0",4
4f165422165745aea9310497c619af25.jpg,"https://sun1-18.userapi.com/s/v1/ig2/z9abdyVS9jTPjhH4bHBM6nbWRnYZt8oOJ9lbDfMx50zTza8KxK3Q0wyMpozypU1UFxHTTIyagwhzoZOkABjqbf9U.jpg?quality=95&as=32x32,48x48,72x72,108x108,160x160,240x240,360x360,480x480,540x540,640x640,720x720,1080x1080&from=bu&cs=160x0",5
c74f5e27322b1936e776aa0f112212ad.jpg,"https://sun9-34.userapi.com/s/v1/ig2/zQmQ30uxMY3K6DivH4S2C1ymnVM_FV8HPSbczmSq6VO_uthO22E33F7W7NWe85z-PRkyBjhSk8hdbeupEjc_HuIk.jpg?quality=95&as=32x43,48x64,72x96,108x144,160x213,240x320,360x480,480x640,540x720,640x853,720x960,960x1280&from=bu&cs=160x0",1
5b0b6c10a9c3fb525659f4b1b3ccd02c.jpg,"https://sun9-65.userapi.com/s/v1/ig2/QdJweXTej_7ucKQ7Th1GGcwnzfIIvzHcB6pUu6yNmlH17CZvl-UpEt2Zoyuclq__PKE0r1oZzxMPlyLtfVyvU4-n.jpg?quality=95&as=32x41,48x61,72x92,108x138,160x205,240x307,360x461,480x614,540x691,640x819,720x921,1080x1382&from=bu&cs=160x0",1
ffd9db248af72c261d3de3cbef1ff5a9.jpg,"https://sun9-59.userapi.com/s/v1/ig2/qpNIRXmdtnkkKVlBVFAmG2xEFs1xN-2uJP4J8ZwD45m7_W5yVTf3WKvM47rk2tvC26eTaw5AxebaAVSERpmYWNeO.jpg?quality=95&as=32x32,48x48,72x72,108x108,160x160,240x240,360x359,480x479,540x539,640x639,710x709&from=bu&cs=160x0",3
0fd700232d294b41ed3fcd5f9bfed197.jpg,"https://sun9-77.userapi.com/s/v1/ig2/dI1DEvc7GNqsVb52e2_f7bCqP6EgaPhlrtJaRE1jWbZ1ZBz1q1SoeXmmkfeX3SEeSVB3AhqE5XyrAb9ySURoG6vI.jpg?quality=95&as=32x47,48x70,72x105,108x158,160x233,240x350,360x525,480x700,540x788,640x933,720x1050,794x1158&from=bu&cs=160x0",6
456114aa869d01ac912888ff7007b61e.jpg,"https://sun9-29.userapi.com/s/v1/if2/gswXOfNdPvSnxkwwMhhzNeD2HxSsfWc4D8UHuKgKiyYr2Bg8i39KIZvvlzHbswXbLxtcEJ8kZQFehJzfkxJQM5-H.jpg?quality=96&as=32x23,48x34,72x51,108x77,160x114,240x171,360x257,480x342,540x385,640x456,720x513,1080x770,1094x780&from=bu&cs=160x0",6
82dd4e5ec62c0325d245c4c70b7cafd5.jpg,"https://sun9-37.userapi.com/s/v1/if2/IFQtuk-aSEiVFz3d6bLRsUelaINkylZIkgfJWFGMU_zEohalqALg0fVGrgO8SZC6Csh5WYF-GlnX1xQk9wE39ssd.jpg?quality=96&as=32x21,48x31,72x47,108x70,160x104,240x156,360x234,480x312,540x351,640x416,720x467,844x548&from=bu&cs=160x0",6
a652c945ca9b420d543ceccaa217d281.jpg,"https://sun9-6.userapi.com/s/v1/if2/x7I5zB1-kx3gjxXqPEn6rt0_U8O5tuefKL4iHdI1o633kVDGbTAdmMdDfHMYHrRi4BGrGZKSybRwHNvRAI9v0XLn.jpg?quality=96&as=32x17,48x25,72x38,108x57,160x84,240x126,360x189,480x251,540x283,640x335,720x377,1080x566,1280x670,1306x684&from=bu&cs=160x0",6
11d37b1d247ae029faf5e82d2471116d.jpg,"https://sun1-83.userapi.com/s/v1/if2/RI8ukFbmkeh9dr2gvMk2bQIfrc463LowMaxc77wj0ABvZQQjgnD7uu21Qo0j_1O3pGzkFOYTPiMXJjJnetiGD7h6.jpg?quality=95&as=32x24,48x36,72x54,108x81,160x120,240x180,360x270,480x360,540x405,640x480,720x540,800x600&from=bu&cs=160x0",2
7f01b3ed68d004691130bfb9d0b182e9.jpg,"https://sun9-84.userapi.com/s/v1/if2/7aarH8zDv7J4Y0nMRgEFslbD1-xhtiC8g1xcVxA7Z_lHOweEXLtT-Mps4ToXM0RvL7b6wdx2zNrJubFmcFUQHF6w.jpg?quality=95&as=32x28,48x42,72x63,108x94,160x139,240x209,360x314,480x419,540x471,640x558,720x628,1080x942,1280x1116,1440x1256,1468x1280&from=bu&cs=160x0",1
ed9b14f41f6271ae75e0a80e49b364c1.jpg,"https://sun1-23.userapi.com/s/v1/ig2/X-KiGw_Z3L6mcibUG6_sQyTjbQHZkt8bGNW7C-bKVhI1eGbP4WMhSyF5Go3zou6X5yyiIDpJc4EXdJ7yUpwL6AQH.jpg?quality=95&as=32x40,48x60,72x91,108x136,160x201,240x302,360x453,480x604,540x679,640x805,720x906,1024x1288&from=bu&cs=160x0",2
15ea93e47730c234cc3194607e404f31.jpg,"https://sun9-61.userapi.com/s/v1/if2/UCJWceshVXzrd6259T7Q6aRPxXM9figVoFLyrQ3Xu39DZpferVyUBKfy4-EyifsijNfEOqoVv0LbWVFGeM2r0HU7.jpg?quality=96&as=32x22,48x33,72x50,108x75,160x112,240x167,360x251,480x335,540x377,640x446,720x502,840x586&from=bu&cs=160x0",6
b8fbbef8b0d2aacfb8617627ff33e6e1.jpg,"https://sun1-57.userapi.com/s/v1/ig2/UnEYRsb388LXcmYJyIjJUNH0QDBs0pNNdKdn1bhcBGV7KajKQJNjEhl_LKdFnEqioD80o249KrHUowFVvy-Os4o_.jpg?quality=95&as=32x32,48x48,72x72,108x107,160x159,240x239,360x358,480x478,540x537,640x637,720x717,1074x1069&from=bu&cs=160x0",5
568427f6f07a576002ad33653283bf84.jpg,"https://sun9-23.userapi.com/s/v1/if2/d6v1GzyiodNZ8KA0_tJq9Gh0Awe3UtdRdJLKQvGTorV9ntHj1on1c8dD2lcTpyxWoaA3-rukzMfyB-tap-lKWboF.jpg?quality=95&as=32x24,48x36,72x54,108x81,160x120,240x180,360x269,480x359,540x404,564x422&from=bu&cs=160x0",3
42dd643191c7ec202a718cf3b3785f8c.jpg,"https://sun9-82.userapi.com/s/v1/ig2/K1qZ7VDD-eutoZzYOKQv7a6BDWN192p2ACqMc4kHU5O3RQ8sDQ9Zn1RQVbCK8W4UnOzvea1I7ntyjw4iEJaTuPgf.jpg?quality=95&as=32x40,48x60,72x90,108x136,160x201,240x301,360x452,480x603,540x678,640x804,657x825&from=bu&cs=160x0",1
04451712634b5f3eec923be2dd78407a.jpg,"https://sun1-24.userapi.com/s/v1/ig2/jg4cQyHM_E1PvwiE2DWTnZtkW9hlZr1jAq6aNHKNIs8FYUikHaLoznL3V0ZFlMBae23R9wniQbOikPQvUvI-KO8t.jpg?quality=95&as=32x40,48x60,72x90,108x135,160x200,240x300,360x450,480x600,540x675,640x800,720x900,1080x1350&from=bu&cs=160x0",4
39e42e408564a40ad8815ea77d319ba9.jpg,"https://sun1-83.userapi.com/s/v1/ig2/1SbdfXMfg7gs1sZdzkcxQXHpUsEOeY9j8SIc5fUIU4Y9McM-0UJC6aSvfkrDNpyt7BU4ozNCPoSJqDE-5zjBLGea.jpg?quality=95&as=32x32,48x48,72x72,108x108,160x160,240x240,360x360,480x480,540x540,640x640,720x720,1080x1080,1280x1280,1400x1400&from=bu&cs=160x0",4
f8e362df993d60fc79f83341b04d6978.jpg,"https://sun1-47.userapi.com/s/v1/if2/kj2yOepmZlucUuTfbXDOi2X9Zc5wJnJ3Y4TDnlzS4iPTiJfoyTFYfbTEeMEOhN0eaFZ5cZeC8vLuM9FjC5WgqgtN.jpg?quality=95&as=32x31,48x47,72x71,108x106,160x157,240x236,360x354,480x472,540x531,544x535&from=bu&cs=160x0",5
d7bef3b991ec7b9b0c1d49bb5ac0402f.jpg,"https://sun1-88.userapi.com/s/v1/ig2/5j_Aud0Ie2dASYiFCLC7YBGwwzIRa-ghDWk6BmDQ1fBrhJVDiy4bQTvdoKMvrrWOqERaD30S-rN05nNUmy3WeTQB.jpg?quality=95&as=32x40,48x60,72x90,108x135,160x200,240x300,360x450,480x600,540x675,640x800,720x900,1080x1350&from=bu&cs=160x0",4
f785ffba1d6a090f76a5e9aed2b6ee22.jpg,"https://sun1-29.userapi.com/s/v1/ig2/3a5Ls73sbyNZRZajw3Y3paNqfmkEgW3VddurHqWbPErmLNBE-8HmXg94FgKZXd28_ZfQeBZh7DhZzE645_lg3Ev_.jpg?quality=95&as=32x32,48x48,72x72,108x108,160x160,240x240,360x360,480x480,540x540,640x640,720x720,1080x1080,1280x1280,1440x1440,1800x1800&from=bu&cs=160x0",0
6bd634802c6ac3f08afe632f43c90c79.jpg,"https://sun9-38.userapi.com/s/v1/if2/LzyLyhRNhpsiVCIu9T-Vdp3aNGwBNmnPXdyLUGpRYgVxVKFWyqKu5uoy7w7HVIMNmyBuXgO0SD6CjoKKJl06VuZ7.jpg?quality=95&as=32x28,48x42,72x64,108x96,160x142,240x212,360x319,480x425,540x478,640x566,720x637,1080x956,1280x1133,1440x1274,1441x1275&from=bu&cs=160x0",1
92dd392575139969dc42435de6c580c7.jpg,"https://sun1-18.userapi.com/s/v1/ig2/3OOcXA-2O3NJgMcLjl29SziasbozK7CvaaSQ7lzcKzyNRoUvugDf6jTnTwFmA-Ka8DeAYhHTdKcByYHue6wmCf5c.jpg?quality=95&as=32x47,48x71,72x107,108x160,160x237,240x356,360x533,480x711,540x800,640x948,720x1067,1080x1600,1280x1896,1440x2133,1500x2222&from=bu&cs=160x0",5
b448d3968a0bd15a91b80d166a05240f.jpg,"https://sun9-80.userapi.com/s/v1/if2/wxsJX6_UkSmUMSErhsV7cl1nhqpK0UHKPPWEjr1xMQa87j8HZrkg_BWZwvV05FwZ98jje-r5NT0b-mSSZtj1WUMW.jpg?quality=96&as=32x29,48x43,72x65,108x97,160x144,240x215,360x323,480x431,540x485,640x574,720x646,1080x969,1246x1118&from=bu&cs=160x0",6
59c31b01b088f0ed86aec52ac37262c3.jpg,"https://sun1-27.userapi.com/s/v1/ig2/9TaQxbTDrlNXl23PSXwM9sphxoeSJyTS17lfMtPPAvkCm915znNrdH5zr3tedbpe8lBqiOSIEqeziCrbnzs7eaNc.jpg?quality=95&as=32x32,48x48,72x72,108x108,160x160,240x240,360x360,480x480,540x540,640x640,720x720,1080x1080,1280x1280,1400x1400&from=bu&cs=160x0",4
d78d8cca4a8a0e63235314f46c4f2a9f.jpg,"https://sun9-69.userapi.com/s/v1/ig2/21ptEwE5eFgJMoONSGEpKXd005qkdHOo-fO5K3Drnf8qJvq0RKPBCtbrGcyOyY26TVC4uY5cxju0ZhHWccHayWVe.jpg?quality=96&as=32x36,48x54,72x82,108x122,160x181,240x272,360x408,480x544,540x612,640x725,720x815,890x1008&from=bu&cs=160x0",6
25e7c2021a2894d958212f6513fe7516.jpg,"https://sun1-21.userapi.com/s/v1/ig2/L5zC9CvmTop26bRsQRbgb9rAK_q81t8pftFW284cacWrBSr-8oFMD4PNPZhPGCC7QOxzGRyHypv7A-mHtef-7zMx.jpg?quality=95&as=32x40,48x60,72x90,108x135,160x200,240x300,360x450,480x600,540x675,640x800,720x900,1080x1350&from=bu&cs=160x0",4
b625848d960d6e57a6243b079c866507.jpg,"https://sun1-90.userapi.com/s/v1/if2/t9dQ51P6E7-xIrwfekgkjd_XbFWA8fpC-zc-tHvy8XkigfjU9SouacAFwFQOKxojKTihyq1KW6BFnjcWfM8mgHyP.jpg?quality=95&as=32x21,48x32,72x48,108x72,160x107,240x160,360x240,480x320,540x360,640x427,720x480,1080x720,1280x853,1440x960,1536x1024&from=bu&cs=160x0",2
8be5260959d1adf50c45a3ff74ccecc2.jpg,"https://sun9-82.userapi.com/s/v1/if2/4oXOpgyqeQhfsHBmvzOJ_RLuL8ACMjL0YaqYv53-MEw1cZJp6ROUdL02d98UttwZZh_UQ0w7pjM0vNurg9a2J6U_.jpg?quality=96&as=32x25,48x38,72x56,108x85,160x125,240x188,360x282,480x376,540x423,640x501,720x564,729x571&from=bu&cs=160x0",6
71ee57fa4562facd64417f4cc85bd85d.jpg,"https://sun9-58.userapi.com/s/v1/if2/yrV9w41Us9UNE9ndJNxeI-qRNYUBJcFwEezRGU1-v3hRqUAQhNICSengLv5K7uISwF8ZTyQ1uhBs1UH932_5eJjc.jpg?quality=95&as=32x26,48x38,72x57,108x86,160x128,240x192,360x287,480x383,540x431,640x511,720x575,827x660&from=bu&cs=160x0",1
d55d7dbf6b2edcccf5f9991391592c9a.jpg,"https://sun9-29.userapi.com/s/v1/if2/CuQXkfHLUHVTchB_hDnUpm2eKCzKEwTtEEU0mjSaijUlNNng6xl8AwlX6U8bPJ8Zt5__sOpcZGKBKi8gRfvYqP4L.jpg?quality=95&as=32x31,48x47,72x71,108x106,160x158,240x236,360x354,480x473,520x512&from=bu&cs=160x0",3
0bdff279af097a497d8fd0f601c77b22.jpg,"https://sun9-63.userapi.com/s/v1/if2/vSfkzqxDzSblPsIJmZvvhg6mPhzPDLD8RmmyUjxuHh0tn6aXpoW_7k7JkEboJuxpF6PJ6LXFlGAW5Gx608jJGTEG.jpg?quality=96&as=32x24,48x36,72x54,108x81,160x120,240x180,360x271,480x361,540x406,640x481,720x541,722x543&from=bu&cs=160x0",6
c4bbea16a3e72deb606d5ba2a3437605.jpg,"https://sun9-12.userapi.com/s/v1/ig2/pK1tUN5UffioNCsWbQ0n0tFchJU1fg4AclNuc7zQBiAy4QiXqyG2VF6o0q5upJlZFX2v9MxxL-s_CJ3NL2Dac6aX.jpg?quality=96&as=32x40,48x59,72x89,108x134,160x198,240x297,360x446,480x595,526x652&from=bu&cs=160x0",6
9f4e62a31db47571f8c51fa3055bed98.jpg,"https://sun9-59.userapi.com/s/v1/if2/FH0bZjQVmhDNnrkxEaFDWwJrs2mjB8c6pbHr3BHWDEDufIj-UZChEy-WZ9zPgAfkYyhiBgSF5eZ2KnqJZx_QyLon.jpg?quality=95&as=32x31,48x46,72x69,108x104,160x154,240x230,360x345,480x461,540x518,640x614,720x691,789x757&from=bu&cs=160x0",3
18fa52191332e6038a192dd69f846ac2.jpg,"https://sun1-26.userapi.com/s/v1/ig2/iHzaP16tkEUqgvEJBljdtXP0yBb1eVfSUwec8kVfvWDCuZeJIsVR8NoJH1JQq7ijGkNtSYniF4tLb5I3Zg9HS-aI.jpg?quality=95&as=32x32,48x48,72x72,108x108,160x160,240x240,360x360,480x480,540x540,640x640,720x720,1080x1080,1280x1280,1440x1440,1800x1800&from=bu&cs=160x0",0
dd5f6ec29988ab05814bd92ce7c6ec45.jpg,"https://sun9-48.userapi.com/s/v1/ig2/IVoRYZ0ClmboU7SQ4Yr_VsBeRVF5Jg_FLrqQ80goYRgMFpD61WhN9Wnbx5iX8vQIClFTSbEtAv1Q966fIZm0KcrB.jpg?quality=96&as=32x40,48x60,72x90,108x134,160x199,240x299,360x448,480x598,540x672,640x797,648x807&from=bu&cs=160x0",6
a077c5f60c6d96ffd79293915aa3c354.jpg,"https://sun9-46.userapi.com/s/v1/ig2/3frZDLKz43hzGgR81mlUY--qytSS2MdXgeuCSHsvCOB71oEplVO5EeMRjxCNSJehUfUOdiv8idBxuHRoZscjkF2D.jpg?quality=95&as=32x34,48x51,72x77,108x115,160x170,240x255,360x383,480x511,529x563&from=bu&cs=160x0",1
f3cbf8427c85a803022b98f4ace35bc8.jpg,"https://sun1-55.userapi.com/s/v1/ig2/oNC7_kXUGP8jHYjCbZ5oih-tTOxGNTr3BecAYucy9XKVsKEUWJ-431v8E4NruB8YOhgRzLx5tDt37uveF2ccgEcl.jpg?quality=95&as=32x54,48x81,72x122,108x182,160x270,240x405,360x608,480x810,540x911,640x1080,720x1215,1080x1823,1182x1995&from=bu&cs=160x0",5
cc6ff8c4b6938fbf48067e494ef25cad.jpg,"https://sun1-56.userapi.com/s/v1/ig2/hySQn_K3mhPnDeP77DPQL5l6GEunSjPtVMR86jrV6Mh6sHdc3uEQzzuOTQyD86QU2orxrkwIp_SlEy1dEJHHpH7k.jpg?quality=95&as=32x32,48x48,72x72,108x108,160x160,240x240,360x360,480x480,540x540,640x640,720x720,1080x1080,1280x1280,1400x1400&from=bu&cs=160x0",4
2e79d499d1151b16707412a1c55d591a.jpg,"https://sun1-83.userapi.com/s/v1/ig2/UM0F98fxSGo9XfxCD_Q3x4lR9lU0mm6oR1HFc80XEHIISwVD9ZHUvknxZJ20ap3ILGIF5QxKjetr_h7mIYidOF-a.jpg?quality=95&as=32x40,48x60,72x90,108x135,160x200,240x300,360x450,480x600,540x674,640x799,720x899,1080x1349&from=bu&cs=160x0",2
fd383d3c753f38722198840cd3235a65.jpg,"https://sun1-92.userapi.com/s/v1/ig2/u6d_2v3kazdIhowpdz5bP7NspH0qInilcZE3WNlxxnlJnIadMH4Jgu1kaQ-8rERltaWtaWPuPlpBX_3e_btVRn0t.jpg?quality=95&as=32x32,48x48,72x72,108x108,160x160,240x240,360x360,480x480,540x540,640x640,720x720,1080x1080&from=bu&cs=160x0",4
d39906d3c71f60b947efa540913e4be5.jpg,"https://sun1-83.userapi.com/s/v1/ig2/g_gZEOO__iIdGXQGr46mkukZjM3gQpVowpkli_fh-K4mdAQ2aARjG4GHJch2EC5sNnUj5tzdF71HXLOG2Kjg_uBs.jpg?quality=95&as=32x40,48x60,72x90,108x135,160x200,240x300,360x450,480x600,540x675,640x800,720x900,1080x1350&from=bu&cs=160x0",4
a743c9a28efec9a37872a3c675255c70.jpg,"https://sun9-22.userapi.com/s/v1/ig2/hAW698d_gHlekSFtDCPi-ePNBnZ-zbdHEh7CL9EK8umwvvxebh7tKc70jwrLzrVO7tyfl7ywEO7_awOHxOII_UIE.jpg?quality=96&as=32x35,48x52,72x78,108x117,160x173,240x260,360x390,480x520,540x585,640x693,720x780,1080x1170,1158x1254&from=bu&cs=160x0",6
0537d9336ab18f2fca0e96a4e946c19e.jpg,"https://sun9-45.userapi.com/s/v1/ig2/g-4XO5dtlfDPIWG1ZhzfXyMspMSXdaG_XCS3PXWud1yAZ1vSQIyzmlzQ5RAD6KOwzEO33a7oO20udJGyafz8Oa0I.jpg?quality=95&as=32x41,48x62,72x92,108x139,160x205,240x308,360x462,480x616,540x693,640x821,720x924,912x1170&from=bu&cs=160x0",6
d7da55dcb35fc3d569cef2e0996a12eb.jpg,"https://sun9-13.userapi.com/s/v1/ig2/F5i7dDF7wKLE6zNjK8gzRVFDZjelY7EP6N0_ZX2YtKjZ7FJclfZ5gxt92g21C-oxVu-Dd0TJBlbr7W69hGehLW1S.jpg?quality=95&as=32x32,48x48,72x72,108x108,160x160,240x240,360x360,480x480,540x540,640x640,720x720,1080x1080,1200x1200&from=bu&cs=160x0",0
82ecf14abb2dd1e09601973d03b1d259.jpg,"https://sun1-20.userapi.com/s/v1/ig2/lFK4Y2VI57Rw3Iiv2T5eKNcDT2vVkZZt9IN_qPi8VOV-WZI7zfHFjByZ7dwWcrTvjgxw54FO1JYeK8P__PO-ARbv.jpg?quality=95&as=32x40,48x60,72x90,108x135,160x200,240x300,360x450,480x600,540x675,640x800,720x900,1080x1350&from=bu&cs=160x0",4
0a10644b6d9878071a51874952f36035.jpg,"https://sun9-77.userapi.com/s/v1/ig2/eys7WuylDK4bdpp_JN7yWirsU3zNqNytmD28-0HhaRWSmBmrsCBtOd-dmlaQWIFFerR83eworkZW9QUGXwCYJgKE.jpg?quality=95&as=32x32,48x48,72x72,108x108,160x160,240x240,360x360,432x432&from=bu&cs=160x0",3
b8246ef84589412ba899baec66cbc242.jpg,"https://sun1-28.userapi.com/s/v1/if2/XxTs56F3eKkVtSj0n-bi-770JcDp536X279NqDBpqiggvaT4-iyND0EUgTJ9-cYgOb40LW-RoouHyghGbBmKYBXJ.jpg?quality=95&as=32x21,48x32,72x48,108x72,160x107,240x160,360x240,480x320,540x360,640x427,720x480,1080x720,1280x853,1440x960,2560x1707&from=bu&cs=160x0",0
5b3df9f0e6ef629bdcf48ccc4a1ffa0d.jpg,"https://sun1-86.userapi.com/s/v1/if2/dZTiZVq8pBzElqQyv-qp_4fkkw17ydeOPcvdA9CeKYjmYhFioHx7lppcdBCjsjRb8GaMLfyXAZej6rAPnX2Qxnlm.jpg?quality=95&as=32x18,48x27,72x40,108x61,160x90,240x135,360x202,480x270,540x304,640x360,720x405,1080x607,1280x720&from=bu&cs=160x0",5
d71ac3f4786b6e30885d918a1883eb23.jpg,"https://sun9-64.userapi.com/s/v1/ig2/vhEiJ-rZ0hAtGlNotIgnQ5oFOrBi3l4XGSHnQ83qzGhhTyoWq82ZiYiP7P0_S3hllu95SBQjgJfedYEC8CaQreG7.jpg?quality=95&as=32x56,48x84,72x125,108x188,160x279,240x418,360x627,480x836,520x906&from=bu&cs=160x0",3
6555bbd05d5896c461e528816e804461.jpg,"https://sun1-91.userapi.com/s/v1/ig2/4YatLp49UW-LIjLRSa4Q7I0CiEkd2ZbRRcHj2Py4hV0GJxm6Lc2PkzPkR4Hnl4heJrgg0Qgn5QERskLx2d9p_aHg.jpg?quality=95&as=32x34,48x51,72x77,108x116,160x171,240x257,360x385,480x514,540x578,640x685,720x771,1080x1156,1280x1370,1440x1542,2000x2141&from=bu&cs=160x0",2
da501ef76b3d5c97940655bc6ff1c346.jpg,"https://sun9-21.userapi.com/s/v1/ig2/5fqfJRKSb8bZtDQoXUISgnedVCGblaOfkGdQ-EIQoQ7BeeMS3gPQZDL_3gcqHu3ktj8T5vR0k6ATs57jPYPuEpqg.jpg?quality=95&as=32x37,48x55,72x83,108x124,160x184,240x275,360x413,480x551,540x620,640x735,720x826,1080x1240,1280x1469,1440x1653,1882x2160&from=bu&cs=160x0",1
198da4962d8af5aa1370b2ebb570decf.jpg,"https://sun1-23.userapi.com/s/v1/if2/l-_dCiScxcVWmv2sksb4Str-ik_jVJBsKdQEqRc8hK8uKf_lAscfmu3kL9-Lpqh4q7QHD4UQIO3PkR2ALv_o-pMm.jpg?quality=95&as=32x29,48x44,72x66,108x98,160x146,240x219,360x328,480x438,540x492,640x584,720x657,1080x985,1180x1076&from=bu&cs=160x0",4
d0a0868215231f3174ea21b3ccd5a3d4.jpg,"https://sun9-32.userapi.com/s/v1/if2/FYvTy-sm0ybcbIWfxA_ipLLl4Wet8LSRNiFZdDBXn33_VO4Ge0GGZpPmCvsN5zSCDRHurqJCD81GfBHfZ-8EBvVi.jpg?quality=96&as=32x23,48x35,72x53,108x79,160x117,240x175,360x263,480x350,540x394,640x467,720x525,1080x788,1280x934,1440x1051,1576x1150&from=bu&cs=160x0",6
ab6c5bc4b1a1a46ced2d554b6d30516e.jpg,"https://sun9-86.userapi.com/s/v1/if2/HE30mxaKsXXOKHWi0VwJ1FxaZ2aE8vCmoav0ugSVs3hsuSuG1rGwg0l-M47j8wMSBhBKga1E6gNmzTkiwNLCcEBO.jpg?quality=95&as=32x31,48x47,72x71,108x106,160x157,240x236,360x354,454x446&from=bu&cs=160x0",3
40c6566aee3e16bc8c30627e3ef224b8.jpg,"https://sun1-97.userapi.com/s/v1/ig2/XQ35ZhiHPXoZ3wTLfc0OSwQ5sjW28tsVQAnJ6GwYR1b2kRi05R2jjBkxDGHYEz3cR1-eDOETzjvo5hMWOR3U-ILP.jpg?quality=95&as=32x38,48x57,72x86,108x129,160x192,240x287,360x431,480x575,540x647,640x766,720x862,1080x1293,1280x1533,1417x1697&from=bu&cs=160x0",2
6f42e357d530fb646fdf204f892f7346.jpg,"https://sun1-83.userapi.com/s/v1/ig2/uM4vYX9IvzpyV1xRPvvkbKAGc0dYyMkJiU9QSCxb367W299UEXGnkmAD-JVeEWq3UAfWzHMAgotOQBAhdE-jKUnp.jpg?quality=95&as=32x32,48x48,72x72,108x108,160x160,240x240,360x360,480x480,540x540,640x640,720x720,1080x1080&from=bu&cs=160x0",5
235ca21fa276257387467f5346f247f0.jpg,"https://sun9-22.userapi.com/s/v1/if2/0yp2JgIb01guDuGULdU_OEM_QTtBlRzJAz5lAw5-4xwk0NOYYI1qrQ7xn05lRco9v2TStwoLtc0qq0GsMHyqiq2h.jpg?quality=95&as=32x23,48x34,72x52,108x77,160x115,240x172,360x258,480x344,540x387,640x459,720x516,830x595&from=bu&cs=160x0",3
f8a0a4511a505ba65da02bfb3e8572e4.jpg,"https://sun9-25.userapi.com/s/v1/ig2/rp88yNofSn4A7fMpamMf62R44oIukR0T6EFQPUysYlN0BjodVNyBRlOAFYzWqi1ZuMOnyb3Youajd8JrxKDzO-v5.jpg?quality=96&as=32x45,48x68,72x102,108x152,160x226,240x339,360x508,365x515&from=bu&cs=160x0",6
bb697f1f598bd2a9d62530e10cdd9b58.jpg,"https://sun9-64.userapi.com/s/v1/ig2/WPr2IZIUZpW4f24dW1sn3laRw36d8UC0lV2plTXTJGK_2N3a8JpDzk4IS15Sy296yaa735hnmmOKREe8vdEFe_T-.jpg?quality=95&as=32x32,48x48,72x72,108x108,160x160,240x240,360x360,480x480,540x540,640x640,720x720,1080x1080,1280x1280,1440x1440,1800x1800&from=bu&cs=160x0",0
b5fbd2a0156be06314286aaf6b386829.jpg,"https://sun9-78.userapi.com/s/v1/ig2/CaK0RPQviNCktp1xpR1N-mDNdqGYcoiEWP-5jRhoST6coHDWBuOAe5envLEljXh37Edpa5kl2Md9YJQCUj3huxx9.jpg?quality=95&as=32x32,48x48,72x72,108x108,160x160,240x240,360x360,480x480,540x540,640x640,720x720,1080x1080,1200x1200&from=bu&cs=160x0",0
95da0bf164458673bc5b3c5c057182c6.jpg,"https://sun9-51.userapi.com/s/v1/ig2/XktZzCIY7tzFEa2N-gXWDEXs41QBVog5j3kiVG7QFnVgkPQiuyMjalA-MuHSAkXGjpoWOoXl7S87wWDR7-gYpXiN.jpg?quality=95&as=32x32,48x48,72x72,108x108,160x160,240x240,360x360,480x480,540x540,640x640,720x720,1080x1080,1200x1200&from=bu&cs=160x0",0
1ff94fd878bfbdb046f6b567bc3a56b5.jpg,"https://sun1-96.userapi.com/s/v1/ig2/FxDdOTYNMokpK9CGFU7en6Gn37e-pSrQClrCvWkkJ6HPTuTIcoMVGhtObgX5QvsNvq60rvQXLaONXIzD9XI2Br3e.jpg?quality=95&as=32x32,48x48,72x72,108x108,160x160,240x240,360x360,480x480,540x540,640x640,720x720,1080x1080,1280x1280&from=bu&cs=160x0",5
a22b8507afebee46418e6ee60cc63937.jpg,"https://sun1-90.userapi.com/s/v1/ig2/OCzmN3HXd-_Vf7FQ0RPqr9gdsBslZYX_eEW2ukrfa6UXr8hPoWIPh_-mBS9dyC_Qq8ZeX56PzgLkduq7lZ_iRcv-.jpg?quality=95&as=32x32,48x48,72x72,108x108,160x160,240x240,360x360,480x480,540x540,634x634&from=bu&cs=160x0",5
705f3fd9a629eb0788fb1dcb0207c562.jpg,"https://sun9-86.userapi.com/s/v1/ig2/LiVAOXGAfK1o2ibnu_KO5-EXHjXsj_2X_E1YZR0MgI5ateJ5zZHtabHZleIyesWw-ZFgXiPA1e4Zmiw_7ZbtUGmu.jpg?quality=95&as=32x39,48x58,72x88,108x131,160x195,240x292,360x438,480x584,540x657,640x779,720x877,1080x1315,1280x1558,1320x1607&from=bu&cs=160x0",6
222a79c7fc73938b00ef8c9d324c9e77.jpg,"https://sun1-18.userapi.com/s/v1/ig2/o5X4P3iqB59T9P_uOtO3U-iiBV3AnCcViR5sUbMPRgwgPXqCaiRJr3QOSQGm3tAJH2r4e1KJTZeETdMoXXJbiows.jpg?quality=95&as=32x46,48x69,72x103,108x154,160x229,240x343,360x514,480x686,540x771,640x914,720x1029,1080x1543,1120x1600&from=bu&cs=160x0",5
5e514c017162580cbbd04b072f7f25a9.jpg,"https://sun1-29.userapi.com/s/v1/ig2/CK-f8HJOI5eMX5rMZpfKyd57i2tRYq2t5Ynfcep_HvlgBFkPWT3cMZKZvEK0k38hVQXhHljz_2j5GOLaE1dbCJoI.jpg?quality=96&as=32x43,48x65,72x97,108x146,160x216,240x324,360x486,480x648,540x729,640x863,720x971,736x993&from=bu&cs=160x0",6
40fc6ff891d2bf1e53d4773dc1cc33b0.jpg,"https://sun1-16.userapi.com/s/v1/ig2/WI4F1uDMvm1R7yZte2iEOljDUfkJwOZTpqeyHJlQBUbXFAKvHdlJ4uZIfOsvnz-INwRuNmmQe6_SNdcxWxgEh_1R.jpg?quality=95&as=32x32,48x48,72x72,108x108,160x160,240x240,360x360,480x480,540x540,640x640,720x720,1080x1080,1280x1280,1440x1440,2160x2160&from=bu&cs=160x0",4
bab8f8efd918dedc84191eba8a53b585.jpg,"https://sun9-20.userapi.com/s/v1/if2/xC7hzfrlVipDLyTiD3LXeNp6uYzAAeVFWI63wa3SJdvr46ctmbC_wLo_ZIPIlGVz5vrAOFfyTKGvtVUX-qzIA8r-.jpg?quality=95&as=32x20,48x30,72x45,108x67,160x100,240x150,360x225,480x300,540x337,640x400,720x450,800x500&from=bu&cs=160x0",1
a1aad176857458b272bc9d22c5ca2c62.jpg,"https://sun1-20.userapi.com/s/v1/ig2/9nwjPzFV6Hk_sM9PbhVR8h_ooPL74vfvIz8SkOYvvIZ7JOBCnCQYHXM74xtvvMcgXIoB_QmXiCgWkzKctB_3VYRN.jpg?quality=95&as=32x38,48x57,72x85,108x128,160x190,240x285,360x427,480x569,540x640,640x759,720x854&from=bu&cs=160x0",2
23b0912f543dd9d620c3bda037e39b45.jpg,"https://sun1-88.userapi.com/s/v1/ig2/6FMDSTHh315wMMtEl2E4ZGnTJZTRic4eCYnE87rbWppu-OTZtQ8MHK25JliVQZBQi5R9day73EKhCmZXNYyC1aN3.jpg?quality=95&as=32x32,48x48,72x72,108x108,160x160,240x240,360x360,480x480,540x540,640x640,720x720,1024x1024&from=bu&cs=160x0",5
fba4184a684d7afdda6a93f2433bc3c1.jpg,"https://sun1-20.userapi.com/s/v1/ig2/294rw6xyBtEBDitu0fS_iKmhmqOC501x7wZTut4Iw1K9t9P74gg-cIN1jC_OGbBJQPcx_eHxhqr0kdQpe_FOaVu0.jpg?quality=95&as=32x32,48x48,72x72,108x108,160x160,240x240,360x360,480x480,540x540,640x640,720x720,1080x1080,1280x1280,1440x1440,1800x1800&from=bu&cs=160x0",0
71d1bcf989a472518b5ecbcaec6392ce.jpg,"https://sun1-97.userapi.com/s/v1/ig2/0OdDq1-1NzPPfO3Y6kQMeKJKFMZ3ikcpWTyMeLeWbYP25wStQ5IvE5g7lezfX8Al_KcF7WTpE4kH45S1UYugJFgD.jpg?quality=95&as=32x32,48x48,72x72,108x108,160x160,240x240,360x360,480x480,540x540,640x640,720x720,1080x1080&from=bu&cs=160x0",5
19508e7c99a9057d1fc31401c0f53fc1.jpg,"https://sun1-55.userapi.com/s/v1/ig2/JNeCMBSzgF1uzxHM3PH7E-hOItPrhTkNjgocIxKau457IfJohSHnp6DmsgO_AicVvg5QtLXtI5T1hvnkR4oXw6lE.jpg?quality=95&as=32x38,48x57,72x85,108x127,160x189,240x283,360x425&from=bu&cs=160x0",5
6f75d55a23663b6cbaa1b31d9e7d51dc.jpg,"https://sun9-38.userapi.com/s/v1/if2/qU-rt_NE88Izn9JHGdZFnH-IPPNyMjbkwoRt_lA_7D80JrGG3s518CxXd49eeDLke7n4FMdxRY-LRrl2DocwjhdU.jpg?quality=95&as=32x31,48x47,72x71,108x106,160x157,240x235,360x353,480x470,540x529,640x627,720x705,830x813&from=bu&cs=160x0",3
8c88c2683c2dfa4eec04c87d6629de68.jpg,"https://sun1-28.userapi.com/s/v1/ig2/dBgB50G4Z55yUuVCEIZoPsL2d0Su21Q9XVVrIYzHzHXGslraowoPh_-jmoTYTMEOU6ILqr5aPZO0Zz-xBAI9LrLM.jpg?quality=95&as=32x38,48x57,72x85,108x128,160x189,240x284,360x426,480x568,540x639,640x757,720x852,1024x1212&from=bu&cs=160x0",2
8525471ba0e17d5427f4e63016c742db.jpg,"https://sun1-28.userapi.com/s/v1/ig2/3RAZM7z57RlUUdmIkGYsLi_0GWmpg7v1LPmjdpfMbzffZLXB3gRZzgjG4XnKPZ2gNw_Cxc-l0keXZOQv15kmUtMi.jpg?quality=95&as=32x48,48x73,72x109,108x163,160x242,240x363,360x544,480x726,540x817,640x968,720x1089,1080x1633,1280x1935,1440x2177,1693x2560&from=bu&cs=160x0",2
b98600e2167178b2c06658af2abedc0e.jpg,"https://sun1-93.userapi.com/s/v1/ig2/MERB0XVKLR-Xt2O6fQadiyEQqWAXu2JGNcyy22cVjFq_riyxgSwOlg9cwRNaqS5__N3cZPir9FqUmSCtuKsBHKuq.jpg?quality=95&as=32x32,48x48,72x72,108x108,160x160,240x240,360x360,480x480,540x540,640x640,720x720,1051x1051&from=bu&cs=160x0",5
bd8fb52ddae0e7fecde050246ef974a9.jpg,"https://sun9-71.userapi.com/s/v1/if2/M3pg5zyQNwGL-ciLQdplF0lYYvdXlbE4x9I7-AMO7D4MHF86Bnmcm7ESNzBXqwsJfoC2F9J-Ky2uFg4A9q18Dihp.jpg?quality=95&as=32x29,48x43,72x65,108x97,160x144,240x215,360x323,480x431,540x484,640x574,720x646,1080x969&from=bu&cs=160x0",3
3afd0a1382a1f1141e3e68ce2f6a3585.jpg,"https://sun1-14.userapi.com/s/v1/ig2/WMXYxzeu5BnbQQ7kldOQxo5qpweLUfUUKxWscau2myqC9WLEfEifTJZE8tVBq2aRdAhMnasu0tpMmzsmcv0f8ORO.jpg?quality=95&as=32x32,48x48,72x72,108x108,160x160,240x240,360x360,480x480,540x540,640x640,720x720,1080x1080,1280x1280,1440x1440,2160x2160&from=bu&cs=160x0",4
90c69a1a947b0021066ece7b99088aa1.jpg,"https://sun9-34.userapi.com/s/v1/if2/sfDs4uP3oyXu9Gi_RZTR1Gtc7cq3kSq4Xk5QJ_mZnPK0xQcD93Y7wIKD_KY0re5gFIaG3KbDFFuAB9y4poFB8DF5.jpg?quality=95&as=32x28,48x41,72x62,108x93,160x138,240x207,360x310,480x414,540x465,640x552,720x621,1080x931,1280x1103,1440x1241,1486x1281&from=bu&cs=160x0",1
b0b3444037876d421ec8681efde6cc40.jpg,"https://sun9-26.userapi.com/s/v1/ig2/tehq6mvI6iL-1S2x6WFvEcDy7-5Vc-i1-sTfatedLu7Iz37Gt2cJ8N_nUV_qakbF8i-a4NFYluRRpRAyBs2o4mKz.jpg?quality=95&as=32x32,48x48,72x72,108x108,160x160,240x240,360x360,480x480,520x520&from=bu&cs=160x0",3
0c5de1139f95e1472dd193a4280bed9c.jpg,"https://sun1-97.userapi.com/s/v1/if2/oKyj77YKs6-81MvtosSDTCrb6QhYXW-u_ST25g5MgL6-d-3dDHEoGXf45givL2W24KEtLtyPRqTSCg9X3zSe5nLM.jpg?quality=95&as=32x21,48x32,72x47,108x71,160x105,240x158,360x237,480x316,540x356,640x421,720x474,1080x711,1280x843&from=bu&cs=160x0",5
812bdc7eb5afa3e152491d97f48d16ca.jpg,"https://sun9-33.userapi.com/s/v1/ig2/mpuJQE8P6Zm1iuILWjINuW1d90x6_BzVipf4yojlktOa3v0eEqkWsU9ohF2yGbuRNebaMu7K1x6b4M0KhyQ5GPNh.jpg?quality=95&as=32x32,48x48,72x72,108x108,160x160,240x240,360x360,480x480,540x540,640x640,720x720,1080x1080,1200x1200&from=bu&cs=160x0",0
a62cac0521992613ab487dc7fd499e40.jpg,"https://sun1-26.userapi.com/s/v1/ig2/Sqioc6oa2mhDba05rjSoFlDN8loNgHVbtXfmdTmBJWTQsYKa1ml3zH8ACXO39m3-oD4qwUA0K5T-zgKFUzi7qt9t.jpg?quality=95&as=32x32,48x48,72x72,108x108,160x160,240x240,360x360,480x480,540x540,640x640,720x720,1080x1080&from=bu&cs=160x0",4
29681732a8e3e4fbbae217cbfb9550f4.jpg,"https://sun1-26.userapi.com/s/v1/ig2/QOyMopVM9wGdBGiLrVFV1MwVuFhHsWH0hzb_--ojSgWltvvBmJIczEU-wzKJnrWnCB1nHbG12H7PwqfJ6slStL8M.jpg?quality=95&as=32x32,48x48,72x72,108x108,160x160,240x240,360x360,480x480,540x540,640x640,720x720,1080x1080&from=bu&cs=160x0",4
523dfc34fc64d805b181e96827e5cc71.jpg,"https://sun1-55.userapi.com/s/v1/ig2/8HjcT8CZr4DEIpsiUfPkrBDbMeJUUKj4A7BjyZ0kZtLvGGObMuQE_lv5dT5Bphm0OQVkahi_4AjqMXOmZ006AaK3.jpg?quality=95&as=32x32,48x48,72x72,108x108,160x160,240x240,360x360,480x480,540x540,640x640,720x720,1080x1080,1280x1280,1440x1440,2400x2400&from=bu&cs=160x0",0
5ab802f00fd6a0befbe748c60ba0d471.jpg,"https://sun1-95.userapi.com/s/v1/ig2/UwiXmu7cViKecVVp9pKL_ebQQ827yI-YJVg5ls-UaZBmNtLdD7GESfkzhGV4B3i_6Zb46yMMmYED7_2xIHjn0cGY.jpg?quality=95&as=32x33,48x50,72x74,108x111,160x165,240x248,360x372,480x495,540x557,640x661,720x743,1080x1115,1240x1280&from=bu&cs=160x0",5
7c85a2539b21b5daffb1c7fe77068973.jpg,"https://sun1-57.userapi.com/s/v1/if2/w_-AsZu9AP5REKVD0wVD_62pB_tXOxeaQ-mhinYUtU7cQnnu7CgNSN581pdHc0AuOxGrz4Fu4xCVgvvaG8x6OLtN.jpg?quality=95&as=32x21,48x32,72x48,108x72,160x107,240x160,360x240,480x320,540x360,640x427,720x480,1080x720,1280x853,1440x960,1536x1024&from=bu&cs=160x0",2
14a2f014f74d1050d73a622dea0ff7c7.jpg,"https://sun9-69.userapi.com/s/v1/if2/LIzt0GWVYtlm0cogT8g4sgHnzB9H4lKAy3xFpK0aZZWh_03Bh0oDL-7wnQaKFxjlXUHEMvZxyQu-2HBCloge0VJJ.jpg?quality=95&as=32x24,48x36,72x54,108x81,160x120,240x181,360x271,480x361,540x406,640x482,720x542&from=bu&cs=160x0",3
4d864d3c3e4541c7d66a71d1bc8fda83.jpg,"https://sun9-45.userapi.com/s/v1/ig2/NZm8h2Xb3z3ZtAJp6KZcVECGzRByTvQyAP_1m891kAYM1GkCVxH4e7zsiLHCMyskXYSuJ2Vg4JgLwZSbfkaiXDr4.jpg?quality=96&as=32x32,48x47,72x71,108x106,160x158,240x237,360x355,480x473,540x532,640x631,720x710,1080x1065,1132x1116&from=bu&cs=160x0",6
32a73d340f66276ced453b0188a1bf83.jpg,"https://sun9-54.userapi.com/s/v1/ig2/HXtMLkSGHbq9RJNJ1P3Cz5s_lwLKmmenPJu22WW5WLVaAx10XeXAQbqzLmI--F8h0I5YE3lbmXa2f_x08m61ZCDX.jpg?quality=96&as=32x34,48x51,72x77,108x116,160x171,240x257,360x385,480x514,540x578,640x685,720x770,1058x1132&from=bu&cs=160x0",6
e705b3b63659b21e4f32f4d9b3ea0f10.jpg,"https://sun1-26.userapi.com/s/v1/ig2/WuzhOTDfcoUNv2pwpB-KPxVr-csetT1iRhT6cnXdaLz6cHDXxwYDuafhtBdj3tQio3LIvXqZtT4-fJS5GPWxqYMv.jpg?quality=95&as=32x39,48x59,72x89,108x133,160x197,240x296,360x443,480x591,540x665,640x788,720x887,1024x1261&from=bu&cs=160x0",2
c8b918b0f51c28c6fa5a382f5375799b.jpg,"https://sun9-46.userapi.com/s/v1/ig2/Ys80NOyYJa2KDHCc6I4TyAr9cV2rMonY8yLilzuC5Cquu4hi8b-X44Sfeazd3YWC5NYmh5HHx3tlYksaa-ws9007.jpg?quality=95&as=32x32,48x48,72x72,108x108,160x160,240x240,360x360,480x480,540x540,640x640,720x720,1080x1080,1200x1200&from=bu&cs=160x0",0
5680c7114d8337c01d0aaaa060c7867a.jpg,"https://sun1-24.userapi.com/s/v1/ig2/Z46nDTsiBBZG7CLWVyPDpRmexaQTvL2Is14ktqJRkhpXdAvvgvYjji8Fniazmgpyb4AWHYtX-j0oh8dvO9h78otr.jpg?quality=95&as=32x48,48x72,72x108,108x162,160x240,240x360,360x540,480x720,540x810,640x960,720x1080,1024x1536&from=bu&cs=160x0",2
e98822bf07902e1d41604b75abd3de17.jpg,"https://sun9-37.userapi.com/s/v1/if2/UCn0pt41HPPD0IfsJfjDIcUO27LgoFOgYTgyGuVyEmL7J8Gy0lTtO4JdhUHoQUjEbGz2fnSIR3MexcLDuhyFBjIY.jpg?quality=95&as=32x18,48x28,72x41,108x62,160x92,240x138,360x207,480x277,540x311,640x369,720x415,1060x611&from=bu&cs=160x0",1
8809f5f58f553bca30fe6484b46a9d72.jpg,"https://sun1-13.userapi.com/s/v1/ig2/aHFGaVxuaeQDkv9AOrsYrfIZPZm8QXgKqJlXUZ1PjINxu2b05gk8MLVrE7mHNnbR8OoxYtziBFRyEu51XnrA81NQ.jpg?quality=95&as=32x40,48x60,72x90,108x135,160x200,240x300,360x450,480x600,540x675,640x800,720x900,1080x1350&from=bu&cs=160x0",4
6d39ef514e74ceb29d9c855f6a950090.jpg,"https://sun9-6.userapi.com/s/v1/if2/I8rlXtx5RitMwYGXZESjZBIgrLJpgPWC-3VzT_DUstPqg4QJZX1zbJnnOixOzbs4IrCPUbWd1LI8Pjk9k-7ECaXZ.jpg?quality=95&as=32x19,48x28,72x42,108x63,160x94,240x141,360x211,480x282,540x317,576x338&from=bu&cs=160x0",1
5caef169c74234f1e6c7f7566f0a0db8.jpg,"https://sun1-84.userapi.com/s/v1/ig2/APzwJEq4T2csOZKATEqu0b6EN7f2b1dYkniyCl5XjR9m28WYJ3zXJetxw3904tefkZelYydvEoXUcrkz_9oophRL.jpg?quality=95&as=32x40,48x60,72x89,108x134,160x198,240x298,360x446,480x595,540x670,640x794,720x893,1024x1270&from=bu&cs=160x0",2
407a4e74aa0a5cfeac3431aaa886ef08.jpg,"https://sun9-79.userapi.com/s/v1/if2/RMSbC7vdm18G6-PWpECcYAquJfSqTBiIHOKH1FKeBOXuBJZ4A82flHznJtXWawFvHhd8WFfPuz3fCqFulf7VvbBK.jpg?quality=95&as=32x28,48x42,72x62,108x94,160x139,240x208,360x312,480x416,540x468,640x555,720x624,1080x936,1280x1109,1440x1248,1478x1281&from=bu&cs=160x0",1
c57f0e7d0fcfe7e8b1b421daea04364d.jpg,"https://sun9-48.userapi.com/s/v1/ig2/NLtW_JyAyxiMF0n1at5gRIYcyN2fPiapJ5GmI02AIukE25vOQzkEROg9Thv_CsXpJaGHS4a8abeNQBNCAeRb3Fe8.jpg?quality=96&as=32x39,48x58,72x87,108x131,160x194,240x290,360x436,480x581,540x654,640x775,720x871,932x1128&from=bu&cs=160x0",6
b0ac9ed18a024bd2bfb6921d55384278.jpg,"https://sun9-32.userapi.com/s/v1/ig2/EjCBF0XXV1frTJpSnt-IdlgADf6u1R4nMyp1KhRjjRzGEJ5KdWDJ2rH5hvt_mBXPo183YFD-Q7f4bNX9ZcRhQKKq.jpg?quality=95&as=32x32,48x48,72x72,108x108,160x160,240x240,360x360,480x480,540x540,640x640,720x720,1080x1080,1280x1280,1440x1440,1523x1523&from=bu&cs=160x0",1
37fed9621e3bee0cb7186b7546a4758c.jpg,"https://sun9-13.userapi.com/s/v1/if2/_qgiu8aXCsHkci42VvmTwUYU11Yy6oqv2KFU-HZM51pWDuZQuKDOtp3_zm0VmHdPDrHJ7n-3ftzXIJPYkzp2oL-D.jpg?quality=96&as=32x22,48x33,72x50,108x75,160x111,240x167,360x250,480x333,540x375,640x444,720x500,726x504&from=bu&cs=160x0",6
9a33b08b73d83ace9a406df82409e516.jpg,"https://sun1-14.userapi.com/s/v1/ig2/YhL1-KQwST1ix5Uhxqoi7Sknx040hP2zYXsEbISii37lRRhnKHejCEwWehsjwTdlJbTyW48yqh15FGXjB5B9ZJbh.jpg?quality=95&as=32x40,48x60,72x90,108x135,160x200,240x300,360x450,480x600,540x675,640x800,720x900,1080x1350,1200x1500&from=bu&cs=160x0",5
4b694dd3577bbd9bc585b8566f98fa36.jpg,"https://sun1-13.userapi.com/s/v1/ig2/YodYBLF0bqslWqaOO6CD-flXVxy3BmTJeU10sRBla_X9GC_SEJtu6CZPFewRvcJxke6AFPXd8nzcEBRv8lve6OIZ.jpg?quality=95&as=32x32,48x48,72x72,108x108,160x160,240x240,360x360,480x480,540x540,640x640,720x720,1080x1080,1280x1280,1440x1440,1500x1500&from=bu&cs=160x0",5
c26fae5994ef51669272937d62baaecf.jpg,"https://sun9-20.userapi.com/s/v1/ig2/DJS10V0X30h3rzK5zUHAM_mJEXkSuKHu479lJ8aISXfNMwjwUMRZRV1qwtxeb27gBgF8afDcmCM4piEO1Xoh7NX3.jpg?quality=95&as=32x48,48x72,72x107,108x161,160x239,240x358,360x538,480x717,540x806,640x956,720x1075,724x1081&from=bu&cs=160x0",1
41252ad188868dcce461557d49dadc30.jpg,"https://sun1-97.userapi.com/s/v1/ig2/NXyXYoTn8_opu3DCGHYzmOS6XesI7Thdh_gRWgMakA2G0OoDuKfBX9dv8R8_nQkmG7BupFjZqvTm_ewQaOFzh8LV.jpg?quality=95&as=32x32,48x48,72x72,108x108,160x160,240x240,360x360,480x480,540x540,640x640,720x720,1080x1080&from=bu&cs=160x0",4
7634f18e524a36e494f430ba5337031d.jpg,"https://sun1-93.userapi.com/s/v1/ig2/lLTxoyGdnqu9ceOGx4k8ytTAR-ZLqIBRPPu1R7HJsALkJNRdkEDAszW3uMvUFIXX47PiD8TMS1rloxZasfgxLO6I.jpg?quality=95&as=32x32,48x48,72x72,108x108,160x160,240x240,360x360,480x480,540x540,640x640,720x720,1080x1080,1280x1280&from=bu&cs=160x0",2
251b394ec721d5899a09e88256b2a68d.jpg,"https://sun1-16.userapi.com/s/v1/if2/aGniH7BvBpRnDy3VaXwNQUHNzalvIg44wb0HhSgYzDLIYSdusWyQo6LH0wXLwUxFDrCtq--MZ8FW5M5uHsyEnuOp.jpg?quality=95&as=32x12,48x18,72x27,108x41,160x61,240x91,360x137,480x182,540x205,640x243,720x273,977x371&from=bu&cs=160x0",5
3ba05ff1e74a6d1ebe54bed1ae05342b.jpg,"https://sun9-34.userapi.com/s/v1/if2/oQpMadOb7bUB3MHLeh38oS5tkVveJZRoFNwIz0W0dxFhMYbdJY_teLb1JxqM69WequjThVRpx86mja03V4vJ_wsd.jpg?quality=95&as=32x28,48x42,72x63,108x95,160x140,240x210,360x315,480x420,540x473,640x560,720x630,1080x946,1280x1121,1440x1261,1470x1287&from=bu&cs=160x0",1
177d577f72a5f3d941406f64bf7701a4.jpg,"https://sun9-80.userapi.com/s/v1/if2/nVh4NnE8VoMcP3IvBgrP_sJ9FTjja6HQUYEDprzBNwmqXnuXNJ4fhkS8DKs6dHmtuOWBcxZvyyXDJJiatRUutWHl.jpg?quality=95&as=32x28,48x42,72x62,108x94,160x139,240x208,360x312,480x416,540x468,640x555,720x624,1080x936,1280x1109,1440x1248,1479x1282&from=bu&cs=160x0",1
3a29ba2b8121d660cede8f9bbc9a8885.jpg,"https://sun9-39.userapi.com/s/v1/ig2/wjZPVsHyVsgIGSjLqy5RqP1CHwyhrJe4158S0QM_ofVyIWGCnzFl6hRZOIj4xSeio_z7ZxVAqynhVzSR9pwR1sWf.jpg?quality=96&as=32x47,48x70,72x105,108x158,160x234,240x350,360x526,480x701,540x788,640x935,720x1051,1080x1577&from=bu&cs=160x0",6
6b0003ecffe78924bb18716420edfcad.jpg,"https://sun9-42.userapi.com/s/v1/if2/Kxa6suqhnRXgiV5btJZpafT2yX0klqB7n6UgbPqv3R1uEU1yEVCzovloOILRzmkdnBHZX0wq5-0s7-CRB8sb4UNw.jpg?quality=95&as=32x29,48x43,72x64,108x97,160x143,240x215,360x322,480x429,540x483,640x572,720x644,1080x966,1280x1145,1437x1285&from=bu&cs=160x0",1
7ce973a24b52bf145d5a00dafcbf2452.jpg,"https://sun1-95.userapi.com/s/v1/ig2/LL8Xp8-pNWxnsik6GHXq5Ry6h_dniSMAS8EzSJn3xMjn_08DZcx88WA8yDO7WY9b-LtpD3S0F7rg3emKUx0xTGc4.jpg?quality=95&as=32x40,48x59,72x89,108x134,160x198,240x297,360x446,480x595,540x669,640x793,720x892,960x1190&from=bu&cs=160x0",5
cfe858153268fc52e317c4b61fdfb3c4.jpg,"https://sun1-25.userapi.com/s/v1/ig2/Hgkk3mqvK5-oc7h6mzZjRvvsq5MgrznNxAhrgnNN4EzsGqTXUb-PfYqr1-cjc5Z6RPCZhuTqkqVt42kb49hegqmn.jpg?quality=95&as=32x32,48x48,72x72,108x107,160x159,240x239,360x358,480x478,540x537,640x637,720x717,1074x1069&from=bu&cs=160x0",5
d695e565feb71f0b4dc92937922198ea.jpg,"https://sun1-91.userapi.com/s/v1/if2/8sSUMIpUP9V0CPYoV-fffqyxXe4ejo0qy-t7H2SB5cYq__OvTnUrwHQpreHECZPxU5qFLyBhMtc9sH0rOWbwRCe0.jpg?quality=95&as=32x24,48x36,72x55,108x82,160x121,240x182,360x273,480x364,540x410,640x486,720x546,920x698&from=bu&cs=160x0",2
3f9961e23e44b6909362cb13a5985c0c.jpg,"https://sun1-89.userapi.com/s/v1/if2/5-JJDFz0gEEb02JQtDnIzFOWXdRKZOOy3dQ-OK2I2AQzGQK40N9P_QZHW0MgD6XiXGOGYZ4iDSzemDkr0g_guWks.jpg?quality=95&as=32x14,48x21,72x32,108x48,160x72,240x107,360x161,480x215,540x242,640x287,720x322,1080x484,1103x494&from=bu&cs=160x0",5
8f0d096317be326ec39d590548d5fdc7.jpg,"https://sun9-73.userapi.com/s/v1/ig2/FZ2UvxNCBzKkEh9m9SIVgeQ5YuJ_5cLTkwYTEgEf5bKONcRMOa9ivBN2ivtUqIQyTJOgXU1RVj9GD-NIxpSSM7dW.jpg?quality=95&as=32x45,48x68,72x102,108x152,160x226,240x339,360x508,480x678,537x758&from=bu&cs=160x0",3
7bf9c845083d5ab81efd406a85a18a77.jpg,"https://sun1-29.userapi.com/s/v1/ig2/5-q_D_WxwTS2ypS-fXBrYeJ99eFOpy9ry0ni9V8XGCXkRt_gOa1mLRzlGBTD6kNossox114ntPBUqtXy4c08KZro.jpg?quality=95&as=32x39,48x59,72x88,108x133,160x197,240x295,360x442,480x590,540x664,640x787,720x885,1056x1298&from=bu&cs=160x0",5
ee986479cf773b7963c1d77be63ff807.jpg,"https://sun9-6.userapi.com/s/v1/ig2/hTzeggcITSuURGoQdcZk0-IbnfyNa0nDitqkkRWYhcLEfyjDVZ1WFmZTB1LalzW7vMy0xESwTXj-ZEJBiTZHQEVO.jpg?quality=95&as=32x36,48x54,72x81,108x121,160x180,240x270,360x405,480x540,540x607,640x720,720x810,1000x1125&from=bu&cs=160x0",1
d78e8d980dc96037f02edb9decbf67fa.jpg,"https://sun9-34.userapi.com/s/v1/if2/WMGsCB_WZ15byse9LlS7IjdZCHC3gSt9zDfnXT_plg0_23RIhIBZQLIP71yfGQ8Add5k5XeaD5ZTtUKMaptsNujN.jpg?quality=95&as=32x29,48x43,72x65,108x98,160x145,240x217,360x326,480x435,540x489,640x580,720x652,1080x978,1280x1159,1440x1304,1482x1342&from=bu&cs=160x0",1
efd985df78c2c72c6a88c919bc9f3997.jpg,"https://sun9-21.userapi.com/s/v1/ig2/BWJrpvKnwcD8a0-L7DjE-t0Uo_e9zKndw4CLhBh0fplyue-1NsEPkRM5lCkCHmODEnWjTthy_w8D1D7kBd79qlt2.jpg?quality=95&as=32x32,48x48,72x72,108x108,160x160,240x240,360x360,480x480,540x540,564x564&from=bu&cs=160x0",3
5225cf976fdc503865f0c844971775ec.jpg,"https://sun9-86.userapi.com/s/v1/if2/6STfTzvzVfOOmVpJOkRz-Y_d8fwTEjECpXu0QPfehhpdpb2Jt3fnD197T4CXTWVVL4e7p8Ng9nFfX6wlmVGdChOs.jpg?quality=95&as=32x24,48x35,72x53,108x80,160x118,240x177,360x265,480x353,540x398,640x471,720x530,925x681&from=bu&cs=160x0",3
c16dba4aca23a9cf1fd3cdec3341f904.jpg,"https://sun1-27.userapi.com/s/v1/ig2/JPctLMURIpWkfhGEGz_3Pselmr_74RlNIO9MGMlyk2lwpFciuoST2qmPSR5Z4u5dAIQtO1uvxnaF4KmyMEo1FHKN.jpg?quality=95&as=32x41,48x62,72x93,108x140,160x207,240x310,360x465,480x621,540x698,640x827,720x931,990x1280&from=bu&cs=160x0",5
d35fbc9a407a4e34baac5e8116681127.jpg,"https://sun1-13.userapi.com/s/v1/ig2/JeKDifwcT7DtwwaDeSH--rBMtToLfcE89awmDf8yMmDOBHIuS8B4QmfmzHxKIwp7fMD0nNB_FJlIlTS6n0UKslK4.jpg?quality=95&as=32x49,48x73,72x109,108x164,160x243,240x365,360x547,400x608&from=bu&cs=160x0",5
00032d91852694b605edf5c84d3fd771.jpg,"https://sun1-24.userapi.com/s/v1/if2/1vz0ZY_oENzHzsmCugmSTEM5jYDw3oMK55ravyf_XNCRN3M01sOUofwC8K_99jZjPK3EisDsl6n3bPc3Bq6jhnn4.jpg?quality=95&as=32x18,48x27,72x40,108x61,160x90,240x135,360x202,480x270,540x304,640x360,720x405,1080x607,1280x720&from=bu&cs=160x0",5
5b4a6763463dbfa115da0e14686f8cfb.jpg,"https://sun9-7.userapi.com/s/v1/if2/Gl-K-CPr0x--bnXGc-btKJlbm4G-6TmaCt7jsB6V1Rciy9LmnKIrJHYY6rx3WhDQ6LcNdA9wyHP_5BPPqhPoF-oD.jpg?quality=96&as=32x30,48x46,72x69,108x103,160x152,240x228,360x343,480x457,540x514,640x609,720x685,1080x1028,1202x1144&from=bu&cs=160x0",6
78592126a36ffe5aed3880e183e847a1.jpg,"https://sun1-15.userapi.com/s/v1/ig2/xhOgp7Ybiw7j46MYLg1is7GML0PySjmMh7slx40sL_yAoSArksC22Hg79XUCRs9S6m4_68QUKLJ2pdXBPg6vS831.jpg?quality=95&as=32x32,48x48,72x72,108x108,160x160,240x240,360x360,480x480,540x540,640x640,720x720,1080x1080&from=bu&cs=160x0",4
ee9e3650edc443504c0fe0701ef692cd.jpg,"https://sun9-49.userapi.com/s/v1/ig2/19ZnQhEjGltL05Xn26fqY7loS-em5HpuPSsOCblfRe5OW4J17GhfwhC88RMQtA80rzLQ8PNK2iWo075rgATUByEi.jpg?quality=96&as=32x42,48x63,72x95,108x142,160x211,240x316,360x475,480x633,540x712,584x770&from=bu&cs=160x0",6
9af61a0dbdf058c50834ec4394b76e30.jpg,"https://sun9-65.userapi.com/s/v1/if2/w9Z4AQafTY79oPDTN56rnveiwU4ed_6GhrTYffeuXDC_4YYKOFI450bznOwKZ8Mbf3iUByFUDnD_GNWBWmuzLTow.jpg?quality=95&as=32x21,48x32,72x48,108x72,160x107,240x160,360x240,480x320,540x360,640x427,720x480,1080x720,1280x853,1440x960,2560x1707&from=bu&cs=160x0",0
a0a191a43212e94d021b12c0ede9e3a7.jpg,"https://sun9-54.userapi.com/s/v1/ig2/MO0yybew9gcZ2fpEBmMzmTx-SO-pnuE230I1Ctq0xnGEByCdM-RgLG6AKzXpx12atewZGIZ76iSodxDDR2Uv-yBu.jpg?quality=95&as=32x43,48x64,72x96,108x144,160x213,240x320,360x480,480x640,540x720,640x853,720x960,960x1280&from=bu&cs=160x0",1
0d7bc06fa4130894eb9e992d25efad3f.jpg,"https://sun9-7.userapi.com/s/v1/ig2/8fjUxQpL-WvSjr-tQQXHf1tlfFNxFuSY7LXF09CWKpQdeAS237EVW8T1G3NEmgXSxxBGp78oftHYNP3SwwpOI_Iw.jpg?quality=95&as=32x32,48x48,72x72,108x108,160x160,240x240,360x360,480x480,540x540,640x640,720x720,1080x1080,1200x1200&from=bu&cs=160x0",0
52c39ceee8cee670039fc46c9377977e.jpg,"https://sun9-59.userapi.com/s/v1/ig2/4FznvGCjOEF9V_-utoHbsGuGUZDxJU6xnfyCyv46EsYomIotWUv6hFCyUAtwdxIjnQmY6OoaDrY55l1p0_1gR5Sp.jpg?quality=95&as=32x32,48x48,72x72,108x108,160x160,240x240,360x360,480x480,540x540,640x640,720x720&from=bu&cs=160x0",3
c64d089ac1e5a5d77abafbf96474443a.jpg,"https://sun9-66.userapi.com/s/v1/ig2/MlPXoYXUbD9HItJm5Xh7YRa8d3IdSPDXcswqtWqO2u3fv_-HnKaJ1hXmG29fPMJw7N0-gyvQDumEtXNsc1O3rF6U.jpg?quality=95&as=32x32,48x48,72x72,108x108,160x160,240x240,360x360,480x480,540x540,640x640,720x720,1080x1080,1200x1200&from=bu&cs=160x0",0
21ef8878dd61021b0443dda68eaa940c.jpg,"https://sun9-21.userapi.com/s/v1/if2/Jtydkh-F0cCYSY6GBuE1OduVhKgjRWmVmEWQjPBlp9yZDrwO3QIPI2yKYpCZO9thrQaA4dre0s7B567Dei0EJJlm.jpg?quality=95&as=32x28,48x42,72x63,108x94,160x140,240x210,360x315,480x420,540x473,640x560,720x630,1080x945,1280x1120,1440x1260,1457x1275&from=bu&cs=160x0",1
4b97a2b8f29ae3851c94692f3bc3262f.jpg,"https://sun1-89.userapi.com/s/v1/ig2/1gt4qb4noWdI8yZQJygG9v12KpW2Nj5iAQWWg7LHXs11_WYoz1ltXtp_ql3PKY8Tc4I2fJYXfONAJrsTAaQgPL_o.jpg?quality=95&as=32x32,48x48,72x72,108x108,160x160,240x240,360x359,480x479,540x539,640x639,720x719,1080x1078,1166x1164&from=bu&cs=160x0",6
918bd1d48f197eb31dea2b2677ac8d7c.jpg,"https://sun1-16.userapi.com/s/v1/ig2/i1xz_DBuIaTtm19pwgDYDv2GtoCWwe7o9vvvocugnVVy5AJAVxQACijdpbSGcCeugial3ZuTUncAahES-Pabkcq3.jpg?quality=96&as=32x37,48x55,72x83,108x124,160x184,240x276,360x413,480x551,540x620,640x735,720x827,784x900&from=bu&cs=160x0",6
ac9e9a66c61bc4cb9a083d392ecff3ea.jpg,"https://sun1-55.userapi.com/s/v1/ig2/piMs0N5Vw5igk9UrESr_tYn1onLu8MVgLfZMkJ-R1P8mog-oHccCyF1GsQP9lCIPCLMhMaIjqHx9vWWt_9Ra3_TQ.jpg?quality=95&as=32x32,48x48,72x72,108x108,160x160,240x240,360x360,480x480,540x540,640x640,720x720,1080x1080&from=bu&cs=160x0",5
1b883edb3e332b394588b75d02367e71.jpg,"https://sun1-89.userapi.com/s/v1/ig2/AS-nDX4a4pI9cBRAPyy3-hJ47nqmYNWgmVbvf9r_MO-GTT5tLxwDTHWcyjVyJoEaJAkij0bghGDShdNabGe5nyx0.jpg?quality=96&as=32x39,48x58,72x88,108x131,160x195,240x292,360x438,480x584,540x657,640x778,720x876,934x1136&from=bu&cs=160x0",6
5254011b92d042c204b8dea12710c820.jpg,"https://sun9-79.userapi.com/s/v1/ig2/vUnGVG7XpqNvZT-wSRqA3b-Fa7OiENr5Z3b6jfvKORcp7vP_u1V85VVOhgcq4FsX5q9CCxgiEl7lUdamz8Lm4d3G.jpg?quality=95&as=32x32,48x48,72x72,108x108,160x160,240x240,360x360,480x480,540x540,640x640,720x720,1080x1080,1200x1200&from=bu&cs=160x0",0
c66763fef98f2694d37a08bca3750b77.jpg,"https://sun1-16.userapi.com/s/v1/ig2/T2EnGudIE2L3MfgkfdCrW_oeU8whgmhj6fnrhLz3fIcgCuBnM9uKBD6yHE0jDdYQHdNDbVsoZo4xmQhxAgzgWoYk.jpg?quality=95&as=32x48,48x72,72x108,108x162,160x240,240x360,360x540,480x720,540x810,640x960,720x1080,1024x1536&from=bu&cs=160x0",2
b6571959d34478dd2c0c4811b6ed056c.jpg,"https://sun1-19.userapi.com/s/v1/ig2/AXtJ7qQ16g-Q7BGh0jO11R_lclMrRM1lkcDgo9H9NzlGuPojyYhZAJrk-Bmro34MIK65jzjCOgWxBUQ10DzvVmek.jpg?quality=95&as=32x40,48x60,72x90,108x136,160x201,240x301,360x452,480x602,540x678,640x803,720x904,1020x1280&from=bu&cs=160x0",2
ec776188cac5ff015379d66a0d6c8704.jpg,"https://sun1-24.userapi.com/s/v1/if2/S6QkWHq_PqGqfbO_Gbp5d37p3N1lYDdrOacz0p1PBLUmsGflXVhEjvUeADQoPNiYa5hutiCDn_pU9fi-IzUeDxj6.jpg?quality=96&as=32x30,48x45,72x67,108x101,160x150,240x225,360x337,480x449,540x505,640x599,720x674,730x683&from=bu&cs=160x0",6
0ceb66de3971eef243ec6ea4646b1b05.jpg,"https://sun1-24.userapi.com/s/v1/ig2/ZrXY79sblKlofQ8CAT_asFLGGJ7aEvLG2HecZ70ixNQp_1cDkQpamsdj5ohNecdOTOGBdZjzudDKlxtlrNc-_17z.jpg?quality=95&as=32x37,48x56,72x84,108x126,160x187,240x281,360x421,480x562,540x632,600x702&from=bu&cs=160x0",2
bf5eb2cf31cd82fc721e85c23ca3fa35.jpg,"https://sun9-77.userapi.com/s/v1/if2/DVCAhp5VJHBfvEKGGAiBGMlQdZ3BpQcvKEimerM9-jEjvW8jW0_bGdPq4538bk5EYrcfTkdj2aT4Y_bhqZdkKB1G.jpg?quality=95&as=32x23,48x34,72x51,108x76,160x113,240x169,360x253,480x338,540x380,640x450,720x507,827x582&from=bu&cs=160x0",3
dde9da68d94c14f7ad14bc98df55e610.jpg,"https://sun1-90.userapi.com/s/v1/if2/8TmomP9fHguadTqckIDRv4-rbyJuALPWfxbcxTdMkO6khtfh74nVnjStWtNs9JZ5x-qnTWi5KiOw86fycxNsD-fc.jpg?quality=95&as=32x28,48x42,72x63,108x95,160x141,240x212,360x318,480x423,540x476,640x564,720x635,1000x882&from=bu&cs=160x0",4
53ce2b1539e5b2a9ed71d387b30cd506.jpg,"https://sun9-22.userapi.com/s/v1/ig2/QpXHsx7yTm-itONSD1YfBugzFviEcdAVBB2t9cFWJZ4tMNr4wwNsqkJHdLor59CGnIlz0WXz7tVHDVv_jOgcgw9E.jpg?quality=95&as=32x32,48x48,72x72,108x108,160x160,240x240,360x360,480x480,540x540,640x640,720x720,1080x1080,1200x1200&from=bu&cs=160x0",0
a845f91b966b58fd9e85a6ca39b7b741.jpg,"https://sun1-89.userapi.com/s/v1/ig2/3hGmDNfQ6YyiMOePElbtOicD75SHIfS3nQzCsMY-Wen7hqH4LR5nygbzyNECtu0GZwdD8-t2h2s0lPA0AvevakI4.jpg?quality=95&as=32x38,48x57,72x85,108x128,160x190,240x285,360x427,480x569,540x640,640x759,720x854&from=bu&cs=160x0",2
9c64bfd60eba57cef7b924f39b4d4eee.jpg,"https://sun1-14.userapi.com/s/v1/ig2/mw-x_-vNEqLL1dwR6cDtIgrb9hgsg7V8C_2Xp1ta7a8gVfJIYnv7L1bcWBN7aGBO0fdjjFiFhqr5eQbUZpBRpPM9.jpg?quality=95&as=32x61,48x91,72x137,108x206,160x305,240x457,360x686,480x914,540x1029,640x1219,672x1280&from=bu&cs=160x0",2
c25261e67b93f113d9391708345d2f04.jpg,"https://sun9-22.userapi.com/s/v1/ig2/zfTHmIerzEC5uIRUReTOGCuB9V4pADIBaoBzziCAfUMJ2XEY9nSBMaAMNy3DCKIrtJygPiLe-zhCv_ClIDetCusH.jpg?quality=95&as=32x32,48x48,72x72,108x108,160x160,240x240,360x360,480x480,540x540,640x640,720x720,1080x1080,1200x1200&from=bu&cs=160x0",0
13a970db74c4aecd17c1933631f98521.jpg,"https://sun9-82.userapi.com/s/v1/if2/A-zX80MH1-r9_LqDtdWQyh39NaOG9THCqZnpFk20Yh1YTe4aGnjemUAV47hKfTwO9E7fbVyFltyeWzZNtOWBMogA.jpg?quality=95&as=32x24,48x37,72x55,108x83,160x122,240x184,360x275,480x367,540x413,640x490,720x551,830x635&from=bu&cs=160x0",3
d3723d6a819f8314f5b6d8a33d790d99.jpg,"https://sun9-54.userapi.com/s/v1/if2/HdRuyIKRI9uzCacFqbS7qLf29xpy90y8NlKt9CNG4nJOF9aom6Ye2CvODvedtRlpJK5U27l5lEhc7r0mnC9a9XC0.jpg?quality=95&as=32x23,48x34,72x51,108x77,160x114,240x172,360x257,480x343,540x386,640x458,670x479&from=bu&cs=160x0",3
3c54aca0cb5b671b1178a749a9f84b4e.jpg,"https://sun9-46.userapi.com/s/v1/if2/bmioa6DBeQsI2QQ8PJeJHBICaGlfqXaquCOhN7JWJ7YPubCESS4pTDSxJTW6i8Np8UncSK19ysWObhFzbcL4rnLH.jpg?quality=95&as=32x28,48x41,72x62,108x93,160x138,240x207,360x310,480x414,540x465,640x552,720x621,1080x931,1280x1103,1440x1241,1485x1280&from=bu&cs=160x0",1
e6c33e4f135974db2b184ae61155a13c.jpg,"https://sun9-77.userapi.com/s/v1/if2/B-kUMbthGbi3XfFPUMhfLJU_gq2AtCXI6LiJBBIiv5bfIsepRJ2kLcYONhNLYh6EYCaZ7louUZIWRrALO1aAhGFc.jpg?quality=95&as=32x23,48x35,72x53,108x79,160x117,240x175,360x263,480x351,540x394,640x467,675x493&from=bu&cs=160x0",3
594bcbe48b3663bf82a4dccab7b9eeb7.jpg,"https://sun9-85.userapi.com/s/v1/if2/peez-iDhknp5m0kaG6geMkuiK5MQlLI_pfSdpwCrLIsJ62gybQVxR66Ozjn_zc7Uqg_JBw1-ZizxoPp8ycHAbhBo.jpg?quality=95&as=32x31,48x46,72x70,108x104,160x155,240x232,360x348,480x464,540x522,640x619,720x697,799x773&from=bu&cs=160x0",3
6fd935ec85dbfe2674ab6fc198d9092d.jpg,"https://sun9-22.userapi.com/s/v1/if2/KRpj3MI4E7A4CSjSA7Gp0rlFgCWYmMVqKDIrpHei1If2BXQuoe2EbYB_6tpALWOZcGwseSR5_BhTan5lbkGmLda8.jpg?quality=95&as=32x22,48x33,72x49,108x74,160x109,240x164,360x245,480x327,540x368,640x436,720x491,1080x736,1130x770&from=bu&cs=160x0",1
c917107baa94d311da2b222f97f142ed.jpg,"https://sun9-5.userapi.com/s/v1/if2/Jhh1ByTLecbThbuWoaHBaa1Zml0VrMO90cK4l9EXh2hGr-9Qo7X4oFgvzgQpGqY7afZPIQ26oWcr6osUP4nyBsfY.jpg?quality=95&as=32x18,48x27,72x40,108x61,160x90,240x135,360x202,480x270,540x304,640x360,720x405,1080x607,1280x720,1440x810,1920x1080&from=bu&cs=160x0",1
e835316582303da3603305e88ede186c.jpg,"https://sun1-56.userapi.com/s/v1/ig2/_di_7TmCgvU8ozu_0BqJ5zjfU2kPICx5s01onggMHXm3xbpUFNqg8jee_fZToRZnaJ4xrTnTINcna5PrJoslyakH.jpg?quality=95&as=32x43,48x64,72x96,108x144,160x213,240x320,360x480,480x640,540x720,640x853,720x960,1080x1440,1179x1572&from=bu&cs=160x0",5
93a41dbb97be8a2b64cc593eb499cbf8.jpg,"https://sun9-78.userapi.com/s/v1/if2/auhSemtc3Ctrp9q6MSu5ZCsqnilVhkbLmMzfuUOPHfGdzV1XjiSVM653qnxV8GC_QpwImc-u5iSa0-bP2640a4PX.jpg?quality=95&as=32x21,48x32,72x48,108x72,160x107,240x160,360x240,480x320,540x360,640x427,720x480,1080x720,1280x853,1440x960,1620x1080&from=bu&cs=160x0",0
b885f565b3e96304c08441d4c42fafd3.jpg,"https://sun9-17.userapi.com/s/v1/if2/Bc1fFZjpHTptwRYIPxOj1RwUYT6NRNwRyMO9WgcZn9c3Ig8h-o2NPdG_dw26XlHjuGNzcbgz4KoFYp4GIfBUY-9i.jpg?quality=95&as=32x28,48x42,72x63,108x95,160x140,240x210,360x316,480x421,540x474,640x561,720x632,830x728&from=bu&cs=160x0",3
facf83c77d7ef1e72ac76728ebf63466.jpg,"https://sun1-19.userapi.com/s/v1/ig2/e4PIbApwss8nXTKaPbylJXSBT6QXF6QAqhlFb__6O4Zna4haszVd0D53pW8mDjQfzAMK1wD-0FGjuK5BHDezqlEl.jpg?quality=95&as=32x56,48x84,72x126,108x188,160x279,240x419,360x628,480x837,540x942,640x1116,720x1256,1080x1883,1280x2232,1440x2511,1468x2560&from=bu&cs=160x0",4
931fc39f72d3ed6fba42f4aa001bb83d.jpg,"https://sun9-85.userapi.com/s/v1/if2/3IcHQ5f81SgdfpGb_pSojmTfqDWPZQnOmJjbROBton3EcSPPPKyAsdARVrf314MiROOdHCAP_3GNK_xp2Xqe5D31.jpg?quality=96&as=32x27,48x40,72x60,108x90,160x134,240x200,360x300,480x401,540x451,640x534,720x601,1080x901,1280x1068,1330x1110&from=bu&cs=160x0",6
567d2f86a2369874faf6b2dfe49356bb.jpg,"https://sun9-15.userapi.com/s/v1/if2/i0s-7-8RLAq4bvJ_vIiSnYz_kk1rdV6t9d3NKiEv71SOHlzHdnzQXFQ9Z1GNPY22C8iyYVmO5GynrMMNas8MQgEp.jpg?quality=95&as=32x21,48x32,72x47,108x71,160x106,240x158,360x237,480x317,523x345&from=bu&cs=160x0",3
a56cf5753b9a40810da7559f5d2cb13b.jpg,"https://sun9-57.userapi.com/s/v1/if2/PKWcbM5xsa7xKGoSSonz2GSlMkksVgLKepSvxM9yEZYO9hXHKjdmysQmOAyvTjyuskNKWoY2SFMloyzUYK-6vCNW.jpg?quality=95&as=32x26,48x39,72x58,108x87,160x128,240x193,360x289,480x385,540x433,640x514,720x578,997x800&from=bu&cs=160x0",1
555c3b7ec12cd2e790cda6cffd3fcf0c.jpg,"https://sun1-24.userapi.com/s/v1/ig2/QmsCbsvgmvboe5z2MLzi1x8-UwrUShhQbGR5wgTE5SO8RBhBLBaJ99tHk2u9qpZ5U7DrQB2rruDt3pCsQyZXEzMm.jpg?quality=95&as=32x32,48x48,72x72,108x108,160x160,240x240,360x360,480x480,540x540,640x640,720x720,1080x1080,1200x1200&from=bu&cs=160x0",0
71c0a97341caa2e44b973d7861cc7600.jpg,"https://sun9-84.userapi.com/s/v1/ig2/fGoRLT98pGKZHHEhiWW41z3ok-KXNMZKCAYPDChh0iinCZ4teBdwRY8t2GuuFta9K6OnGBHPBhbgnLtffRtVARqP.jpg?quality=96&as=32x32,48x49,72x73,108x109,160x162,240x243,360x364,480x485,540x546,640x647,720x728,1080x1092,1118x1130&from=bu&cs=160x0",6
f5a39c0c4cdc2bf7592241a92d2ad791.jpg,"https://sun1-26.userapi.com/s/v1/ig2/ktMjjJGnaTXXCJ61h-ImwiRr7Uwld3zJxALDyk4ihbMhBwlvVdwr6DPY_D6YzWJhvnbGd6_A3FP-frZq2LZz-f2E.jpg?quality=95&as=32x32,48x49,72x73,108x109,160x162,240x243,360x365,456x462&from=bu&cs=160x0",3
64d14de1727f4eee31031dcdaa20f59a.jpg,"https://sun9-6.userapi.com/s/v1/ig2/ko7ixjPJdy90CNeNIZ3c5D5HI7pnmovTJP96k2tnlcPD6-M6H4mIFyOcEz2KapQlwYXZSmqrca0jncoDbFLwA7Ve.jpg?quality=96&as=32x36,48x54,72x82,108x122,160x181,240x272,360x408,480x544,540x612,640x725,720x816,874x990&from=bu&cs=160x0",6
64c290bb1b82acf94951bffd44714527.jpg,"https://sun9-79.userapi.com/s/v1/ig2/Kj0lDH-rvexNl0Tem0UkCR4L8linJuuevp257RIPMAVFEVNZcju6RVsgkx4Wb8dPZWOT_951ow9Oln1YExA8dpBz.jpg?quality=95&as=32x32,48x48,72x72,108x108,160x160,240x240,360x360,480x480,540x540,640x640,720x720,1080x1080,1200x1200&from=bu&cs=160x0",0
106ebbb45b2118ccf0876ce9cd0080ab.jpg,"https://sun1-21.userapi.com/s/v1/ig2/xfxMtnE6VaiW5ILaXjYhwsK6aPiTP3CHJtz7v7IfH6qi2QHUz86rdMwzdPx5a4v09dp1yj5IHICQD17dQAKCsQEw.jpg?quality=95&as=32x32,48x48,72x72,108x108,160x160,240x240,360x360,480x480,540x540,640x640,720x720,1080x1080&from=bu&cs=160x0",5
00482c3af7bf4d24c9434a9df994c04b.jpg,"https://sun1-24.userapi.com/s/v1/ig2/YilN8xi0uFYiGlQ-wbflCqiEPqfmL5A0YfAZGbnWd2OIaDMRYnwuhVis1E2_yDShua83z9uwyxDW9y9-8JyCozSN.jpg?quality=95&as=32x32,48x48,72x72,108x108,160x160,240x240,360x360,480x480,540x540,640x640,720x720,1080x1080,1280x1280,1440x1440,2160x2160&from=bu&cs=160x0",4
4ea763f593a7410f2e1f4dc0fde63c2b.jpg,"https://sun1-56.userapi.com/s/v1/ig2/keNiHuBzoYtxwlvhgAfSVJ6r2LJkOB-_Kh8QJMdJdUvoFEKAQSWcKlRqDveEqoICWOBSAmEs8GocEu4Z316WYXwo.jpg?quality=95&as=32x56,48x83,72x125,108x187,160x278,240x417,360x625,480x833,540x937,640x1111,720x1250&from=bu&cs=160x0",2
fb387dfcc56367eb92dc6a50169c405a.jpg,"https://sun1-87.userapi.com/s/v1/ig2/WChiquoQIjrMcxbEVGlMkQJIgX0LVJOO8mfV5RAGX1k_dGqnTS4HVaKAo4StYqYJ3ITlpsGeupoMKmYceqvinP-C.jpg?quality=95&as=32x32,48x48,72x72,108x108,160x160,240x240,360x360,480x480,540x540,640x640,720x720,1024x1024&from=bu&cs=160x0",2
a2fd10129b08aca80d99bf1e66e60d04.jpg,"https://sun1-23.userapi.com/s/v1/ig2/EYkrV3HZz8wRSSdrolvwZCvaWNlGuMI-hRBLf54p4mc7k0bWKPmzAQ12mAbE2FQ_2kzvqHupkscdao71Lh2h0qXd.jpg?quality=95&as=32x32,48x48,72x72,108x108,160x160,240x240,360x360,480x480,540x540,640x640,720x720,1080x1080&from=bu&cs=160x0",4
d3cca097c750c39c6e596e543fed92db.jpg,"https://sun1-88.userapi.com/s/v1/ig2/5Tj2dR0x5s_e5B_FbJg-XWFblN9gtEEDZyr5rhV7DcuUJMECkF_44-bjM2nWUWV9_E5kP4dWznNLfarDHKZNAhjR.jpg?quality=95&as=32x32,48x48,72x72,108x108,160x160,240x240,360x360,480x480,540x540,640x640,720x720,1080x1080,1280x1280,1400x1400&from=bu&cs=160x0",4
88e05ee5d5acd89417adc6ea99bd6ec3.jpg,"https://sun9-55.userapi.com/s/v1/ig2/OIPGlVYyVjRnaSJ96cFvm_EceOEgGfVW8PzkIfRKpJAvrf3xPg6KMfacVF4BE7017QY95V5v6hlMoGZbTMJyTUg3.jpg?quality=95&as=32x32,48x48,72x72,108x108,160x160,240x240,360x360,480x480,540x540,640x640,720x720,1080x1080,1200x1200&from=bu&cs=160x0",0
1a12427310d5b3cb4caf44ac235ffd0a.jpg,"https://sun9-18.userapi.com/s/v1/if2/7LIkkg5FuIxNxEr-IlsMPNTkbmCe5DMfXfLdX3ZM-LxDCxbc2krE95ybkEg2rdsorfxz79xE99IfUHPRupwDgErG.jpg?quality=95&as=32x17,48x25,72x38,108x57,160x85,240x127,360x191,480x254,540x286,640x339,720x381,1080x572,1280x678,1440x763,1920x1017&from=bu&cs=160x0",1
ef030abbe92891fa6d3633b2f5f41d54.jpg,"https://sun9-47.userapi.com/s/v1/ig2/_mXr4mMyr4h7W_XbfPuKHJWW6zqZL3EKkJawrHNPkixqbSBaHiI7zT-QZiHst-9itFlwxGbFA_5mol7LCxIaEp_3.jpg?quality=96&as=32x39,48x59,72x88,108x132,160x196,240x294,360x441,480x588,540x661,640x784,720x882,909x1113&from=bu&cs=160x0",6
b95fc51494973d26c1cd2fb18afa49a1.jpg,"https://sun9-68.userapi.com/s/v1/if2/KsY_KV9TnpyZECAKyfdtlYYPwNCG_Drrla2_iLPX56oRXa4Hm53FnSsiXV-Zt3cqxrzfkTzX3eZ0WEqpt7iC_pJp.jpg?quality=95&as=32x23,48x34,72x51,108x77,160x114,240x170,360x256,480x341,540x383,640x455,720x511,1080x767,1280x909,1440x1023,1532x1088&from=bu&cs=160x0",1
e7e2ac8813f6a0e2c1ec3fc89f5f3088.jpg,"https://sun9-21.userapi.com/s/v1/ig2/WXC9XmEq57zgYoA3m-Q9ndHbB-T3_3cmvE1-pW1BGyVpsElTTdL5n4QE5ltWtZ5dItsCC3yvx9BK6YvWnUTb3pzl.jpg?quality=95&as=32x32,48x48,72x72,108x108,160x160,240x240,360x360,480x480,540x540,640x640,720x720,1080x1080,1200x1200&from=bu&cs=160x0",0
d37fe461ce36581595b85856f5b82881.jpg,"https://sun9-8.userapi.com/s/v1/if2/QC-khScf5JiKD9lwxZrtOa27ud__FAlmD-y-WWyrIxGp8xkRu694txpigunIYh568XPcjCraAakRite4rMWbvPdY.jpg?quality=95&as=32x21,48x32,72x48,108x72,160x107,240x160,360x240,480x320,540x360,640x427,720x480,1080x720,1280x853,1440x960,1620x1080&from=bu&cs=160x0",0
0b86d5beebdce10cd5a75b534c9da7b2.jpg,"https://sun1-92.userapi.com/s/v1/ig2/uDC3R4TOtCqtjovdOohJT3d2BB0ZLw7gSgoQxq0jaaIZTE1SZZFG1WoQZBA3BwXu6tMA83xwKwcNI3WDARmgF5Hs.jpg?quality=95&as=32x40,48x60,72x90,108x135,160x200,240x300,360x450,480x600,540x675,640x800,720x900,1080x1350&from=bu&cs=160x0",4
b12cf36c0f76f54099119231b8aa0fcc.jpg,"https://sun1-18.userapi.com/s/v1/ig2/61Tul3y9hEtUPIXH5-ykp4X6jzMl81yCulguRjeQc4ME246nFxIrzdQZDByQw54Womcnmxoz6alsqwacMW4uY381.jpg?quality=95&as=32x32,48x48,72x72,108x108,160x160,240x240,360x360,480x480,540x540,640x640,720x720,1000x1000&from=bu&cs=160x0",5
2099d9e1d10f588690a9ca688b67d04f.jpg,"https://sun1-56.userapi.com/s/v1/ig2/Ihx5Wirssp9iIHElT270BBSpNjazbmiAyAWFKaKKA_OOPP6IRDrw8y3eG9FXT0RZ8_wa2LW8S6dam39v6-IypDi-.jpg?quality=95&as=32x40,48x60,72x90,108x135,160x200,240x300,360x450,480x600,540x675,640x800,720x900,1080x1350,1280x1600,1440x1800&from=bu&cs=160x0",5
a352db8daef7cf816105c842081d71fa.jpg,"https://sun1-84.userapi.com/s/v1/ig2/wTZQeQHYVX6fRLqrvu91-eijNLQzWTxlIaCz0q0FKTlHMnK_wnSEVBCywVzrF8UgGxfjlf5RQhMGDNkZ6B8u-cO7.jpg?quality=95&as=32x36,48x54,72x81,108x122,160x181,240x271,360x406,480x542,540x609,640x722,720x813,1080x1219,1144x1291&from=bu&cs=160x0",2
b1fbb65d7d251fe660894c653374ceca.jpg,"https://sun1-97.userapi.com/s/v1/ig2/-shnInQm1n5CkMThbqj7PDQnEB8dPMDRbhPzfKQGGcUTzTJ7lyWLzVHIXzNzpQGzjmpALOvicg9oIZyObDh4qYbq.jpg?quality=95&as=32x32,48x48,72x72,108x108,160x160,240x240,360x360,480x480,540x540,640x640,720x720,1080x1080,1280x1280,1400x1400&from=bu&cs=160x0",4
1f973c3b4c7604281080ef09253c3fdf.jpg,"https://sun1-18.userapi.com/s/v1/ig2/5AXLJb92sMChsAfpQJX0mUl3qdYux_NhO4oJG8evvjgvVhWxu3NH8auqPKZaBX5uyT3vbEPTc9dZqcG7q6S7qV2I.jpg?quality=95&as=32x48,48x72,72x108,108x162,160x240,240x360,360x540,480x720,540x810,640x960,720x1080,1024x1536&from=bu&cs=160x0",2
c8ebef6dbf33a0c2ea9f72a48c7b2cf4.jpg,"https://sun1-83.userapi.com/s/v1/ig2/qp5jBPuwAw7K3eu7ThkpW4toVRSND1Pcx56hd6imDbEu-_1HRgHmq4C612mS4jMxghZTkp5dHlVABli4WVRNwOD0.jpg?quality=95&as=32x40,48x60,72x90,108x135,160x200,240x300,360x450,480x600,540x675,640x800,720x900,1080x1350&from=bu&cs=160x0",4
9c5a9a8b7b27aa1c48b28826d459c6a3.jpg,"https://sun9-45.userapi.com/s/v1/if2/OQHfQL9IigW8Gu7FzGnmDItH3RRfDlst4Nt7diUy6bAhRjZdXg3HuXW7IBaHDcY3P98DLjBXTU0R8PDSkwgA8MXz.jpg?quality=95&as=32x23,48x35,72x52,108x78,160x116,240x173,360x260,480x347,540x390,640x462,720x520&from=bu&cs=160x0",3
f3ad60d204e44447d4b9930d519b4d6c.jpg,"https://sun9-37.userapi.com/s/v1/ig2/mmrJEU3kckorNguFKL3WHVwPHJSZGGQinmks5a5kOJKKCPDRZAi5YZamjvKEJdkdnLNs1I4-cWZUzEkorm9HRxHY.jpg?quality=95&as=32x32,48x48,72x72,108x108,160x160,240x240,360x360,480x480,540x540,640x640,720x720,1080x1080,1280x1280,1440x1440,1800x1800&from=bu&cs=160x0",0
52335932e2af5773734096e61609bd4c.jpg,"https://sun1-85.userapi.com/s/v1/ig2/IM1bFCEV-Oerf_4UhSRpev1hSnFtOGD0mXcoyWfPYfqvdhUMlNqndKGcCEhc7aLBim2pCG9ZEGRB7I90zcD3a1vx.jpg?quality=95&as=32x43,48x64,72x96,108x144,160x213,240x320,360x480,480x640,540x720,640x853,720x960,1080x1440,1200x1600&from=bu&cs=160x0",2
115ac296981944f8ab75323ba21e1f4e.jpg,"https://sun9-68.userapi.com/s/v1/if2/QEPT-kz9jE9aPAF_taMu3g2g6O2031PaGo4jgvTpUuH8IQF3mtWcP7oMtTBWy1eaxoP77kZxFmx16t3HehsUYWa5.jpg?quality=96&as=32x30,48x44,72x66,108x100,160x148,240x222,360x332,480x443,540x499,640x591,720x665,1080x997,1254x1158&from=bu&cs=160x0",6
1246261905429e529d01983a7bae5494.jpg,"https://sun1-21.userapi.com/s/v1/ig2/BN8UF2QYdcNPTCxjlE5owElRO_OedcJRIpRMe5a1unbbEx4tQBtjCRFLt2t2e5PYUmm4CGxqou2x1TTUlQ7_hlZT.jpg?quality=95&as=32x32,48x48,72x72,108x108,160x160,240x240,360x360,480x480,540x540,640x640,720x720,1024x1024&from=bu&cs=160x0",2
6c30806061412b0add1333811004503e.jpg,"https://sun1-25.userapi.com/s/v1/ig2/iNyz_xh0Mt66mrk4CgooNV-M2r_IyFLvsXsk0nNOSbiVod5g2_IhEn7g36FmLMvWUoE3Jy8qjSwzk6maTZLr8suR.jpg?quality=95&as=32x35,48x53,72x79,108x118,160x175,240x263,360x394,464x508&from=bu&cs=160x0",2
baa2a5dd3abed6c4e380628df6611ea4.jpg,"https://sun1-17.userapi.com/s/v1/ig2/Lizws_dDCGbx45IL5Bgdd-g6iw0WvfzPggB7e1mP7pzt3n__HnZXz1GAXVyemcXruVgoRmot2SwLLEPo2POUasrI.jpg?quality=95&as=32x36,48x54,72x81,108x121,160x179,240x269,360x403,480x538,540x605,640x717,720x806,1080x1210,1280x1434,1417x1587&from=bu&cs=160x0",2
871867d7b2fde0daee2ef68a99a05035.jpg,"https://sun9-57.userapi.com/s/v1/if2/yVm5n48clNoJqp2AfhDvPcTgDqZJylzRwKDjk0Zp6WbH8T_Ed35fgnZ4KQUyVa_Qtrm1PTfuEgoVWj1ha41ZO2pp.jpg?quality=95&as=32x24,48x36,72x54,108x81,160x120,240x180,360x271,480x361,540x406,640x481,720x541,991x745&from=bu&cs=160x0",3
3fdb46c21202700ffa7b94e117b1ce65.jpg,"https://sun1-89.userapi.com/s/v1/ig2/LYr_1V3-7gPf1Tgp2w45hGCY3PhfyiDqNB7Jo7W7l_s39s1xCieEFqfij3vr7P-y0QAy8rVcmxC67y4EGOMT8HLK.jpg?quality=95&as=32x38,48x57,72x85,108x128,160x190,240x285,360x427,480x569,540x640,640x759,720x854&from=bu&cs=160x0",2
d26fa6b8b376e2bbf3e9891012e7f7d1.jpg,"https://sun9-30.userapi.com/s/v1/if2/S4khWRe3xSjgWjbvC4Q9eUhdIqO-CbRu9NXtlzo2fcGq3kT-h35jYxmyBCsBmIulX8FovuD-vEDz0MMqCCysbbkI.jpg?quality=95&as=32x21,48x32,72x48,108x72,160x107,240x160,360x240,480x320,540x360,640x427,720x480,1080x720,1280x853,1440x960,2560x1707&from=bu&cs=160x0",0
6e7b0c36d83d3f13c29ed569b54c97d3.jpg,"https://sun1-94.userapi.com/s/v1/ig2/FVoqbNrXBUW6BsDOlWexvlhFTnYkMdXBpOcqWYypejkt_obHS_NsMUcoe8Q_e6TyzudIX6BU0FcF31s5aw55cone.jpg?quality=95&as=32x41,48x61,72x92,108x138,160x204,240x306,360x459,480x612,540x688,640x816,720x918,910x1160&from=bu&cs=160x0",6
96b0b4fea526e5c6f0f8bd3ea2ea2259.jpg,"https://sun1-91.userapi.com/s/v1/ig2/r8Nkeb5dyOWTbtlta31PNDJvC0zqpvqC3rjPckm2dum-WaEyev8bsdW8BH1UyYJlks78xZcXXmrHnCNwZo1zHHIk.jpg?quality=95&as=32x48,48x72,72x108,108x162,160x240,240x360,360x540,480x720,540x810,640x960,720x1080,1024x1536&from=bu&cs=160x0",2
4883be4ff1a5a4cbee243044b315f42a.jpg,"https://sun9-42.userapi.com/s/v1/if2/oWkiaQXXevcHWQDUsOB_W6nCfAv-_fScByKvWFeokJOYLCMFO_zXfacGbDg73DmDORD0KIqTVrooFZn08_dC7FVd.jpg?quality=95&as=32x28,48x43,72x64,108x96,160x142,240x213,360x320,480x427,540x480,640x569,720x640&from=bu&cs=160x0",3
3f2da1cf02d43e4d3b5a8d6a9a3be55b.jpg,"https://sun9-7.userapi.com/s/v1/ig2/ZoeJ9_OsJtfhYTF1Sfqr1tZKEHwMCrFqFTUoTE3_oS0KxV11-W5H9qzk2MpszHNHxAXE3rvbRA4WAHv6erboAylm.jpg?quality=95&as=32x32,48x48,72x72,108x108,160x160,240x240,360x360,480x480,540x540,640x640,720x720,1080x1080,1200x1200&from=bu&cs=160x0",0
664ffe2319567070309caaf76a3196f1.jpg,"https://sun9-41.userapi.com/s/v1/ig2/ii0b55cwcRAFu1mwzZQkW6YsRmCqKIXaLrLjw8D50ly9CNQVrABQGTQxkwyRsA_3KmdsBzDn7eCpM3-jjKxuMe30.jpg?quality=95&as=32x32,48x48,72x72,108x108,160x160,240x240,360x360,480x480,540x540,640x640,720x720,1080x1080,1280x1280,1440x1440,1800x1800&from=bu&cs=160x0",0
24c81c43557c9525b2a4bfed99281a5b.jpg,"https://sun9-57.userapi.com/s/v1/ig2/cvEwCMRww5QsXwW-_AwVqXwGjQgKHZRfm5JyUEAdeel2ahG0sKTjoISOfBlOauTh1Wc1hF8itNUtK7uM_MolaPL_.jpg?quality=96&as=32x57,48x86,72x129,108x194,160x287,240x430,360x645,480x860,540x968,640x1147,704x1262&from=bu&cs=160x0",6
b4dbf00023b1cba8a598eb190894c079.jpg,"https://sun9-38.userapi.com/s/v1/ig2/WGFoPerxeQhXUBKtPBCZskXykuVDpjlx3dOqdRmfZy28Y3L_5X6i20zE-WFPWDD3xbD0QhkBJ0MwbV7UIe0QKgyH.jpg?quality=95&as=32x32,48x48,72x72,108x108,160x160,240x240,360x360,480x480,540x540,640x640,720x720,1024x1024&from=bu&cs=160x0",1
49d34fba6a516a1279d2ee0648c7d997.jpg,"https://sun9-55.userapi.com/s/v1/ig2/Gw7ghYiEmnnE4Qj0f7GFsa01X_ZmhU75ttO_QhS8gih6tIgTRr7RbBLRvfKscZaAYywlGuCBPVoi2VOdc_c_841o.jpg?quality=96&as=32x57,48x85,72x128,108x192,160x284,240x427,360x640,480x853,540x960,640x1138,720x1280&from=bu&cs=160x0",6
568427f6f07a576002ad33653283bf84.jpg,"https://sun9-23.userapi.com/s/v1/if2/zLa4Ba1lD5nNAGBZ74U37onzm6bhKIxLhvjewdJIBI-t6kym1g3euWkN2gkwMvwTI4Ohv0PDXVokQl3DhQ4B7ouh.jpg?quality=95&as=32x24,48x36,72x54,108x81,160x120,240x180,360x269,480x359,540x404,564x422&from=bu&cs=160x0",3
69c44b15d518ee46c60d72c938a388ed.jpg,"https://sun9-62.userapi.com/s/v1/if2/VMKDA-9nKA602VmMrvoTJumq7hLzQVW0fgJQ0oI1XHwoWZNuGAos1y_UlmoG4giQuuDjBy-Vk3hQJDdtp5brUjVX.jpg?quality=96&as=32x27,48x40,72x60,108x90,160x133,240x199,360x299,480x399,540x448,640x531,684x568&from=bu&cs=160x0",6
6d0a761260bed69db3fa17822f2565f9.jpg,"https://sun9-37.userapi.com/s/v1/if2/42bksxqaC07wiQi_Lvv1Y0S0HGqEuc1PSmAu4VUjkPMEJaPOPaoSCYCBAgLhmUZR7_SaFjb5cMlT5tgmp_OgxWGn.jpg?quality=95&as=32x28,48x41,72x62,108x93,160x138,240x207,360x311,480x414,540x466,640x552,720x621,1080x932,1280x1105,1440x1243,1483x1280&from=bu&cs=160x0",1
c5904d62fe912448e3de346ec0f09a03.jpg,"https://sun1-55.userapi.com/s/v1/if2/qRsjGa8VT_Ip4BUsIzuWBjXA11Mt4C2juU9wt9DzKAcvB_ZChkvkCKOwgdq7z3Hh0KqC-QIGNVXd-b7TkKNRsxqo.jpg?quality=95&as=32x29,48x44,72x66,108x98,160x146,240x219,360x328,480x438,540x492,640x584,720x657,1080x985,1180x1076&from=bu&cs=160x0",4
0600565dfccc205bdb7fecd993844c29.jpg,"https://sun9-38.userapi.com/s/v1/ig2/0ejBDIQQldGCpyziKK00m7rQqMT2CKUAHgDze8euuBrn14GOY-23RYfOBKeq7CeCBEE0Q7dDRGWoAvJK5cpPIMAt.jpg?quality=95&as=32x32,48x48,72x72,108x108,160x160,240x240,360x360,480x480,540x540,640x640,720x720,1080x1080,1200x1200&from=bu&cs=160x0",0
0ff391b2cab24d9c559d8527068fbf96.jpg,"https://sun9-48.userapi.com/s/v1/ig2/ImEaollfrNU8GKO4PRuQeU3TQyTSG1dD_kWNeB-vWdqeU7wdjsWWC6-ENUSqEYzequ-UGSnJvURcQ15p-68sKfeK.jpg?quality=95&as=32x40,48x59,72x89,108x133,160x198,240x296,360x445,480x593,540x667,640x790,720x889,830x1025&from=bu&cs=160x0",3
2714c868ced90104fec70e02be6bba65.jpg,"https://sun9-49.userapi.com/s/v1/ig2/uLFHLIYYNLm8CV-l7hK9AVMIuJeACmKwkuy1q203McSIGc8qp9jgFrF8tYSFkz1g6b03KIaEduhzyDNuPqtCnaJH.jpg?quality=95&as=32x32,48x48,72x72,108x108,160x160,240x240,360x360,480x480,540x540,640x640,720x720,1080x1080,1200x1200&from=bu&cs=160x0",0
16c1fd470984f6f8fe462fb98bf06030.jpg,"https://sun1-91.userapi.com/s/v1/if2/e8XLchNQKiHg7KK9eTSdUEEPJjf6f5mA7Xff3xM8ogx8hFGwFa47Xxnju3eRoQnMPqRzE72-nteO7DJqHQKNclkp.jpg?quality=95&as=32x31,48x47,72x70,108x106,160x156,240x235,360x352,480x469,540x528,640x626,720x704,799x781&from=bu&cs=160x0",3
dab307e87af9ad354e9d4fcfcb4a95ef.jpg,"https://sun9-49.userapi.com/s/v1/ig2/i5toIiVDkfKoekn9lOCXu6sWgwQtmDZyJWWuWDBkmB9c7zUo3kyLK2yKBxvK367qw3cHzb8g4OK8HsDeeWEiTQRz.jpg?quality=95&as=32x55,48x83,72x124,108x186,160x275,240x413,360x620,480x826,540x930,640x1102,682x1174&from=bu&cs=160x0",6
b639ae8e877ced20a1d79981642aeefc.jpg,"https://sun1-19.userapi.com/s/v1/ig2/inyCskVIzq6qgnL0KbvNsH19zbaN5_ah3s46UvKtUOcqRmCKc5d-YWu5RmZE7EDNtOwiyc4OjXv980Kp9g28FK5l.jpg?quality=95&as=32x32,48x48,72x72,108x108,160x160,240x240,360x360,480x480,540x540,640x640,720x720,1080x1080,1280x1280&from=bu&cs=160x0",4
9bd10933971964755463f8a5a729cc40.jpg,"https://sun1-30.userapi.com/s/v1/ig2/Up1gi-5zS2-LSN4K3FZsPMQfomqQC2CshziIh114m47JXf9guqxZLhjNq8r72u3iuxqMUqL00zj-Ihl_s2n3IBMJ.jpg?quality=95&as=32x48,48x72,72x108,108x162,160x240,240x360,360x540,480x720,540x810,640x960,720x1080,853x1280&from=bu&cs=160x0",5
7c255df9a03e6990f52e473b9625353a.jpg,"https://sun1-93.userapi.com/s/v1/ig2/vtT8YAbeHOXlT3FNIumthC5jR1LP0y74qKcNgVUdyGJtQ5q6NjPaq62jVxRlVpMLL4rDQUp-i7Xd4H9CKOrKNhsb.jpg?quality=95&as=32x32,48x48,72x72,108x108,160x160,240x240,360x360,480x480,540x540,640x640,720x720,1080x1080,1280x1280&from=bu&cs=160x0",5
d9989e26da9a10baa6d69acf0337924c.jpg,"https://sun1-25.userapi.com/s/v1/ig2/K90ezxSTmucgkz98L_qoSYAFTfzW4tNIf9IJ7A334GcKQm5_ufUuGHRHOrvzCPidqoprdjQk6cLCtGqyGLsOpPDX.jpg?quality=95&as=32x32,48x48,72x72,108x108,160x160,240x240,360x360,480x480,540x540,640x640,720x720,1080x1080,1280x1280&from=bu&cs=160x0",5
a3a7fa755fbc195b36d2ab3ac859efa6.jpg,"https://sun9-58.userapi.com/s/v1/ig2/QQCBAzmVCByDRH_-jS04VUv1F1mjSVxX84N09V3GT9qFrViltltIv06BXS9ixwE5FZX7ZzOVUMNaB8r522C0UfEu.jpg?quality=95&as=32x34,48x51,72x76,108x115,160x170,240x255,360x382,480x509,540x573,557x591&from=bu&cs=160x0",1
00aa9171bcbc9697a8c4ff04e2a95128.jpg,"https://sun9-78.userapi.com/s/v1/ig2/h0fqamfgdZXeOwCkU-TQeHUNgnB70Ar2J-nxfI1omFKqmDG140xmhpatpBSkn73Ar4rBYPX8Yh3gwJo2ONP5WDyT.jpg?quality=95&as=32x32,48x48,72x73,108x109,160x161,240x242,360x363,480x484,540x545,640x646,670x676&from=bu&cs=160x0",1
98fbaeb2b56f0cf88847a52c766030cc.jpg,"https://sun9-17.userapi.com/s/v1/ig2/NNU0ARfroTmnGNK9TmPQbjD2Fu4z6nCBiPCFHcOgrbR5ZHePKrlGUiIT2gkUf6g1tc7HswId8wfmYKKKjDN7RqbK.jpg?quality=95&as=32x32,48x48,72x72,108x108,160x160,240x240,360x360,480x480,540x540,640x640,720x720,1080x1080,1200x1200&from=bu&cs=160x0",0
6447ba247428f7b879fc2b614fd5fd6f.jpg,"https://sun9-61.userapi.com/s/v1/ig2/jIHJuMXykYy2P30mt_BtoT_6UMUw9vdCeI2ob9uhIzGSH1xsG6fbMaYDWh6sXeqTMdssUdjr0Y5gNY-B_n7pNfYx.jpg?quality=96&as=32x33,48x50,72x75,108x112,160x166,240x250,360x374,480x499,540x561,640x665,720x749,1080x1123&from=bu&cs=160x0",6
8b649752fb8dc1f81368142777847194.jpg,"https://sun1-16.userapi.com/s/v1/ig2/-MHuDVShtZIUoQBCY9pK1zYaU_yMV97XUbMReiy6XaAkjXhusQrR9EesaR08Ws_sgCQckyrAJcNv5gjKH86OA60j.jpg?quality=95&as=32x32,48x48,72x72,108x108,160x160,240x240,360x360,480x480,540x540,640x640,720x720,1080x1080&from=bu&cs=160x0",4
a9471f09e177ca074d69158c1da1d5b5.jpg,"https://sun9-78.userapi.com/s/v1/ig2/w0tyWxPjh846KnYP7EHcYwnaxbTDc_G6Uz9UMjT_VJKUcgIW5hm4d-fDs0QafGYHNK68B9-3yrL7u28zVNhbGnUJ.jpg?quality=95&as=32x40,48x60,72x90,108x135,160x200,240x300,360x450,480x600,540x675,640x800,720x900,1024x1280&from=bu&cs=160x0",1
b618ee5acb800455ce9ce2b7fc7a7307.jpg,"https://sun9-40.userapi.com/s/v1/ig2/YWdV-iqVKMmKfk27mZ4crXto4DS7zHpp8PubotsEMBKRouX-9yKWoJ_Janokj3OiiyUZ1lfh6XdrjRqyVoLg_sh-.jpg?quality=95&as=32x33,48x49,72x73,108x110,160x163,240x245,360x367,480x490,540x551,634x647&from=bu&cs=160x0",1
64cc08b570e86157e9d416db12089b82.jpg,"https://sun1-28.userapi.com/s/v1/ig2/S547_J0NKA0025ZPHlhPAMWKC4a6V4zWQBUKzx_Vpkk2aDVLnmkZNOC0_yH76DkBsAgTUZrf115E033zMCN5j9DO.jpg?quality=95&as=32x40,48x60,72x90,108x135,160x200,240x300,360x450,480x600,540x675,640x800,720x900,1024x1280&from=bu&cs=160x0",2
4b6a5640ec0040ab619265de3cb226b0.jpg,"https://sun9-59.userapi.com/s/v1/ig2/XlYoEMXEGFd5BBjhqoJ3aW-yI36HnPZHdoeDyLGuh6N8L34TmHkRO4DY-JD40z9Q98d0KDQVHPqRtzNAeSm7p6Hu.jpg?quality=95&as=32x35,48x53,72x79,108x119,160x176,240x264,360x396,480x529,540x595,564x621&from=bu&cs=160x0",3
8a4fa55ffd2963e3b456afe7c7a32961.jpg,"https://sun9-71.userapi.com/s/v1/if2/mbuplp1bavni78wWP8a0eaKlHAR8MryHwqXfwZRhnLlSLCenJnAyLJ_m3L1UVdS0f_tyXeq20-ueIOM1PvytBKH2.jpg?quality=95&as=32x28,48x42,72x63,108x94,160x139,240x209,360x314,480x418,540x471,640x558,720x628,1080x941,1280x1116,1440x1255,1472x1283&from=bu&cs=160x0",1
5b0d8f790766357cb5336db8b7bfadff.jpg,"https://sun9-36.userapi.com/s/v1/ig2/RWaQEz4sWUvDPFevSyb2rHPcYGaz_dCXigRB8zr1OD4mWTRz2dP1EXmBWyQP5gUSirdOn3a8mcpwainFfS_slHE6.jpg?quality=96&as=32x36,48x54,72x81,108x121,160x179,240x269,360x403,480x538,540x605,640x717,720x807,1028x1152&from=bu&cs=160x0",6
311922c19a833c45c0d56e56d2dc6b0f.jpg,"https://sun9-46.userapi.com/s/v1/if2/2t9MEDVv0Ut3VY7fqzS8m3wv-SiD7JT2b5IWg_7yH9VG-3v5nnx3GOB5rErE-zIhVq0Do7gVPKkxDmVhtepru3Wz.jpg?quality=95&as=32x24,48x36,72x54,108x82,160x121,240x182,360x272,411x311&from=bu&cs=160x0",1
045b44ecbe2099d2102b8b671fcb7d7d.jpg,"https://sun1-92.userapi.com/s/v1/ig2/JA-EgN13k2ZIYQ4gfqGA4LUJGm7z85OnZhGvkjfW0WMh2KYu2EGoJstWY28D6HletpOgUcJXxAbSJ9CBX9NWBUEZ.jpg?quality=95&as=32x40,48x60,72x90,108x135,160x200,240x300,360x450,480x600,540x675,640x800,720x900,768x960&from=bu&cs=160x0",5
783d63cd968ebd5e45d0c154a0a609b9.jpg,"https://sun1-24.userapi.com/s/v1/ig2/29nE1SkVtOwIrHutZcyBfRVhJp7BExhVCSbVkQe6Mtu4zZe53ICRUW3gZxdqVdmCJHgIpR5sZJ4MoMSn7rdAWSlh.jpg?quality=95&as=32x48,48x72,72x108,108x162,160x240,240x360,360x540,480x720,540x810,640x960,720x1080,1024x1536&from=bu&cs=160x0",2
fbd633c801fbdc415c94a2c0c1adb3e5.jpg,"https://sun9-16.userapi.com/s/v1/if2/MijC1awcZIQu-e6PkwrbyKymwq-NYwGQ3cOUZ-I2dAmqB4pOu4CDJs9f1j5T2R5IIIieHprVknwNZT6hRM7wCqym.jpg?quality=95&as=32x23,48x34,72x51,108x76,160x113,240x169,360x254,480x339,540x381,604x426&from=bu&cs=160x0",1
427fff4d2ee71ca549a488138eb11a48.jpg,"https://sun9-18.userapi.com/s/v1/ig2/OwdYYtdxfV7BJq7IVxjUyTP9TyK35QdMUfPy9fLsq2gU-TSlZap6rsdtBwNWaae8NNK0OXYfmj1Q-b-K5CpH7heL.jpg?quality=95&as=32x34,48x51,72x76,108x115,160x170,240x255,360x382,480x510,540x574,640x680,658x699&from=bu&cs=160x0",3
59e46f8dc1c1e7a4e114cf5a8dc1c4d3.jpg,"https://sun9-78.userapi.com/s/v1/ig2/XBkZIHxRTdeQRDopP3TBJUcCAvssFDbINARfkWQawMhmipb3fSkJ_TWjG70b5-btwOAF8dO8zrFrJ5AT0bdLDU_E.jpg?quality=95&as=32x32,48x48,72x72,108x108,160x160,240x240,360x360,480x480,540x540,640x640,720x720,1080x1080,1280x1280,1440x1440,1800x1800&from=bu&cs=160x0",0
b090caed2c79385afbdfc0c23db363f0.jpg,"https://sun9-56.userapi.com/s/v1/if2/i25Lc8te_XWQeAtrJqEKKHNXOB04lYkZ3W-hLX-zNN6kGDPmQi1rnO2b-TxqW_c9Ol5pwDlsEXaS8ljb0dIoUNsY.jpg?quality=96&as=32x27,48x40,72x60,108x90,160x134,240x200,360x301,480x401,540x451,640x535,720x601,1080x902&from=bu&cs=160x0",6
0dad93e933643e1628451445ce796adf.jpg,"https://sun1-21.userapi.com/s/v1/ig2/1UVsQKHScS7mGntR_yysKwrVEx32faTxLihFSIyVo2vIDT3Us8bnYCf-8qgYvwU16TddoXIdg8MoEJs19Qb_mwkN.jpg?quality=95&as=32x32,48x48,72x72,108x108,160x160,240x240,360x360,480x480,540x540,640x640,720x720,1080x1080,1280x1280,1440x1440,1536x1536&from=bu&cs=160x0",5
2619561a5a836583d3b3c1b5a226aa5a.jpg,"https://sun1-19.userapi.com/s/v1/ig2/DBeqR5zKahv2p1zPln-CIHCkJgm6NNqITz3a9sNiYRDxHakYqS8wFWm86xkmwHjRgGmw4qQItUS1-7TV1vFwaEnY.jpg?quality=95&as=32x48,48x72,72x108,108x162,160x240,240x360,360x540,480x720,540x810,600x900&from=bu&cs=160x0",5
23464832edddb40ce95c3e754cefc3f0.jpg,"https://sun1-19.userapi.com/s/v1/ig2/wCQwdrw1dY5p7ZJ_mjz7-dJSk9IFkpvvxN0b_pSpgNW8FTVZflf8nlDx_HujNvVi7ro_HuPYf6L-YAqsYz-NYlxB.jpg?quality=95&as=32x49,48x73,72x110,108x164,160x244,240x365,360x548,480x731,540x822,640x975,720x1096,788x1200&from=bu&cs=160x0",5
3db750fa5346e351066d190f5ce651b6.jpg,"https://sun9-63.userapi.com/s/v1/ig2/VufssuGjiZOFN_j0v5e0kzTwkBva7nfUvQqcQj-SbTr_wLNKUtWmRwemaTHjbUbYFmeRTnVpH4iIiKtAObuiMg30.jpg?quality=95&as=32x37,48x55,72x82,108x124,160x183,240x275,360x412,480x550,540x618,626x717&from=bu&cs=160x0",1
67f3c25e35009066b91dcfbf784d898b.jpg,"https://sun9-59.userapi.com/s/v1/if2/LNKlVMC5zLHK-6eVeiIhQTMpmh1JHnKFS6Iu5XLbTLP_6B2ugv6SeqZiwQ6TPvZVuGpmqSuNsfzNCPYhcrN7qcen.jpg?quality=95&as=32x28,48x42,72x64,108x95,160x141,240x212,360x318,480x424,540x477,640x566,720x636,1080x954,1280x1131,1440x1273,1454x1285&from=bu&cs=160x0",1
028953a2149705cf094202d157da5939.jpg,"https://sun9-13.userapi.com/s/v1/if2/3TAatuk801JxHWesKkR2yLy-0bQ9zaL6NEIONyfWX_9JCNZnmpIcPkIlma-32DOhnRZSeo0bJSqBeFcXHomPtrlh.jpg?quality=95&as=32x28,48x43,72x64,108x96,160x142,240x213,360x319,480x426,540x479,640x568,720x639,1080x958,1280x1136,1440x1277,1444x1281&from=bu&cs=160x0",1
1765232bdd4e0361b0b32085e73431cf.jpg,"https://sun9-18.userapi.com/s/v1/ig2/CxeZ4_HBHEwf_j0J2RkUH4RpyJE4jx3RwTtAgE8iof4to2VKFW6un7pWrPuE-kdubVishPikCFrxEAyQO6hZV75T.jpg?quality=95&as=32x37,48x55,72x83,108x124,160x184,240x276,360x414,480x551,540x620,640x735,720x827,1080x1241,1170x1344&from=bu&cs=160x0",1
23e0ad8e70c7af26824f949dab0199d2.jpg,"https://sun9-44.userapi.com/s/v1/ig2/WKAVxTyBFG0sl4DvpvPQ1VCPOThrbFJhf1Xql4VFNPl7NsHE6cxo0L_R0jKsNwk-QpaXEyzbszptFvAmCmJYIdoB.jpg?quality=95&as=32x35,48x52,72x78,108x117,160x173,240x259,360x389,480x519,540x583,640x692,720x778,1080x1167&from=bu&cs=160x0",1
f3f1a8d32ae462ed85bc112faee9c45d.jpg,"https://sun1-47.userapi.com/s/v1/ig2/HstxY-1Xa1E36rMcIuOslQu6bMZhcCDGuG9bobOY-gNIC7YJZ2U-TK7GEq2Z-eOoW8BIMyxZ81ewJwPWuIMJWLIv.jpg?quality=95&as=32x32,48x48,72x72,108x108,160x160,240x240,360x360,480x480,540x540,640x640,720x720,1080x1080,1280x1280&from=bu&cs=160x0",5
42248182f1595965483073f4ecf3ce65.jpg,"https://sun9-78.userapi.com/s/v1/if2/5H1Wu5nQgyJd20a5VxqcvvbD9DRlIE7idnVbwsZsZ5f76U362_8WGMWgy-K_xn90IpB9uovPKnTvxuCKJgbb9R98.jpg?quality=96&as=32x31,48x46,72x69,108x103,160x153,240x229,360x344,480x458,540x515,640x611,720x687,1080x1031,1142x1090&from=bu&cs=160x0",6
26cd2c703e4984c7dc9afc7452fe868a.jpg,"https://sun1-97.userapi.com/s/v1/ig2/KGdyUhYMuz1dCZSccf_p15yRRIhTnlOxE8plfHxzfhu-dgrQdKzVJd48SgjD08wMAg5F46BGgnDIOXSkfXcT2qV4.jpg?quality=95&as=32x32,48x48,72x72,108x108,160x160,240x240,360x360,480x480,540x540,640x640,720x720,1080x1080&from=bu&cs=160x0",5
bf8fc276733b8302f9d9bf67228a0129.jpg,"https://sun1-93.userapi.com/s/v1/ig2/DDTnh_3U_Sjt-nuPxjkBAFnkKmFSsVM-KSyo9DIr7fGAycRas1zlShunBq4Uj2NnVF-9L5i1W14u5AEGt4dUTcLw.jpg?quality=95&as=32x32,48x48,72x72,108x108,160x160,240x240,360x360,480x480,540x540,640x640,720x720,1080x1080,1280x1280,1440x1440,1600x1600&from=bu&cs=160x0",5
29d4c490ed58381b5ab695d4d063a253.jpg,"https://sun1-87.userapi.com/s/v1/ig2/J1oZejvjTPkm6vVbnVjPFtXp87WofupwWB43XXpQqpsLPyFOWFj8A2bSXCbg_z49D1mvIjSH0ne0krOhXFR7C_nq.jpg?quality=95&as=32x32,48x48,72x72,108x108,160x160,240x240,360x360,480x480,540x540,640x640,720x720,1080x1080,1280x1280,1400x1400&from=bu&cs=160x0",4
b760c859d2c25dc859420e54f9407386.jpg,"https://sun9-14.userapi.com/s/v1/ig2/hNKENxEXHidxAolmBu_YDkNUNXZbIZYcOmkpfgWVgMZSbYMbxluzTMY3Yt8muea65s3DyeLI-Rz7Wg9x9l0PG5P9.jpg?quality=95&as=32x38,48x58,72x86,108x130,160x192,240x288,360x432,480x576,540x648,593x712&from=bu&cs=160x0",1
4436372e1275a0c9f7a94f30d51531c7.jpg,"https://sun9-30.userapi.com/s/v1/if2/PYHo3F8zSKOXwdYNoWUxeRlRw40cJdwIsZCa5eF1-u6FB0zblqapSyUVnXpxo4Eo_U_K9J0vje6nihjY3f53RxMJ.jpg?quality=95&as=32x27,48x41,72x62,108x92,160x137,240x205,360x308,480x410,540x462,640x547,720x616,1080x923,1280x1094,1440x1231,1490x1274&from=bu&cs=160x0",1
0ec0e2de89288a43691e011a9b9539bd.jpg,"https://sun9-38.userapi.com/s/v1/if2/B7H--IeB1LKoN9gkworLpHFRRdWbt2G1jfBwhTg93SmyUuXrYJKlRxcRvlU5YDL-tudorU3NQ1nY71WeBD7Sc2CJ.jpg?quality=95&as=32x21,48x32,72x48,108x72,160x107,240x160,360x240,480x320,540x360,640x427,720x480,1080x720,1280x853,1440x960,1620x1080&from=bu&cs=160x0",0
1442c28a1655c28e09febf096481d152.jpg,"https://sun1-13.userapi.com/s/v1/ig2/FpIazri06dYNG7dMmoHxloN4OvgZQbSLtXDET4oYYwm07at86bv7_ylvGohextuubGDoRch1EeAvj4ZPTRabeSkN.jpg?quality=95&as=32x40,48x60,72x90,108x135,160x200,240x300,360x450,480x600,540x675,640x800,720x900,1080x1350&from=bu&cs=160x0",4
502ffb205d416ccf3db0c03631fa4e15.jpg,"https://sun1-21.userapi.com/s/v1/ig2/8tcf1IUECTkiFl6nUw2NrqAVi1KeoZgqXTMV1VD4yxQScsHC28Y3e6ZOQ3SER1nzqzees5CmeWLSGGdw7-qYgD_k.jpg?quality=95&as=32x32,48x48,72x72,108x108,160x160,240x240,360x360,480x480,540x540,640x640,720x720,1080x1080,1280x1280,1400x1400&from=bu&cs=160x0",4
2c9e9b891fe605436774696fa172882f.jpg,"https://sun9-51.userapi.com/s/v1/ig2/UsuOnSW_7Kw6Uk0IegBCozoOtQe0IRXMt11hpaqb-J8cghppxN2GTMp8lpkOpKX-wv54ZLqfzYgstIy1vN9aqIIc.jpg?quality=95&as=32x32,48x48,72x72,108x108,160x160,240x240,360x360,480x480,540x540,640x640,720x720,1080x1080,1280x1280,1440x1440,1800x1800&from=bu&cs=160x0",0
078ec11f4861df74ad9e473b58d915d8.jpg,"https://sun9-50.userapi.com/s/v1/if2/f1F1f70PKLMwiH1c2aHY_13O0YGo-U3bCSDF_kFuecTj1i-0cLgksSOF_xQfNT5cr650in_YxqFhn8OIvpXjMqkU.jpg?quality=95&as=32x28,48x42,72x62,108x94,160x139,240x208,360x312,480x417,540x469,640x555,720x625,1080x937,1280x1111,1440x1250,1482x1286&from=bu&cs=160x0",1
2ee05289d5427d68d5ee0cfe35d45a50.jpg,"https://sun9-70.userapi.com/s/v1/if2/JWL4JpWEeUiq7JEPOCXbK6vdtWj2ctMPogBmasFqu3J_wQkPhgA9norspmnGamKc_aRmcsxWZX0mp5QWGttmiobD.jpg?quality=95&as=32x23,48x35,72x52,108x78,160x116,240x174,360x261,480x348,540x391,640x464,720x522&from=bu&cs=160x0",3
0d2cadf2549f434cc7f10b56586b998c.jpg,"https://sun9-85.userapi.com/s/v1/if2/vBpcc7x6F48obVMlSfUSAIeF5FYkl1rOmaFlBfoXELP8tTckxsyvR-nSsINyevaWagGhVwGqyepSznimwko2HTJi.jpg?quality=95&as=32x31,48x46,72x69,108x103,160x153,240x230,360x345,480x460&from=bu&cs=160x0",3
a5751f5e58a0d938f9f2a3956cb24a97.jpg,"https://sun1-20.userapi.com/s/v1/if2/AqBC8d3UJ-puxTFOcuM082435ZMCHct_IslNedBd_ADWQag6N0zSAyZWTQOhHAQTmrH1gD4KlEJTAn2JDDRK8OTL.jpg?quality=95&as=32x26,48x38,72x58,108x87,160x128,240x192,360x289,480x385,540x433,640x513,720x577,998x800&from=bu&cs=160x0",5
6463f2bf9b07b8a75a6110abc911d1b6.jpg,"https://sun9-80.userapi.com/s/v1/ig2/p_c0rAB5yxUB77GYmEhso0N5RHoFQNgge_INlD0cVTVb3g9slEB4C1cEUKnMOqEcLvXDrWWUXctcRNNpZldklCUt.jpg?quality=95&as=32x32,48x47,72x71,108x106,160x158,240x237,360x355,480x473,540x532,640x631,720x710,830x818&from=bu&cs=160x0",3
d01bfba122dba35c56b92372937db193.jpg,"https://sun9-51.userapi.com/s/v1/ig2/7JnsghRvsOOIaHsy8u4xkyAlqSDdlYDwqmrZGdZWUwy3YvmTYw43TEyL-Nbbr5x2odEy7PAFIYFvvLI_Gyekgn82.jpg?quality=96&as=32x35,48x53,72x79,108x119,160x176,240x264,360x395,480x527,540x593,640x703,720x791,1080x1186&from=bu&cs=160x0",6
c03f1255d14f415961c6a38937d0c683.jpg,"https://sun1-30.userapi.com/s/v1/ig2/2ec6WVfRvGiGWBGx_5mshYJYIGKVwgxaQLq0JVxDgzAEeTF4kmHdWtvqrABONNsQ6CsMbdOyRIEVExKBDyY-5XLE.jpg?quality=95&as=32x32,48x48,72x72,108x108,160x160,240x240,360x360,400x400&from=bu&cs=160x0",5
a0c0a7ae1a7950df6f4014329767708c.jpg,"https://sun1-17.userapi.com/s/v1/ig2/m85YaSA-5CqZoT8qpOPznO_gNCZrykISYjZHnQZK6qg9yxCIonwJNzOOAiGB3lxbwiXiL3Ayw6DFs4HwgDSDS3fX.jpg?quality=95&as=32x32,48x48,72x72,108x108,160x160,240x240,360x360,480x480,540x540,640x640,720x720,1080x1080&from=bu&cs=160x0",5
39b3e6c151eff1b8db445ca2e5dc6c06.jpg,"https://sun1-22.userapi.com/s/v1/ig2/tlP03yMo1A2pJGz35IJmr-JLK4YR5lgicQmIAKMqYmzUXMMEB39NBMxUGq37yBzr95euq9fXQzwWT8tr7bPAEsSI.jpg?quality=95&as=32x32,48x48,72x72,108x108,160x160,240x240,360x360,480x480,540x540,640x640,720x720,1080x1080,1280x1280&from=bu&cs=160x0",5
06bea09edbac552a34e57b083050bfb9.jpg,"https://sun1-92.userapi.com/s/v1/ig2/aikBkyRFeNHscDJiLwE3CaAZdbOR653JHKIdluuiBruazdrxYwd884HnzdyeUlN6oojkg-GecI_3lU-7BVdt1JkG.jpg?quality=95&as=32x35,48x53,72x79,108x119,160x176,240x265,360x397,480x529,540x595,640x706,720x794,828x913&from=bu&cs=160x0",5
74ec4d0a1f10010fa8b5befed797c0ec.jpg,"https://sun1-54.userapi.com/s/v1/ig2/XasxVR_P78bQF_6rCs3jyHrh4bJ3yE3NojsQVLhlhLUJ6bkWiFWKSt02Rq3dmNSbxM_IOwpeVfknB0E0hZ1r-dNa.jpg?quality=95&as=32x48,48x72,72x108,108x162,160x240,240x360,360x540,480x720,540x810,640x960,720x1080,1024x1536&from=bu&cs=160x0",2
0caa36ae20a9d2637565d68b8d259eac.jpg,"https://sun9-13.userapi.com/s/v1/if2/bgjCpyQlIiBMjkYXw3eWkpW_Yv_YAOgLJ9ROnpZErwSZmvjmfhTSDW7NbrXaW_KHg-p-Y7D_aLJG4m6D4VpNj_fN.jpg?quality=95&as=32x23,48x35,72x52,108x78,160x115,240x173,360x259,480x345,540x388,640x460,720x518&from=bu&cs=160x0",3
efade73d45435dec010795df1fc7f420.jpg,"https://sun1-14.userapi.com/s/v1/ig2/rKtk9nwHdskdliA_ezJZnNwEyfPy8UpsFGm0GF2zVDByJeuS0FfFY8PNU57CIwgj6YRG-OmFys1SsjNw56rLh-4v.jpg?quality=95&as=32x37,48x55,72x83,108x124,160x183,240x275,360x413,463x531&from=bu&cs=160x0",2
96c89cf21f54407ce34922cc21ffeb32.jpg,"https://sun1-88.userapi.com/s/v1/if2/vdqW7bcZwoa_jYgh-NMk-ky0AbbBAC3wyZ2mslfvYSLO_Bcw0buvinafiiSMhfujnqRuDUovNK1frh3m2VFDheES.jpg?quality=95&as=32x21,48x32,72x48,108x72,160x107,240x160,360x240,480x320,540x360,640x427,720x480,1080x720,1280x853,1440x960,1536x1024&from=bu&cs=160x0",2
d342f5807c05573aa21800269946fcd4.jpg,"https://sun1-26.userapi.com/s/v1/ig2/2BM07cIw2Ie5MaWFsMxm_8qToxh1_L5hDxitGYc2mFPtDaLCleEBdNPKJGgdBt0t60pAjinrvPpGa07LPa-cFQoH.jpg?quality=95&as=32x32,48x48,72x72,108x108,160x160,240x240,360x360,480x480,540x540,640x640,720x720,1080x1080,1280x1280,1440x1440,2560x2560&from=bu&cs=160x0",0
f1a213aac6e4e98c706bc117b39da599.jpg,"https://sun9-56.userapi.com/s/v1/ig2/T7Z-DxQPUR-1tmVPB-W4u2XP-cz2I_AAgebCFNaf1VRKIJiTHMk-4O0xMo6sXtVgYAAMggdnflhU6Ggz0KtUrLn7.jpg?quality=95&as=32x32,48x48,72x72,108x108,160x160,240x240,360x360,480x480,540x540,640x640,720x720,1080x1080,1280x1280,1440x1440,1800x1800&from=bu&cs=160x0",0
4f94be80eed284869ae1169aa110d4cf.jpg,"https://sun9-64.userapi.com/s/v1/ig2/M49S9sCDIRiZz6Ai4TpOPclyIJVhZ_uD5_uYJgngf8_3PCx2_HvmVc3nF_qsdGQXuF0P2oEFt7nekuPYKea42t7g.jpg?quality=95&as=32x32,48x48,72x72,108x108,160x160,240x240,360x360,480x480,540x540,640x640,720x720,1080x1080,1200x1200&from=bu&cs=160x0",0
18974ef2dc177d4ae0229aa8a756ef99.jpg,"https://sun1-30.userapi.com/s/v1/ig2/iHF4jtBqtzI911re2CvBvBQqXrY50L8JtzmYdM8BibMhk0HtkOLaYWCRZ5V_b59NK5bP4xSU-S2Q-SQZGF8QT1Ur.jpg?quality=95&as=32x32,48x48,72x72,108x108,160x160,240x240,360x360,480x480,540x540,640x640,720x720,1080x1080&from=bu&cs=160x0",4
cc089b667876655208e045f9de39e317.jpg,"https://sun1-24.userapi.com/s/v1/ig2/ATCcCWP8c7p5ljf0h4cJN5vD3bvjNtc8JYsFrYjQZ6TJjoXZa-_YGj6V2EB7qMvqwNczygqVjs7ZU1GcmQN19FxQ.jpg?quality=95&as=32x32,48x48,72x72,108x108,160x160,240x240,360x360,480x480,540x540,640x640,720x720,1080x1080,1280x1280,1440x1440&from=bu&cs=160x0",5
ebb7e13b77c658f8750b8fd83a655eef.jpg,"https://sun9-9.userapi.com/s/v1/ig2/BAbb2jkp3VldjNVjqIjhKIaE6KpYxe3_-JZZzJPtUOKkR3iJ5OitT8Y1LuThMGVDfKmlLlRKwuiLoPCrocH7irNc.jpg?quality=95&as=32x32,48x48,72x72,108x108,160x160,240x240,360x360,480x480,540x540,640x640,720x720,1080x1080,1280x1280,1440x1440,1800x1800&from=bu&cs=160x0",0
12133641654ab5e235dce40c1814ca40.jpg,"https://sun1-14.userapi.com/s/v1/if2/vX5bl-hfUj4K2diousN6sNaKKQDu-EbtWTm1ZS5lU4I-o6mtBJNhCZdS_LN6t2M-ZqGTowYsJDmaaT_eQxdHsbCO.jpg?quality=95&as=32x21,48x32,72x48,108x72,160x107,240x160,360x240,480x320,540x360,640x427,720x480,1080x720,1280x853,1440x960,2560x1707&from=bu&cs=160x0",0
8e0cbce131f62f599e1322d226b2ec90.jpg,"https://sun9-48.userapi.com/s/v1/ig2/U-hYpMChbMLcvjwzkT1yWJAwAL6A1v_rYjS7rgU6MRsipQ7oovl86hs0Vi7dhYZjNejO9UGMd1RpR3w5qUeMaua2.jpg?quality=95&as=32x38,48x57,72x86,108x129,160x191,240x286,360x430,480x573,506x604&from=bu&cs=160x0",3
865f4ec4ae283a701d116a7832addbdb.jpg,"https://sun9-6.userapi.com/s/v1/ig2/UAwdBMZuIXKEcoq68hOMNxfGJsFdCXFkzehIUt4J1h5dBfKR2hUsXjS8218KQ8t0GHN9msHAexhmxRXv-6Zr2k-3.jpg?quality=95&as=32x32,48x48,72x72,108x108,160x160,240x240,360x360,480x480,540x540,564x564&from=bu&cs=160x0",3
dcb4479e0bc30cbf2feb90e916a8011b.jpg,"https://sun9-81.userapi.com/s/v1/if2/qWzEscdqSFYQU3uzuXBZXOks8jqhaFbwi35pJU9rAI0-PkgoXgpFOy_uxPfojQKFGbyGrwAcsbQThI8IKy0CHcGM.jpg?quality=96&as=32x30,48x46,72x69,108x103,160x152,240x228,360x343,480x457,540x514,640x609,720x685,1080x1028,1162x1106&from=bu&cs=160x0",6
f671c15be387c6794e9dfdc8a5a24921.jpg,"https://sun1-86.userapi.com/s/v1/ig2/g1UBvUE7IDgJTVUEyxSOJG020xSWxulvdPEKv9WA8qQU619Ue2vBf1jH5k7CaIAnrrgQ2L6ezo_rbEBQqc6C4ccy.jpg?quality=95&as=32x48,48x72,72x108,108x162,160x240,240x360,360x540,480x720,540x810,640x960,720x1080,1024x1536&from=bu&cs=160x0",2
ba13b01ef687efbc2261e91a53d37a24.jpg,"https://sun9-86.userapi.com/s/v1/if2/G6UJGcN0czeGcmJT0pTJeV2LAchIdN-KxJ0nOLvMp6_Zwe6rZavxHZsvy3kZigxthmZHWj8yQVBmPYjfFesOkbtL.jpg?quality=95&as=32x22,48x33,72x49,108x73,160x109,240x163,360x245,480x326,540x367,640x435&from=bu&cs=160x0",3
235ca21fa276257387467f5346f247f0.jpg,"https://sun9-22.userapi.com/s/v1/if2/NNgGenP-e_Ci3VPOX23w3yFbVYvp9qPDNzz3y291U9ds4cJWpd8K_KXwzEsGc_Yti-ZLzaGP9NbTLEil79vBHF8a.jpg?quality=95&as=32x23,48x34,72x52,108x77,160x115,240x172,360x258,480x344,540x387,640x459,720x516,830x595&from=bu&cs=160x0",3
3918d615c2316fdd7019ebfaad60a036.jpg,"https://sun1-96.userapi.com/s/v1/ig2/cFu1Up6WvMOcSzzcSRaEFXqwW-nArWQRFb8bwHJFqZ5L3KmjZYyi_1F6ZchgxYV4xELniuQ-fQUnZN15gx6HGjqZ.jpg?quality=95&as=32x46,48x69,72x104,108x156,160x231,240x347,360x520,480x693,540x780,640x924,720x1040,801x1157&from=bu&cs=160x0",5
4f298fabcea786514a6e5f7b44f3d1df.jpg,"https://sun9-66.userapi.com/s/v1/ig2/ZWDTx9WN9f_ZtwgGI1M43tjuQ6WXdF6qLjWtrl2TuJRObeF_T8STp4UPPdkyFEawYtiOuAIsmJZlvnlMdf5Fj8Xp.jpg?quality=95&as=32x32,48x48,72x72,108x108,160x160,240x240,360x360,480x480,540x540,640x640,720x720,1080x1080,1200x1200&from=bu&cs=160x0",0
fe3ee1e2de3ca92e600f5afd3db32913.jpg,"https://sun9-41.userapi.com/s/v1/ig2/0ScDADwy_3RZY23rP2azvcV05ILrmVWhLriIcXXECgFNL0GNjIlGlicAxAm38HrLMVD1ALrZaxoKpa2GcwbpOezR.jpg?quality=95&as=32x48,48x72,72x108,108x162,160x240,240x360,360x540,480x720,540x810,640x960,720x1080,1024x1536&from=bu&cs=160x0",1
c9f1d5ff4a401a2f834ad64c6ef457b2.jpg,"https://sun1-28.userapi.com/s/v1/ig2/edT8OLklLKwuQ-YtL3CApjSD62vzodWmGorUBO49eYxaUkdK-yvbY32cS9-QrBELld_JBgLra166oNW8mq8WA7iQ.jpg?quality=95&as=32x32,48x48,72x72,108x108,160x160,240x240,360x360,480x480,540x540,640x640,720x720,1080x1080&from=bu&cs=160x0",5
950a4312d2b41bcf34f75ea0cf969cbc.jpg,"https://sun9-62.userapi.com/s/v1/ig2/sSYjrPfRnIygT7V0UTdvOP8uoRazsri8UbhSNmJ-KAoeaveqcBDe6yqrV8n8fx7_h_yJpaSXTnd4OGHqHa13y1su.jpg?quality=95&as=32x32,48x48,72x72,108x108,160x160,240x240,360x360,480x480,540x540,640x640,720x720,1080x1080,1280x1280,1440x1440,1800x1800&from=bu&cs=160x0",0
f0fa8408c8b2caf84e35c591567b1fed.jpg,"https://sun1-98.userapi.com/s/v1/ig2/SSyPgruMThcA1QW3i-Nt1OPYxXlhY-TrIYWvttfNB57b4vMwvmd-VC6jsOqvqU1O8ub37ITXiccnDuhaJ2aS3L45.jpg?quality=95&as=32x40,48x60,72x90,108x135,160x200,240x300,360x450,480x600,540x675,640x800,720x900,1080x1350&from=bu&cs=160x0",4
ec3566759107ea813cf4b25f31dba035.jpg,"https://sun9-30.userapi.com/s/v1/if2/PM5WHEKtviMR5l4zOUisiFs9EvQA-vm4DqtnFx8ZAymUFiCjJvU1Z_CZfUdPswc89XQrwVIhStmMpQTEC7B_GLUh.jpg?quality=95&as=32x31,48x47,72x71,108x106,160x157,240x236,360x354,480x472,540x531,640x629,720x708,830x816&from=bu&cs=160x0",3
6726de332323faa9ef4aa6c5c218c1e1.jpg,"https://sun1-92.userapi.com/s/v1/ig2/kzA_AT3vojfA_CGakZPUVF59ONIThgLYUFPa-Cr_gOcV5VEGYgbyW_nS1JM5h19IgEGeKWT3nbYVDNtXrXQDJbVT.jpg?quality=95&as=32x32,48x48,72x72,108x108,160x160,240x240,360x360,480x480,540x540,640x640,720x720,1080x1080&from=bu&cs=160x0",5
85c9c7c14494ed8de1c56a8c21a758ee.jpg,"https://sun1-89.userapi.com/s/v1/ig2/FH-N08puUQwx1dn2AQiNUs_jqAAvUYieFN5AvXs1hk5aWlu0UsLDzFZFMmPJAfWs2d1E8VvJQmevKXvL3OuNDOLe.jpg?quality=95&as=32x32,48x48,72x72,108x108,160x160,240x240,360x360,480x480,540x540,640x640,720x720,1080x1080,1280x1280,1440x1440,2560x2560&from=bu&cs=160x0",0
1f6072591398725782e9822c5c13e27b.jpg,"https://sun1-56.userapi.com/s/v1/ig2/rzlkfnY_TVs2rElyK0W6Vx43gPJyLEkOllQOuaygbGhCYwizeDTqxBeQ5hSFb2zIl9odcVdjEknt-M0F4HW05d9A.jpg?quality=95&as=32x32,48x48,72x72,108x108,160x160,240x240,360x360,480x480,540x540,640x640,720x720,1080x1080&from=bu&cs=160x0",5
8ada292e5e31dee3886ef17e95a8195f.jpg,"https://sun9-53.userapi.com/s/v1/ig2/_vdJtDBbJU4X96I_u4dHUKQG2-iq_CwxR3wOQ2eAGf5MutkxofHOUYJ8aaChkBeBR2sM9nNkdWdFc1oJd-g-j2ep.jpg?quality=95&as=32x32,48x48,72x72,108x108,160x160,240x240,360x360,480x480,540x540,640x640,720x720,1080x1080,1200x1200&from=bu&cs=160x0",0
66bc0d92d8975d5c00627755ad47b36a.jpg,"https://sun1-25.userapi.com/s/v1/if2/XIxfqgki8WKPBLnyaxd8FMI9kPTBUZ-JEutThVxPLf0swS-HzS1w9H4RSnEidewCVHHIhkUp9yqd9pnWKNVQjC4G.jpg?quality=95&as=32x19,48x29,72x44,108x65,160x97,240x145,360x218,480x291,540x327,640x388,720x436,1080x655,1280x776&from=bu&cs=160x0",5
4631cc60615cf616b3e8c75762d070b7.jpg,"https://sun1-57.userapi.com/s/v1/ig2/XvziL9K-8Nz8VwJHy9n4okMkNSYbMd_AcNo3byQf1LF3EjFqtL3aBBcfmxte7k5lw7AA8zgg09LEX8aAwPm-Qi3F.jpg?quality=95&as=32x42,48x63,72x94,108x141,160x209,240x313,360x469,480x626,540x704,640x834,720x939,1024x1335&from=bu&cs=160x0",2
29c853b0a0231db820bff3826fc7dbf6.jpg,"https://sun1-95.userapi.com/s/v1/ig2/2l8tbwBR-aG0s8xABq5rR-IsuhIgX3U8GDkLm6dZmIFCJV6befRcZnPvWJbM5_e62LmLT8A8eLHVlRMKj45Nx10Z.jpg?quality=95&as=32x40,48x60,72x90,108x135,160x200,240x300,360x450,480x600,540x675,640x800,720x900,1080x1350&from=bu&cs=160x0",4
8a5f0881e491edff85a7cfcc75f0c36c.jpg,"https://sun1-29.userapi.com/s/v1/ig2/OnldvJ9A59g2DZ4qt7VMZoIDkXyyuKzI0P_p4kuAP4kATZBtW4oUl7XlMUD5weUWWlaO54hxTRkX1oM20kEleoyM.jpg?quality=95&as=32x58,48x87,72x130,108x195,160x289,240x434,360x651,480x868,540x977,640x1157,720x1302,1024x1852&from=bu&cs=160x0",2
ee835f07cb6aed3df8ecb60f3ed1a375.jpg,"https://sun1-26.userapi.com/s/v1/ig2/QIdt410OppugsNx65-i46rWkFYSDYfvXO2OdDuhXHIYtdUBwvA_Hhuzy02Iqby08d_JhV0XLNLVBCdK1jNCwmKik.jpg?quality=95&as=32x32,48x48,72x72,108x108,160x160,240x240,360x360,480x480,540x540,640x640,720x720,1080x1080&from=bu&cs=160x0",4
7d4a4022fe0cf8cf719881465758b653.jpg,"https://sun9-44.userapi.com/s/v1/if2/2T_IC61RR3RiBI5V39B9Sl2blgLcGo8cLPPFBU79iQtNrHkd5HE0P6l8hRabzSMkluN9gGop2Y-FUxQpK2vck5au.jpg?quality=95&as=32x21,48x32,72x48,108x72,160x107,240x160,360x240,480x320,540x360,640x427,720x480,1080x720,1280x853,1440x960,1620x1080&from=bu&cs=160x0",0
0c782c2e36c949f769dc7eb577ecfa5b.jpg,"https://sun1-30.userapi.com/s/v1/ig2/LawqjCA-7pvUa_6mAv4-o9KTZCA0860dWNgK8Gb7CMkKpw3ubL8wNNFcP8XyidTJfDApNM7Szj8Srh2L6xKkaRE6.jpg?quality=95&as=32x40,48x60,72x90,108x135,160x200,240x300,360x450,480x600,540x675,640x800,720x900,1080x1350&from=bu&cs=160x0",4
afdb1e84d21253d23c89e8c5fab113d4.jpg,"https://sun1-19.userapi.com/s/v1/ig2/RZ1t5K6c65KOhcBDdy40GgB-8XjDW8jC3AKBNpG2NifXaYzMpjSB9dP8EblBRiiC3ioYPM4hiwJv6b1KOz2_-Vnx.jpg?quality=95&as=32x32,48x48,72x72,108x108,160x160,240x240,360x360,480x480,540x540,640x640,720x720,1080x1080&from=bu&cs=160x0",4
4578513b80fb9da4ce186a66280a474e.jpg,"https://sun9-83.userapi.com/s/v1/ig2/3klWcUtR9oYc_wKd_E58VGtod6w8cZk3Z9wHwRzQQMYq0iHvbvOer2V4HzWNLzo0gWrYFZIXyDdT6fVvQp1LsyoO.jpg?quality=95&as=32x32,48x48,72x72,108x108,160x160,240x240,360x360,480x480,540x540,640x640,720x720,768x768&from=bu&cs=160x0",3
09bfc47c2d935a62b6045bea8967a2d4.jpg,"https://sun9-31.userapi.com/s/v1/if2/pcTX0QdNFUrZ-nQdKHRdmzjvMA3e9OR02MghrIg0qqq3wfPBk4WMGXPfVu4zAcEeKFIukCS7TYwbi5_I0Q4zSMDM.jpg?quality=96&as=32x26,48x39,72x59,108x88,160x130,240x195,360x293,480x390,540x439,640x521,720x586,1080x878,1280x1041,1382x1124&from=bu&cs=160x0",6
661e5cc16840eccafbe7a58d161eb410.jpg,"https://sun9-58.userapi.com/s/v1/ig2/hDQqdwzzZySjlHoEq5Pi2Oat2-Kpz5yCZ5ewRP5VZoTN664GOEoFtDDHFaN6Xo3ppb10YNqKr0K_hsMvaeyV72I_.jpg?quality=95&as=32x40,48x60,72x90,108x135,160x200,240x300,360x450,480x600,540x675,564x705&from=bu&cs=160x0",3
8a5e28a71db8eb47240e4ffbe9b0094d.jpg,"https://sun1-85.userapi.com/s/v1/ig2/KpxpopeukdVLyKrZaisP5SdDNgsy39WRz3jVOzkcYEEyfD0VuEzkaka9Uy26KtVpO5Mngq5iJ0t3D36_vzxuGIvd.jpg?quality=95&as=32x40,48x60,72x90,108x135,160x200,240x300,360x450,480x600,540x675,640x800,720x900,1080x1350&from=bu&cs=160x0",4
2a298eddfb09c286d0d3d2b5f258bf6e.jpg,"https://sun9-53.userapi.com/s/v1/if2/6wlc3TcBAMRiHQvRsIRAX6Wgm8nVjxgriZyb35gr3bCK3ADyOxy-k8SXlQgwTOheoSD-rQnlK-FCf8DlLwHH7sFR.jpg?quality=95&as=32x29,48x43,72x64,108x97,160x143,240x215,360x322,480x429,540x483,607x543&from=bu&cs=160x0",1
ae0bfb1b408f298b541ffc11cae54a7d.jpg,"https://sun1-14.userapi.com/s/v1/ig2/z3HEbxJb7CDNdoJ5bob-jt2l0q2jVnTGAD5918PYdctdSlZ5Aq791OcpBmsdoZNv3YWjotjBhJgzIgLh7IkpNdB7.jpg?quality=95&as=32x32,48x48,72x72,108x108,160x160,240x240,360x360,480x480,540x540,640x640,720x720,1080x1080,1200x1200&from=bu&cs=160x0",0
f0088ff0560a919a85e89a02e4a65cfc.jpg,"https://sun9-62.userapi.com/s/v1/ig2/nV4FUuePZDxiD7sgaT-wkuHvbJP6D2B3CmrwiLpM_NmNmqhAWSftC0HSjKOC84DkTDCpyh23rG6yzHybw0QUZiEk.jpg?quality=95&as=32x32,48x48,72x72,108x108,160x160,240x240,360x360,480x480,540x540,640x640,720x720,1080x1080,1280x1280,1440x1440,2400x2400&from=bu&cs=160x0",0
001f8bd2899efce3d0ad3c562d2b2fa3.jpg,"https://sun1-86.userapi.com/s/v1/ig2/4h3hygYKF_hoebLcy-0BBS5el5rqy_IDcKoiYPABVoQafBzrkkKJlWFA2EhsQUdk9TCH9cbIreoRm_33G1ubyZHg.jpg?quality=95&as=32x32,48x48,72x72,108x108,160x160,240x240,360x360,480x480,540x540,640x640,720x720,1024x1024&from=bu&cs=160x0",2
096a822fc693c0dfffa5995adf98df63.jpg,"https://sun1-47.userapi.com/s/v1/if2/2YEsfyn4hWV-6B5JJCxrwGVIPrsYrUIkXZcOElUrCgT44bgcqHhTjYcYEmTdp5HjkYNzHB44jiZogiNL9cecTzdM.jpg?quality=96&as=32x21,48x31,72x46,108x70,160x103,240x155,360x232,480x309,540x348,640x412,720x464,820x528&from=bu&cs=160x0",6
723358a1b45f87307d6a4748bf786a47.jpg,"https://sun1-56.userapi.com/s/v1/ig2/LmqzxNQ5ep9WRwBbRbiVZEkck7oJgnfJKKuQDknJ0xor65JWctDBhyvogsx4iJr3Z4zZfXc7a-hdpdcU58yp3Jo6.jpg?quality=95&as=32x48,48x72,72x108,108x162,160x240,240x360,360x540,480x720,540x810,640x960,720x1080,1024x1536&from=bu&cs=160x0",2
2c5fe7dbf274074be9eaef5c0aa50fd5.jpg,"https://sun9-18.userapi.com/s/v1/ig2/CRyuVqr-cnpRCcvJjoMc5-Za8CNLz7EoiPxFGhotgW2L6V3hMvTxBT7pWx1eLQxEZQ7elK7XNozwL5OnjA6L_U63.jpg?quality=95&as=32x32,48x48,72x72,108x108,160x160,240x240,360x360,480x480,540x540,640x640,720x720,1080x1080,1200x1200&from=bu&cs=160x0",0
19e0d8b524be2ca410684018c481a829.jpg,"https://sun1-57.userapi.com/s/v1/ig2/M9nwDxWscWPDn0hy3xARkgM_H07bbeoex_zVfQt1Zpzy1SQ-R0SomMm-dPA9dUg4DjvuN-Nuo7kbtWkW8AGSaCqi.jpg?quality=95&as=32x32,48x48,72x72,108x108,160x160,240x240,360x360,480x480,540x540,640x640,720x720,1080x1080&from=bu&cs=160x0",5
5e8c548f7c3bcfdf68ebd8908570c0fe.jpg,"https://sun1-23.userapi.com/s/v1/ig2/z-dZ5wATk_nckpvvxMj48e3ZDcP3STXu0aaoDuy1rnwyc-JrghzsTlreIpQS02QVCxz-DYO8dEJPYw9c5IYNHyDl.jpg?quality=95&as=32x48,48x72,72x108,108x162,160x240,240x360,360x540,480x720,540x810,640x960,720x1080,1024x1536&from=bu&cs=160x0",2
4cdcbf4feceade27c984aa1a3d1700b8.jpg,"https://sun9-48.userapi.com/s/v1/if2/7RaKfI-2lpWNzXodnUMunwencL3XZykJHI8SBKWJUrnY394WUW27zP_Mi9RoU7nIi1aBBarCW_kPNn0ZpQeeFrJV.jpg?quality=95&as=32x17,48x26,72x39,108x58,160x86,240x129,360x194,480x259,540x291,640x345,720x388,1080x583,1280x691,1440x777,1455x785&from=bu&cs=160x0",1
1f093a9c32ea7859a83d2b18385ec9e1.jpg,"https://sun9-49.userapi.com/s/v1/ig2/EJmkBNFUGplYIR6bfTqW08__kCIV2KhehvbGm54izx4tobpTPIdBviko_HY9GWDoWVEACVz2DI2Jqj-MXXgas_rp.jpg?quality=95&as=32x32,48x48,72x72,108x108,160x160,240x240,360x360,480x480,540x540,640x640,720x720,1080x1080,1200x1200&from=bu&cs=160x0",0
5b9f8f3a7efbb1514a4b95f1297cf362.jpg,"https://sun9-57.userapi.com/s/v1/if2/WqG237HCHdAVFKQDxSatnVzuNrtfYShwJpqxG-bUHiK0NT1UyJTCedTSsg-IFzKzhIRVC6XR6H8ysa7uE8HAWayN.jpg?quality=95&as=32x22,48x34,72x50,108x75,160x112,240x168,360x252,480x335,540x377,640x447,720x503,830x580&from=bu&cs=160x0",3
ec431d359de540aa1befb9b6c96ac6da.jpg,"https://sun1-14.userapi.com/s/v1/ig2/3WS3R_yzILvsNkOn9aUpQqos-md3h3qhMo7Gv-VXiyeZR4t8cOHQZ01LcIFPZobiSKFnQA_Gn-YU5H4omROg_Nmi.jpg?quality=95&as=32x40,48x60,72x91,108x136,160x201,240x302,360x453,480x604,540x679,640x805,720x906,1024x1288&from=bu&cs=160x0",2
f548c46d0bbef220fa963992b8cb64df.jpg,"https://sun9-24.userapi.com/s/v1/if2/e_WGxK6erqVtY0rnRaqhH1k0ccmB9VVV-2HGzz0_9tIpjFHF8-LFBVpr9UgfDXv73s9iskpOQx5zOZHLkveoJgk_.jpg?quality=95&as=32x25,48x37,72x56,108x84,160x124,240x186,360x279,480x373,540x419,640x497,720x559&from=bu&cs=160x0",3
8884bc4945e416b1f1745e252387ca48.jpg,"https://sun1-88.userapi.com/s/v1/ig2/sENyA1KJDG6P4uNqAa7Bt2IuUOwpFajhWK6acUrs8Sdh06IDqNKT1-Qq7C74up6t6aqM_njuRlejf67VXGCc1dbO.jpg?quality=95&as=32x41,48x61,72x92,108x138,160x204,240x307,360x460,480x613,540x690,640x818,720x920&from=bu&cs=160x0",5
44f73ccd00b889a9e9e499b3cc5afda8.jpg,"https://sun9-63.userapi.com/s/v1/if2/x_e2rlFzib3siUN-eP1Q8Rm5hN9AmHbn60UHNhyu9LO9-exQZrgqeOn_iSYD7PRoyNo5qMVcbKOm67W-JDGyBwdj.jpg?quality=95&as=32x21,48x32,72x48,108x72,160x107,240x160,360x240,480x320,540x360,640x427,720x480,1080x720,1280x853,1440x960,1800x1200&from=bu&cs=160x0",0
cba4d778406f92d187c06baa1d5e3047.jpg,"https://sun1-30.userapi.com/s/v1/ig2/rExOHaLd8FeJvAJgP35swikVMvhdpkve90uviXRE1rUkPYJ-JmDDfDB-M1zBsLHYGD9MusrJqDcKzHgIblJ2GNxw.jpg?quality=95&as=32x48,48x72,72x108,108x162,160x240,240x360,360x540,480x720,540x810,640x960,720x1080,1024x1536&from=bu&cs=160x0",2
ddc6d144dc7385507c7177ab55fd1115.jpg,"https://sun1-56.userapi.com/s/v1/if2/KM8pLvXgLw2Bg3RpJ9hKtSEf14MeV5F1B2Zupp7lOe9heQa_TYvk4lOh4iVrIqeFcoVMwvZ43ZWIhcqVTB7qgV_m.jpg?quality=95&as=32x27,48x41,72x62,108x93,160x137,240x206,360x309,480x412,540x464,640x550,720x618,1080x928,1191x1023&from=bu&cs=160x0",2
47d55f36ec2180d1816040c9cf610ea2.jpg,"https://sun9-32.userapi.com/s/v1/ig2/uuINsxOYVp1wuI93qSTylyZNRaGMEsPQIUoGeWeQtW6LDHJX4FX61mrIWmiEG8N0hr-SWehry-DG9t4ozySSHtqA.jpg?quality=96&as=32x34,48x51,72x76,108x114,160x169,240x254,360x381,480x507,540x571,640x677,720x761,946x1000&from=bu&cs=160x0",6
8c73d1758a3ec304d9128128884e47b8.jpg,"https://sun1-21.userapi.com/s/v1/ig2/scJfVgcpPVwcSubcRQrt_i3K5T5B_vSUTeymFV8ukcOgxWUkwRrNQ-PJWKAI_V7VE-ClKGQRcXDlZJJ9rEC70rWG.jpg?quality=95&as=32x40,48x60,72x90,108x135,160x199,240x299,360x449,480x598,540x673,640x797,720x897,1024x1276&from=bu&cs=160x0",2
39bbcd60b33be4c71f4154b8c6257b93.jpg,"https://sun1-18.userapi.com/s/v1/ig2/RJIWLY75ZbJDXJnWZQWFuosl2F73OEB1qVy14H4-jiKK8DFlvO2ITzkNY_086pj_GiuXSJN3ZBnoCriwixaofW_b.jpg?quality=95&as=32x43,48x65,72x97,108x146,160x216,240x325,360x487,480x649,540x731,640x866,708x958&from=bu&cs=160x0",5
4abb58375dd20c8ff77f4fffc53c2af1.jpg,"https://sun9-48.userapi.com/s/v1/ig2/9Y51O24v-UUUsVfPTAbpb-yiin_lRzsqJmluPqHFhWisQGK9ZsN39kexUU-aS22-XXIF5nCSUhzb2Y-tQZZ4FzrA.jpg?quality=95&as=32x32,48x48,72x72,108x108,160x160,240x240,360x360,480x480,540x540,640x640,720x720,1080x1080,1200x1200&from=bu&cs=160x0",0
7d19ed030ac59d9800c4f4a37ea17cc5.jpg,"https://sun9-77.userapi.com/s/v1/ig2/SAzktZWj6heVenJXchYiDCpkrVsgepe78ABT6PNdBCtDhc88qcL7eLJdnFVZjZFZtdcEo7IZg7CO7JpjZYynTLGl.jpg?quality=96&as=32x37,48x55,72x83,108x124,160x184,240x276,360x415,480x553,540x622,640x737,720x829,884x1018&from=bu&cs=160x0",6
9481dd5fb44ef342c7f5e4623336274f.jpg,"https://sun9-62.userapi.com/s/v1/ig2/V1MfWwnmegksGIFi68qvJG53fh4lgeImPAhhKtZSlswz3Wh1mJQ3kXh8RU9ugW4sWT5SQn9Xtb0qBEZXrmiBP-TR.jpg?quality=95&as=32x33,48x50,72x75,108x112,160x166,240x249,360x373,480x497,540x559,564x584&from=bu&cs=160x0",3
9b4a1439c716467e6392394b130f7228.jpg,"https://sun9-33.userapi.com/s/v1/ig2/YbkrUNuMxd2i-G9obFWUcwOqtl2k6e6rUqRnl555-MSMql_M3b8LaQj79z7m1tACJCEKdUrW6X3wkqI2L8OXyAZP.jpg?quality=95&as=32x32,48x48,72x72,108x108,160x160,240x240,360x360,480x480,540x540,640x640,720x720,1080x1080,1280x1280,1440x1440,1800x1800&from=bu&cs=160x0",0
a7fd0315eb7e4195cf40f17ffdb1a40c.jpg,"https://sun9-79.userapi.com/s/v1/if2/bV4TQLzcBIVL1d4NL4WWKp7R9d4C1rsXF331Oy7oPRFvw91T9nIZhIOeJhStP5NOOugf3DJsThsiZNaqcp5qiVyb.jpg?quality=96&as=32x25,48x38,72x57,108x85,160x126,240x189,360x284,480x379,540x426,640x505,720x568,1080x852,1252x988&from=bu&cs=160x0",6
acb77e47a8412d74daaa5fa28debc9e8.jpg,"https://sun9-37.userapi.com/s/v1/ig2/sbhDZPhDjREunv292kg8B_FXe-GkC9loefpiOFPsQ15xH15Yd-5J7mECvfGD-4Ao8lKwq0YKE_sIHzc9VmBQb-2q.jpg?quality=96&as=32x33,48x49,72x74,108x111,160x164,240x247,360x370,480x493,540x555,640x658,720x740,1066x1096&from=bu&cs=160x0",6
f98cfeca1423d2600a9ab3d1c135df9c.jpg,"https://sun9-72.userapi.com/s/v1/if2/O16ltxSlB-jo_jZ6pDhe5eHAqy_F4TGSlZ6Y3Xe3psSEzjGOV4dNip5Kf31mIq0L3JYpax0Z8lj2iouJJHraKscq.jpg?quality=95&as=32x24,48x36,72x54,108x81,160x120,240x180,360x270,480x360,540x405,640x480,720x540,1024x768&from=bu&cs=160x0",1
238f458a64295eea3e763f194656aeab.jpg,"https://sun1-27.userapi.com/s/v1/ig2/7nlW6SMDHDquKflY7mPvAzsbqMSP__KfFtlmrkGhDfQNMNI6yeT3UV_UlzcxsKpwlgmQedDE-ufEmTtXnmMPnHOu.jpg?quality=95&as=32x40,48x60,72x90,108x135,160x200,240x300,360x451,480x601,540x676,640x801,720x901,1024x1282&from=bu&cs=160x0",2
d968eb37b389b3805f4bbd25c28f0a1e.jpg,"https://sun1-13.userapi.com/s/v1/ig2/oArgrvOZbytOiQvjN3b3N1bDmgNAtwDzBz02m8cb0ZPOwXOAEB2rFin0rPQDr60utdCas9Nmn_3o_gcTI1SWH1RJ.jpg?quality=95&as=32x32,48x48,72x72,108x108,160x160,240x240,360x360,480x480,540x540,640x640,720x720,1080x1080,1280x1280,1400x1400&from=bu&cs=160x0",4
8bca7786d06f01742fff2020a201f62c.jpg,"https://sun9-81.userapi.com/s/v1/if2/6Ja_epR4a5bm8pt5Bvzj99oQ2AIFwF6OgX7B7dO1Y6gKC0b1w64uUcdi5QRnvW2hGag__16xg13wchwYY-B7551O.jpg?quality=95&as=32x31,48x46,72x69,108x104,160x154,240x231,360x347,480x463,540x521,564x544&from=bu&cs=160x0",3
697174291121c49b03699a1719ab5d5f.jpg,"https://sun1-94.userapi.com/s/v1/if2/fNyHgi7x7I5S45HjXA2H8nOpYzhUE7BSZCh7yx0dUxKFk-gdrWkiXVz6WtOLzAEE1aLWQ7lW_UGr7s9FuIbtymjG.jpg?quality=95&as=32x18,48x27,72x40,108x61,160x90,240x135,360x202,480x270,540x304,640x360,720x405,1080x607,1200x675&from=bu&cs=160x0",5
496dec3c0bc653494d21c1d34094c1ea.jpg,"https://sun1-86.userapi.com/s/v1/if2/3Wj223C-cTdk7wTVAk6u7ARK35izE0R_twEL4FWGhDgObbdXFhLlm0q7wyJeGNB_Xad4m9QKmhllWzh_OsqXbZab.jpg?quality=95&as=32x21,48x32,72x48,108x72,160x107,240x160,360x240,480x320,540x360,640x427,720x480,1080x720,1280x853,1440x960,1536x1024&from=bu&cs=160x0",2
854cb7aee8dd1838d055adcf75efab3b.jpg,"https://sun1-86.userapi.com/s/v1/ig2/fj5xxoHlBHCdcx4SlAZ1ItFPzmYVYEbcGsTzvU-vy3YXsBtKdzbcaEtd1ASJrseaiG_lk9z2TN1enO3BIxntTRb0.jpg?quality=95&as=32x40,48x60,72x90,108x135,160x200,240x300,360x450,480x600,540x675,640x800,720x900,1080x1350&from=bu&cs=160x0",4
27a29e3647fe16fa1db9594b47fde540.jpg,"https://sun1-56.userapi.com/s/v1/ig2/MfTr0w_Yv5s_QjLZBvtsFanQcDgkZbc-V8rd9Dc0x7IOIzlHAtJzgSZ21t21slaYXoL0-zcV38XgJZqEFdRsEY38.jpg?quality=95&as=32x41,48x61,72x91,108x137,160x203,240x305,360x457,480x610,540x686,640x813,720x915,935x1188&from=bu&cs=160x0",5
28a2383b063d0bb999d30850c699cb75.jpg,"https://sun9-56.userapi.com/s/v1/ig2/yPVmRE5WJsZfp-WOY-js_LT__Lmz-PSK8PBfUcwZs-Kj2GETXqZLSlzTevYKuddnlSwQFGupz_egIgQlNMNLXWQZ.jpg?quality=95&as=32x40,48x60,72x90,108x135,160x200,240x300,360x450,480x600,540x675,640x800,720x900,1024x1280&from=bu&cs=160x0",1
c4f31390273ef02cc48fd10c478a0e02.jpg,"https://sun1-54.userapi.com/s/v1/ig2/Wb-YTN0rs2uy0kOVrgtelt93VQHYBMFgyQfryfD5njKQSuavv2QS61dsMYzog7RoiwATA8xaL1u3YbGyyzY1AOU5.jpg?quality=95&as=32x32,48x48,72x72,108x108,160x160,240x240,360x360,480x480,540x540,640x640,720x720,1080x1080,1280x1280&from=bu&cs=160x0",5
e13e40f0a5412ef389cf97ac33ac8e69.jpg,"https://sun1-47.userapi.com/s/v1/ig2/hWJnVfiVfX9jBkz3BY1jMEUqJkL5DQSWA-eZupy1y2KW4rOhACme1dBPWCm9YzpU_-jKgxwj_JgnpjSUUXmlo2ij.jpg?quality=95&as=32x32,48x48,72x72,108x107,160x159,240x239,360x358,480x477,540x537,640x636,720x716,1074x1068&from=bu&cs=160x0",5
c363ead4dec88d7e2150fa2a07033a0b.jpg,"https://sun1-25.userapi.com/s/v1/ig2/YgAiCTbWSWYZPYLSESd0UWxrVys4d7WeQyWHPHNsz5F_uvgyWYhxqEyEi9BbMykyHGQxCel5Oi12wxMTgl72cORO.jpg?quality=95&as=32x32,48x48,72x72,108x108,160x160,240x240,360x360,480x480,540x540,640x640,720x720,1080x1080,1280x1280,1440x1440,2560x2560&from=bu&cs=160x0",6
36cd9a53d49d9573af57ee2dc55862a5.jpg,"https://sun1-88.userapi.com/s/v1/ig2/BQN_QEslNwy8KFxVXegIh5Su7qachOkQLms_oN9Rf5tx_EuZgyZxIlxVV-pAqLd0QGZiO4Wrareh0KfcBwqszAu9.jpg?quality=95&as=32x32,48x48,72x72,108x108,160x160,240x240,360x360,480x480,540x540,640x640,720x720,1080x1080,1280x1280,1440x1440,2560x2560&from=bu&cs=160x0",0
a684b5c220d36e1e6610479c22c581ee.jpg,"https://sun1-89.userapi.com/s/v1/ig2/LTY98z58XvzFq4blf6iaYJI8Pbv91TGHcRNMcE3VCEmmy-6qrFkIWSlfYleKXzdvfbcAh2ryyh1Y4HRAGLGfYwt1.jpg?quality=95&as=32x38,48x57,72x85,108x127,160x188,240x283,360x424,480x565,540x636,640x754,720x848,811x955&from=bu&cs=160x0",2
87b4009e9dd26e9304e1524d0a77399d.jpg,"https://sun1-95.userapi.com/s/v1/ig2/KQTnDmFhVjRKvfQJnJkZFYPqcgEHBR7sZe2AqhvykPZOlkJyQaJHsuqgUquFazrLrjWXBtwrMgMZ4lFURr6Ab1-F.jpg?quality=95&as=32x32,48x48,72x72,108x108,160x160,240x240,360x360,480x480,540x540,640x640,720x720,1080x1080,1280x1280,1440x1440,2560x2560&from=bu&cs=160x0",5
eb844902c0ef17403b0cb5667a748090.jpg,"https://sun1-47.userapi.com/s/v1/ig2/ZQ2geZlIWHWpKu0SEfjjnbUuGRcFRpen76riwBgFWUYEbf9JRsWOOIH4lcKQjpMUNqb6j0lhovKAoJORgrgjZQim.jpg?quality=96&as=32x38,48x58,72x86,108x130,160x192,240x288,360x432,480x576,540x648,640x769,720x865,916x1100&from=bu&cs=160x0",6
22f4a449491e5e04531c902b3d1583dd.jpg,"https://sun9-65.userapi.com/s/v1/if2/r9M0LonNMgEdlidoT8UlJM3FsYme3-pkQhszlZ_A8GUSxErzXWD-9qB5dDntTaTxWoU8HhVgWKXbX6S7WQpiaqwc.jpg?quality=96&as=32x17,48x26,72x39,108x58,160x86,240x129,360x193,480x258,540x290,640x343,720x386,1080x579,1260x676&from=bu&cs=160x0",6
3249063098bcc837f96633f746c889e1.jpg,"https://sun9-57.userapi.com/s/v1/ig2/KOirVLJrjgLTUo5wgBhCibSnlm0SWFrQrEaAz1uDcMzzGHTnCrXzeqv4AbaV2voBKOnLmFJp7H6WrbV2P7MOlTnA.jpg?quality=95&as=32x32,48x48,72x73,108x109,160x161,240x242,360x363,480x484,540x544,640x645,720x726,1080x1089,1082x1091&from=bu&cs=160x0",1
17010b924fc5e8fdd0cf18d3d344ab0c.jpg,"https://sun9-12.userapi.com/s/v1/ig2/HXf8Y0eSOlUWLUu9fsxaKMa9eBrwfkpeLywmRgSdjUgAfTPp8fDsLNUx2w3-57k8iW7DiTP-ICencj5J2PvMQwy9.jpg?quality=95&as=32x32,48x48,72x72,108x108,160x160,240x240,360x360,480x480,540x540,640x640,720x720,1080x1080,1280x1280,1440x1440,1800x1800&from=bu&cs=160x0",0
b8226a376b591eedb0b1c5ba92ce6e61.jpg,"https://sun9-53.userapi.com/s/v1/if2/rCTSk9I2wVsun2uSTdvKyMO4JrKe_V1xPmssg8h-1mN6u84Zk9-NQ_dW12HDuQ6QefzyPG2t7hdUOeCbqMqr3LIk.jpg?quality=95&as=32x28,48x41,72x62,108x93,160x138,240x207,360x311,480x414,540x466,640x552,720x621,1080x932,1280x1104,1440x1242,1484x1280&from=bu&cs=160x0",1
3e7ca7dd28ff807050d9561f3b8562d0.jpg,"https://sun1-26.userapi.com/s/v1/ig2/Cr-s7cZkNd6PG_wCyUqNsCn07rT5zcyWEB7U8hY0MuyCePJsZeMGvJ86POPS_7awu6Ljk5tmsrIX0csprfJ6tW9J.jpg?quality=95&as=32x32,48x48,72x72,108x108,160x160,240x240,360x360,480x480,540x540,640x640,720x720,736x736&from=bu&cs=160x0",5
a55aac0d0256b77bb61163f43d44c3d8.jpg,"https://sun9-69.userapi.com/s/v1/if2/XIGmfkVQGOWCzX_5knewjfQsVnwuv6wjjQgd3xSrCZxGIcyZyxGMonQ2c5yIaCj_Ap03B7Q8Y3dAUb2brxadZJMe.jpg?quality=95&as=32x21,48x32,72x48,108x72,160x107,240x160,360x240,480x320,540x360,640x426,720x480,1080x720,1280x853,1440x960,2560x1706&from=bu&cs=160x0",0
5554ec3871077efced75f4bf45a5c726.jpg,"https://sun9-52.userapi.com/s/v1/ig2/n_Y7UxyEilS3UY2P0RkkYw9erLM1cnPKZF7c8WLPDO7xUXsCk_ErpH6cJ1FQuOYBJtp9he-a44ZkblXNTo3Cruzs.jpg?quality=95&as=32x40,48x60,72x90,108x136,160x201,240x302,360x453,480x603,540x679,640x804,716x900&from=bu&cs=160x0",3
33b1fec26a528bc3297b800297cf82a4.jpg,"https://sun9-25.userapi.com/s/v1/if2/Xkautk4300UB3MG7TBBEvEf0Y9OFXBMyIXSiCv9_MvT61WdsEp-mOiA2k8tAY90ksJPjTtV9pLxuYZFH3Ct6bjx3.jpg?quality=95&as=32x26,48x38,72x58,108x87,160x128,240x192,360x288,443x355&from=bu&cs=160x0",1
24d4d4a13d0c384416718500b997df08.jpg,"https://sun9-43.userapi.com/s/v1/ig2/RH-EPIgF-nO85lfZ5lcRMbL_Y3bsjXr3gta3dxBXC69ij7wp1Vwt8znjXMtwfG44uakLas7pa-lc7ESv8Zj7VnAF.jpg?quality=96&as=32x32,48x48,72x73,108x109,160x162,240x242,360x364,480x485,540x545,640x646,714x721&from=bu&cs=160x0",6
77ab417685933175995a9b6f2cf864ff.jpg,"https://sun9-27.userapi.com/s/v1/if2/KNlF6bQq_xZVWDLazrEqVPBDaL5s39WKFWajgPHKT5csn1D7h4NQ0QdFF7lkTLfM4pDEoflSvr-mrIydmQgxoTPZ.jpg?quality=95&as=32x27,48x41,72x62,108x93,160x137,240x206,360x309,480x412,540x464,640x550,695x597&from=bu&cs=160x0",1
af79692506de094125878258582abc26.jpg,"https://sun9-20.userapi.com/s/v1/if2/BqAxdIU5nra5D751D-sT5b8EsMLf-0i4GmHsSQ4n0T9lfcRAI_H-uzZlN-AEd4DmDr1mCnymLB7bYDDDpf7k6NOy.jpg?quality=95&as=32x24,48x36,72x54,108x81,160x120,240x180,360x270,480x359,540x404,640x479,720x539,940x704&from=bu&cs=160x0",3
6a77e214cfd49a418b82d80933f7ef11.jpg,"https://sun9-33.userapi.com/s/v1/if2/II5vEk_Tv8BqJ8s_TLlwOxoNoezzRafAtbS4F0rWOsWNUWGEDKodcqpEcA1QN-0prWqRwwBh0ZAnAPY_wvSqaN0Q.jpg?quality=95&as=32x29,48x44,72x65,108x98,160x145,240x218,360x327,480x436,540x490,640x581,720x654,1080x980,1280x1162,1440x1307,1476x1340&from=bu&cs=160x0",1
4da68dd1a3ea722c740c57a8b9b4847f.jpg,"https://sun9-56.userapi.com/s/v1/ig2/Dbawsio-sqpG5WVRRw9KNUfb-vTnWHr_ZQsOtWaSMK4Ie59lufTOJKxB3bEJxUgg_SL7W_rDXelEzzNfvhCNWpyB.jpg?quality=95&as=32x32,48x48,72x72,108x108,160x160,240x240,360x360,480x480,540x540,640x640,720x720,1080x1080,1280x1280,1440x1440,1800x1800&from=bu&cs=160x0",0
0d401da5273c77a6e2aee0b61d367a01.jpg,"https://sun1-94.userapi.com/s/v1/ig2/nom8chSORe6ZtMeMhrvsP5MR4N6x6Q7AAtvjJpFyXU8JNkRx_hSpToQMop0ECPHo6K1aUkdMiXzmiZ1IOK9HKZci.jpg?quality=95&as=32x40,48x60,72x90,108x135,160x200,240x300,360x450,480x600,540x675,640x800,720x900,1080x1350&from=bu&cs=160x0",4
a2e95814b519f8baf487cb8f3a2b6fad.jpg,"https://sun1-90.userapi.com/s/v1/ig2/YnpTT9dEJtNr2si2Y29ZRBc65FyFX2z1NXV8Xiro2EYiOv9bgN_eNVN9o4mwHPz0haEiteIbAKPMKEmI47lPKZ8P.jpg?quality=95&as=32x32,48x48,72x72,108x108,160x160,240x240,360x360,480x480,540x540,640x640,720x720,1080x1080,1280x1280,1440x1440,1500x1500&from=bu&cs=160x0",5
4cec84122ca5f1e75c62c63570826548.jpg,"https://sun1-55.userapi.com/s/v1/ig2/AfuoQnBcqZWVWJlnSNspXbe53hTVVoKmssPsHkHgaLNqQFOK0hhwt0tmwoG1h8fxtRhDWit5xgQsYb608CCEKLY3.jpg?quality=95&as=32x40,48x60,72x90,108x135,160x200,240x300,360x450,480x600,540x675,640x800,720x900,1080x1350&from=bu&cs=160x0",4
0be18f6a30fc33df0a1657c8453e5a73.jpg,"https://sun1-88.userapi.com/s/v1/ig2/BCRw3LKbFIiQYOgd66gtxl0HdPaaUzfhmLphHsb38NiHDCHCr6NdQ-d7x-th5cVBhctEMaFZ9NVnx5V4uczaPnsz.jpg?quality=95&as=32x32,48x48,72x72,108x108,160x160,240x240,360x360,480x480,540x540,640x640,720x720,1024x1024&from=bu&cs=160x0",2
9db125001a1fa588cb2a554df454a7fe.jpg,"https://sun1-24.userapi.com/s/v1/if2/kuK_-n4H6eRHnQ-VxhPx13ML1lL0LBy7Gj-sC4tgNFyr0Gcxx_AJLb2mbXxgWdCF0jpGR1laxcF7XYSEa4c-X11g.jpg?quality=95&as=32x29,48x44,72x66,108x98,160x146,240x219,360x328,480x438,540x492,640x584,720x657,1080x985,1180x1076&from=bu&cs=160x0",4
2c484cf71988ea2387dad030449855a1.jpg,"https://sun1-96.userapi.com/s/v1/ig2/-Cg2-nHTWZeRJX49SyRfCkbFFZ04ubcoejAAmKU2iJ9wgLp1AfXBe53zCF0LGk7UcEWagbgbax_Wj3KNY7JL343t.jpg?quality=95&as=32x48,48x72,72x108,108x162,160x240,240x360,360x540,480x720,540x810,640x960,720x1080,1024x1536&from=bu&cs=160x0",2
1aee2358ccd16095aeed86651602fbce.jpg,"https://sun9-9.userapi.com/s/v1/ig2/fb6Tp76Zp8-wbklHMGbPeGY37lCZXUze7AFs960r8I1TGbjwa0HOgNlCKqpgM-ZGeY6NxPPh6nQgQxh-InHf_A_I.jpg?quality=96&as=32x42,48x63,72x94,108x141,160x209,240x314,360x471,480x628,540x706,640x837,720x941,1080x1412,1280x1674,1379x1803&from=bu&cs=160x0",6
336e9b6880f5f27e6d05837499caed1a.jpg,"https://sun9-21.userapi.com/s/v1/ig2/-9qy-FewDAdEQ_VxfqZzVbm27-Z7Cmjc6O-5ZQ4CcnlEU1AwKm8_Q9cXNADMtMv6cGmyPJkvMGiuEuVae4iLiXIZ.jpg?quality=95&as=32x35,48x52,72x78,108x117,160x173,240x259,360x388,480x518,540x583,607x655&from=bu&cs=160x0",3
bf1d27e5b1677965ca6be2901b1a0a07.jpg,"https://sun9-51.userapi.com/s/v1/ig2/SuJ1qczOJN5IeBFnszqQex1GWm7txdhU0kbLdBCUobniqJ6xliav616bgJWMBlpgCXVdoZkd3QYsMhmtlPdhnn_j.jpg?quality=95&as=32x46,48x69,72x104,108x155,160x230,240x345,360x518,480x691,540x777,640x921,720x1036&from=bu&cs=160x0",3
d4d056f779737c6d7c3acbf9a273cae5.jpg,"https://sun1-14.userapi.com/s/v1/ig2/-BeLmhvEMvsJ5F5lNp8l4RNP5t6s9WaQx3XEAl9p0cpR2FhIcuWlZfZaoqdzebyTh29oduwZSRhAm6gHfFsZAmUE.jpg?quality=95&as=32x32,48x48,72x72,108x108,160x160,240x240,360x360,480x480,540x540,640x640,720x720,1080x1080,1280x1280,1440x1440,2160x2160&from=bu&cs=160x0",4
6f051d9afb3459226b61650bf46febbc.jpg,"https://sun9-69.userapi.com/s/v1/ig2/lwJdI0IASO37JNtUDqL7Ta13gkSlEI9hfYvXPtUh2S9qo1js3W-oU30nQ3Rhf2oYMkPFXTrkIvRjSw1w8eNvTzMd.jpg?quality=95&as=32x32,48x48,72x72,108x108,160x160,240x240,360x360,480x480,540x540,640x640,720x720,1080x1080,1280x1280,1440x1440,1800x1800&from=bu&cs=160x0",0
1be44f9937820885eb991aa4b313f309.jpg,"https://sun1-89.userapi.com/s/v1/ig2/MEPOZ9cSbWQ8r6qnUR-zLIYSffmojh5VY96calcmCLhi-CPAbdSy9KnST9zAzqFBflGGtqxFOWceRc3xvtXNtnJh.jpg?quality=95&as=32x32,48x48,72x72,108x108,160x160,240x240,360x360,480x480,540x540,640x640,720x720,960x960&from=bu&cs=160x0",5
d262a22208beb7240ff2f8f6b3120065.jpg,"https://sun9-24.userapi.com/s/v1/if2/x9cb_BwN95SAN4Fyab8jQAPBIPbXfENDTcuXn_0dZdLgNjK6ibds4l47EYSOkqEzG53uypzZQG98Y36zu7l5QclT.jpg?quality=95&as=32x28,48x41,72x62,108x93,160x138,240x207,360x310,480x414,540x466,640x552,720x621,1080x931,1280x1104,1440x1242,1482x1278&from=bu&cs=160x0",1
72d160de3cc53129168510c9d14c5a9b.jpg,"https://sun9-27.userapi.com/s/v1/if2/mF0iQOqp9OHHDpEHYrfQdQNtYmFf2o6UlwDPj9RZ0LacfPofH8IsHC62QZh_9FTzywkrE-hVE2GMTl9O-UImXA3n.jpg?quality=95&as=32x26,48x39,72x58,108x88,160x130,240x195,360x292,480x389,540x438,640x519,720x584,987x800&from=bu&cs=160x0",1
445b5f7fe334cdc1d36d9375ded31156.jpg,"https://sun1-19.userapi.com/s/v1/if2/LOTYCKoLb4DpfPrWhhdU86yPg0uaV_rVPe-Uycd1FOGHBaonw1iBKknKWbkCh6kgFfNwfQ7f11ae_MhIfqEtlS8d.jpg?quality=95&as=32x28,48x41,72x62,108x93,160x138,240x207,360x310,480x413,540x465,640x551,720x620,1080x930,1084x933&from=bu&cs=160x0",2
119b386b9f4aefd99a936af54539d915.jpg,"https://sun9-77.userapi.com/s/v1/ig2/MiALWgrhZUQk73XhqmW8rz-d2SDOarDgbS8_-_W7TOHdwKSX2hgQ3GoSqLBagVI8G9nib3E3sNl9kLK6pfZRhfZe.jpg?quality=95&as=32x32,48x48,72x72,108x108,160x160,240x240,360x360,480x480,540x540,640x640,720x720,1080x1080,1280x1280,1440x1440,1800x1800&from=bu&cs=160x0",0
9861f3668ff570c5f700fd747e9c30c9.jpg,"https://sun1-19.userapi.com/s/v1/if2/BGVIKhWOS6wfhaGkbeJPp4anj7ateZ5thrLNCop4BlXFjTJ6kT3xAjbmCSxGxd-64ZUaytS5lp6Zhc0BUpNncH0p.jpg?quality=95&as=32x28,48x42,72x64,108x95,160x141,240x212,360x318,480x424,540x477,640x565,720x636,1024x904&from=bu&cs=160x0",2
c342b2ef4fa185979b1f2ea7c354adf3.jpg,"https://sun9-54.userapi.com/s/v1/ig2/Z75sNDnUgEONLIDRZbFtZAxGPP3wjIXHfSLM5SJH4rS9kuw3whSLiMhC0JBZuT0lDwRD6bdhp1Eul2LKJ8xW0YOE.jpg?quality=95&as=32x33,48x49,72x74,108x111,160x164,240x246,360x369,480x492,540x554,640x656,663x680&from=bu&cs=160x0",1
c089acd6f4759d0de64bc726e137a781.jpg,"https://sun9-58.userapi.com/s/v1/ig2/-GTAviGcuuayASmhuooRYrMj_1qS6hHu_OXH20QEBn08QBD_KJKbBYBRkdYOruQbe0FSOQ_Og3d2eN0mLLqeeg8P.jpg?quality=95&as=32x32,48x48,72x72,108x108,160x160,240x240,360x360,480x480,540x540,640x640,720x720,1080x1080,1200x1200&from=bu&cs=160x0",0
5bbea1ecf6df6fd1ebf50a2d05f18f9d.jpg,"https://sun9-83.userapi.com/s/v1/ig2/dAfk0g1b7QUdlEjHUHxxp1OJNyF5wox3Z3z1YYP_Y9FFqPNsYIA_PAbBjcbApGiWkXYLCdv-d5s6Q9lJk73VfKn_.jpg?quality=95&as=32x32,48x48,72x72,108x108,160x160,240x240,360x360,480x480,540x540,640x640,720x720,1080x1080,1280x1280,1440x1440,1800x1800&from=bu&cs=160x0",0
eb8c27da0f14d7bb192b365738f983ed.jpg,"https://sun9-59.userapi.com/s/v1/ig2/JAkCKWj20wn7KBpO7qP60K1zmzio7koADi8mguPkJGm_kWGGJbcP4nnOhWS_iZHOdssk3OPfEPeXeouunDbo0Yxd.jpg?quality=95&as=32x32,48x48,72x72,108x108,160x160,240x240,360x360,480x480,540x540,564x564&from=bu&cs=160x0",3
0bd58cb5bb243b72d4b4e609dd5ce0aa.jpg,"https://sun9-68.userapi.com/s/v1/if2/_mXKYDTG49ax3Vj-E_ft0SbLGYHf-zaNiPWX0r__wDhlwsrHpqhpt2hsd1ZfiGf_o9pd3HwzzPr98OPDnbUxQqR7.jpg?quality=95&as=32x28,48x42,72x62,108x93,160x139,240x208,360x312,480x416,540x468,640x554,720x623,1080x935,1280x1108,1440x1247,1475x1277&from=bu&cs=160x0",1
1b8466905dd66a57c122a0c90e5e7e5c.jpg,"https://sun9-48.userapi.com/s/v1/ig2/Oiys06qJuBneLai6DvaF-9-JFFPi8zsamRkiF2mlQg4kcyctg4KYgvgIeUVGF2DN70HfzGY6i9z6-6NQpA5uZTMi.jpg?quality=95&as=32x32,48x48,72x72,108x108,160x160,240x240,360x360,480x480,540x540,640x640,720x720,1080x1080,1280x1280,1440x1440,1800x1800&from=bu&cs=160x0",0
5521567f39bf635c92680b443dc63d19.jpg,"https://sun9-82.userapi.com/s/v1/ig2/FFx5GafJdvD7E6WSFw1sq3_F9U21ebhnlkvKBysnLf29ME8HenswQL2fz6c-aWhZh5A5Vhf_8G5NofMleQrT20LJ.jpg?quality=95&as=32x32,48x48,72x73,108x109,160x162,240x242,360x363,480x485,540x545,640x646,720x727,830x838&from=bu&cs=160x0",3
53855ccda75a0082e6de19901c3916f6.jpg,"https://sun1-15.userapi.com/s/v1/ig2/rXAzY1swd4Rclt30QWj3b64_ZHwC_Ylc1JOxmltgjyzeu7ZPUIlJHPdRso8Dy32e3LOKLjgs5emt7qw0ABZHnlPa.jpg?quality=95&as=32x32,48x48,72x72,108x108,160x160,240x240,360x360,480x480,540x540,640x640,720x720,1080x1080&from=bu&cs=160x0",5
4a618aaedfe2a11802c03e219482d0f4.jpg,"https://sun9-10.userapi.com/s/v1/ig2/PYdY1Y6HYIMJbY3ANH3Z0yGUzWCKN1VcqfXp2wUyFwjze9VHZ5wivzA4Dq0Kh28qR3QNowVGrl-v7nM-TfmSPBr1.jpg?quality=96&as=32x42,48x63,72x95,108x142,160x210,240x316,360x473,480x631,540x710,640x842,720x947,838x1102&from=bu&cs=160x0",6
356985e5704880867b4bd19a6585b410.jpg,"https://sun1-19.userapi.com/s/v1/ig2/RbHjdeE8jZlps_1TBgO5CZr99MhKDElv3o0PRjnyTqyP6rTo9ABFMvpFkNybD0Rz4plCwFkqMG61Qbql3bJXHAaU.jpg?quality=95&as=32x32,48x48,72x72,108x108,160x160,240x240,360x360,480x480,540x540,640x640,720x720,1080x1080,1280x1280,1440x1440,2400x2400&from=bu&cs=160x0",0
6d26b6546c5d7cd71a62732676d35ac7.jpg,"https://sun9-43.userapi.com/s/v1/ig2/vwYrm7ms2_olc_3FLWcnKy0tbpEauekyI1IGuE4G0I3HW-Ek9ARwBq7GmPjEpu4DcC605hcFyNHTYtsZs4_Z5iVK.jpg?quality=95&as=32x40,48x60,72x89,108x134,160x199,240x298,360x447,461x572&from=bu&cs=160x0",1
0c05c974564f5a1c5c85ab95ee4c4cbf.jpg,"https://sun1-29.userapi.com/s/v1/ig2/OB-A1LVbIapeQw0K1l0TKG0oL15AkvhmKC08aBmBOFkxY1LiihrpDd8efVBEQkCJoJQ7mkFP5ETnPBO_M4b4mXJ1.jpg?quality=95&as=32x32,48x48,72x72,108x108,160x160,240x240,360x360,480x480,540x540,640x640,720x720,841x841&from=bu&cs=160x0",5
1988bb9e20f435a0f6b8e8a7652c310a.jpg,"https://sun1-88.userapi.com/s/v1/ig2/3_iGblza-ssvG5jvmd-zEuvzwbzyHTUYRNCTjCKyOdB9qZUAv5Jt5TQYcrpmr32HCHi3ZMPBBDv1p47CEHAJ5JVL.jpg?quality=95&as=32x32,48x48,72x72,108x108,160x160,240x240,360x360,480x480,540x540,640x640,720x720,1080x1080&from=bu&cs=160x0",4
c7a8f752ff148225dadfec89fd05c9d7.jpg,"https://sun1-29.userapi.com/s/v1/ig2/68dbYc9cyLjout2YN-ExHcNIuHUCWe--XA1wMjZNZQ-8dvNreM-u1sZV4dLHIvNSw98Y8yqhzamg5_sPiW9THpV_.jpg?quality=95&as=32x36,48x54,72x80,108x120,160x179,240x268,360x402,480x536,540x602,640x714,720x803,821x916&from=bu&cs=160x0",5
fb1fce60ee58c89002344cf5ee50a48e.jpg,"https://sun9-40.userapi.com/s/v1/ig2/D8l1sAvP-sl_XXVtyeK03uJXHsOz_GVXKgmbjgG8prNNcO7H7irNqbRuyb_tuy117CzkwcHXGQw3LoPQ_gxB4J0C.jpg?quality=95&as=32x32,48x48,72x72,108x108,160x160,240x240,360x360,480x480,540x540,640x640,720x720,1080x1080,1200x1200&from=bu&cs=160x0",0
6b5d0d190ea0018d9af40f1ef098bf6f.jpg,"https://sun1-17.userapi.com/s/v1/ig2/rJTijmw3yvDrzyxdYNg65eIuVUcWng7NeQYcm1OHNxDMz36Wz3Cv7hyctVSK9PZDYwkQWOmK_ZBWwovMJdD3YNqp.jpg?quality=95&as=32x33,48x50,72x75,108x112,160x166,240x249,360x374,480x498,540x560,640x664,720x747,1080x1121&from=bu&cs=160x0",4
aecbce43cdf0e5b6908a118502252677.jpg,"https://sun9-5.userapi.com/s/v1/if2/8g803SsYIhBxOOVowGjSP5G8IT0jze2TlGRlcWOhQ1GWWImic5fxpJZ_1Jrtkpv42eDAjGYruRSWQaZytHKb7mGg.jpg?quality=95&as=32x21,48x32,72x48,108x72,160x107,240x160,360x240,480x320,540x360,640x427,720x480,1080x720,1280x853,1440x960,2560x1707&from=bu&cs=160x0",0
c241575426bec0c1d909d18aede2d962.jpg,"https://sun9-82.userapi.com/s/v1/if2/5Br-rirEkW9Cn7M3Zqh-Ms3WUGLK6yKJ1TMQO3wZ2BzEExi94GS9TFKEYEF95oTwEjdua-Xvppru_HyEIZ7-lMuN.jpg?quality=95&as=32x28,48x42,72x62,108x94,160x139,240x208,360x312,480x416,540x468,640x555,720x624,1080x937,1280x1110,1440x1249,1477x1281&from=bu&cs=160x0",1
4c557b2352f4e6d84d4aeea6de115892.jpg,"https://sun9-14.userapi.com/s/v1/ig2/TwIaI3oK26IS0qGuvgZLbIDUUGUkDQlVFxMazzpB5E4jEAnzdaGGC_fULM8V2cQzSmnJGjGHpWI6zKycgn4YlpTy.jpg?quality=96&as=32x32,48x48,72x72,108x108,160x160,240x240,360x360,480x480,540x540,640x640,720x720,944x944&from=bu&cs=160x0",6
0aee5d41ae6493bb85c00c822607ef87.jpg,"https://sun1-28.userapi.com/s/v1/ig2/uRpCLNGnfLLqxrn9NGuLhqQRkOHBGDdVBydEKLMgkLYYa3zUR3aOotUpb2gq6AiYRPLEK85RbgA_fGCWOp_PAhzx.jpg?quality=95&as=32x45,48x67,72x100,108x150,160x223,240x334,360x501,480x668,540x751,640x890,720x1002,920x1280&from=bu&cs=160x0",2
5f0096e51cd7ac071fe0f2af01530010.jpg,"https://sun1-13.userapi.com/s/v1/ig2/5wNZfquHEZ0GHpq9eKLKqgbVKz7MSFHVeUfvcSeVTMUaJqkgZgAIeJx8fRvZc1T9MtZqaOt5IS7KozXphqpsaCuN.jpg?quality=95&as=32x40,48x60,72x90,108x135,160x200,240x300,360x450,480x600,540x675,640x800,720x900,1080x1350&from=bu&cs=160x0",4
d1c6fa40be544b10e5d22b68f01b9da4.jpg,"https://sun9-58.userapi.com/s/v1/ig2/xhWNHAkM4v7hdBVsF7QeZHn3wMm3R8xniE7Nx-4fxpKS7vKm2bH849cVIa-XORs2Vww8sXVroyP8G5G-_KTwnLxC.jpg?quality=95&as=32x46,48x68,72x103,108x154,160x228,240x343,360x514,480x685,540x771,640x913,720x1028,1080x1541,1280x1827,1320x1884&from=bu&cs=160x0",6
4fbee20e708b3ccc096071e5b13c0521.jpg,"https://sun1-20.userapi.com/s/v1/ig2/NYqlfMU5rpj06nBeuAKd7oJlZ6GMFPO3Jw5qmCfUO_7Pr9XL9kw9Wo70sOufc2HZ1qxKbMcmwKirj4LhuPAIR9K8.jpg?quality=95&as=32x32,48x48,72x72,108x108,160x160,240x240,360x360,480x480,540x540,640x640,720x720,1080x1080,1280x1280,1400x1400&from=bu&cs=160x0",4
433cf91b6be012186c6fda260598668f.jpg,"https://sun1-93.userapi.com/s/v1/ig2/JOrY39dRsNJl6xEIdiw8s4sE2QY5ujvZF-bXPZJ_GMBX95JIrquOw7XKH19nfx4AOF4CGTkJp8Dg7DB30HivLHrV.jpg?quality=95&as=32x40,48x60,72x90,108x135,160x200,240x300,360x450,480x600,540x675,640x800,720x900,1080x1350&from=bu&cs=160x0",4
b30f2b966d14f815522bf165fe3f8e22.jpg,"https://sun9-58.userapi.com/s/v1/if2/WgxCE3KqvdFW4GZP0cEmAbFJ5nHBTI7OCQ25IZRGHK3V69OavrFHtAOb669UDaBGnKIXAEYsLmwmEfXDm4W1ChYK.jpg?quality=95&as=32x24,48x36,72x54,108x81,160x120,240x180,360x270,480x359,540x404,640x479,720x539,1080x809,1280x958,1440x1078,1477x1106&from=bu&cs=160x0",1
acf5e7a2b5e7a073c8c4eb8b25ecf506.jpg,"https://sun1-14.userapi.com/s/v1/if2/iJl33RtRYjk2YDu4lRxBIpqMbkttPul9ab4Hdpw6b8ekns8EPWNqGPx3ykcuHhfjN4OjTdT3lD9JU76kERa5jZul.jpg?quality=95&as=32x21,48x32,72x48,108x72,160x107,240x160,360x241,480x321,540x361,640x428,720x481,1080x722,1280x856&from=bu&cs=160x0",5
626199b79305eb3cd15098917fbec019.jpg,"https://sun1-96.userapi.com/s/v1/if2/E6M3rPeY9VFom1NgzvUjVsR9SixKyKSWTw9lGcONMA2aTy6iWrpD4q1ycM0dW0P48rnuIlr1tF4Qx7C1cb6_lHJo.jpg?quality=95&as=32x24,48x36,72x54,108x81,160x120,240x180,360x270,480x360,540x405,640x480,720x540,1080x810,1280x960&from=bu&cs=160x0",5
a7d79e31ed6bfadeb593e7de54e3388f.jpg,"https://sun9-85.userapi.com/s/v1/ig2/PqSm9RU3vjR_H_jpCpjuWg2uvIMoE6O2jZ657O99zNX9g7IYi6_1B-m2ICyDWDYydE78leJxn3xHYQWg8pjIxhJV.jpg?quality=96&as=32x43,48x64,72x96,108x144,160x213,240x320,360x479,480x639,516x687&from=bu&cs=160x0",6
b62318f930297a0beeae01ef62dc80a0.jpg,"https://sun1-21.userapi.com/s/v1/if2/-Bot0ocExF5pdNl3FHbbwCKnResJzM1WRNFKdgigo2vX6x_vzEuLBp9HOYYRHdxBtEQ6nuGcP3w37kvBz1mr9Hjp.jpg?quality=95&as=32x13,48x19,72x29,108x43,160x64,240x96,360x145,480x193,540x217,640x257,720x289,821x330&from=bu&cs=160x0",5
6c7cc3592be916168f14650617fc2ed7.jpg,"https://sun9-32.userapi.com/s/v1/ig2/Skm8X5EIvK-o81BIciS5kLuZLb3LKcYl6H0PzG3xQhbZpoTjDeyhOuUz2iqO1DDzYMGSnPw1N6gMeKDBRA6WkkLp.jpg?quality=95&as=32x32,48x48,72x71,108x107,160x159,240x238,360x357,480x477,540x536,640x635,720x715,830x824&from=bu&cs=160x0",3
b92486efc1d920244ac28a1056776c6c.jpg,"https://sun9-23.userapi.com/s/v1/if2/s3oscrCrNvIgyMsIlaLsXtgn_xVGoiiH0B41dN9rHL9ScZWxljmuljE7TpyF2K3lmnR7Ky6ujSdU5VP6k_b_W8xW.jpg?quality=95&as=32x27,48x41,72x61,108x92,160x136,240x205,360x307,480x409,540x460,640x546,720x614&from=bu&cs=160x0",3
854b9ea18481a60475b956c9a606ac6d.jpg,"https://sun9-14.userapi.com/s/v1/if2/w5kjaMGSSdGiKTzQ-SetYtuJwPWyJwi7s9iL2Qn5iMRvewJEulOQYrBy-uQEkhhC9NLHbGikNyO2ZE4YrYWjm5PM.jpg?quality=95&as=32x18,48x27,72x41,108x61,160x91,240x136,360x204,480x272,540x306,640x363,720x408,796x451&from=bu&cs=160x0",1
9173693b7b39a73e6fc13e79878e4a82.jpg,"https://sun9-64.userapi.com/s/v1/ig2/-fI6yq1RS0Kp8Tu7dB0ZNQeT7JjgyA6JIqd1cklvGxnbcZoBq7jCvuAp7Ao41VSgRXcECsu49XvvDuwYVlSp10K8.jpg?quality=95&as=32x32,48x48,72x72,108x108,160x160,240x240,360x360,480x480,540x540,640x640,720x720,1080x1080,1200x1200&from=bu&cs=160x0",0
a2ae8e167877b239b3937927ae5ba221.jpg,"https://sun9-40.userapi.com/s/v1/ig2/-8B_R7GHQQKJB-IL1ikMyZEQ3NJAR-Hbn53DZNsVk0jt_swPWG8b1JTNSttZBxLPDPvsAv4voH71sagnU-MYz8q5.jpg?quality=95&as=32x32,48x48,72x72,108x108,160x160,240x240,360x360,480x480,540x540,640x640,720x720,1080x1080,1280x1280,1440x1440,1800x1800&from=bu&cs=160x0",0
b3b6eab4f4ca05fad842e3a8a96ae232.jpg,"https://sun9-53.userapi.com/s/v1/ig2/ELRz1I6-z0_j4tCIqrIhWTcYuXhBf1A_rdpjzXAk8jLnsM2GjdY4OtjjW3g7eAlSmoXYVxEGMVYnRc4XAyrkc_k9.jpg?quality=95&as=32x32,48x48,72x72,108x108,160x160,240x240,360x360,480x480,540x540,640x640,720x720,1080x1080,1200x1200&from=bu&cs=160x0",0
349a4582510b69aedb291e5f3a81facb.jpg,"https://sun1-92.userapi.com/s/v1/ig2/MH-fNIuyIKWxsUqOA-yuu8L1ZRDl0xA_z8YLIIfVp1uGpaJp1JHIZK3I7eQgsFoMudHjhf_47GDSXGRCpB5jaZmv.jpg?quality=95&as=32x40,48x60,72x90,108x135,160x200,240x300,360x450,480x600,540x675,640x800,720x900,1080x1350&from=bu&cs=160x0",4
92ad211784abc3b02bdb06a5ab91b836.jpg,"https://sun9-88.userapi.com/s/v1/ig2/jSSXMn6004su4dOYpmFf58F-DPdQaooj57swfS6u1fWSwbFsmiDSzKFQWaTpTga5zM18DtmaRj2iAwvZzPuSIKMn.jpg?quality=95&as=32x32,48x48,72x72,108x108,160x159,240x239,360x359,480x478,540x538,633x631&from=bu&cs=160x0",3
03e0704636bd74d04f47099691d92609.jpg,"https://sun9-84.userapi.com/s/v1/ig2/zx3hZjq1dtygo2zMAT6K0f_TL8H7YjTC5jHKHVWhwNgdjIKiV1E_OT15aD_LaW2WywvugxZgBEOR0LNuuTyIbOI2.jpg?quality=95&as=32x32,48x48,72x72,108x108,160x160,240x240,360x360,480x480,540x540,640x640,720x720,1080x1080,1280x1280,1440x1440,1800x1800&from=bu&cs=160x0",0
f82d46689dd1be25ca4bd06efb44b427.jpg,"https://sun9-28.userapi.com/s/v1/ig2/vQeJLifNNEJywahYLFfCVXvt1LU7-43Ly0F0eXgfSs0ZV4o-U5fduDFZPZFzGWMUuye-PtFXuGhCnfT5zn-4oPCl.jpg?quality=96&as=32x42,48x63,72x94,108x141,160x209,240x314,360x471,480x628,540x707,640x838,720x942,891x1166&from=bu&cs=160x0",6
7d810973e473e18b2475b35bb66e08a0.jpg,"https://sun1-15.userapi.com/s/v1/ig2/jRThDts6JNc4jcLWPUepN946w8ajRW7FQFhN-sWGNZODkJMBgdyzsqnt_jX69f1uL_1NbdWmbp363pESmA9DJqXF.jpg?quality=95&as=32x32,48x48,72x72,108x108,160x160,240x240,360x360,480x480,540x540,640x640,720x720,1080x1080,1280x1280&from=bu&cs=160x0",5
16cb55364c7d6bc78a24f4979bb3cc39.jpg,"https://sun9-61.userapi.com/s/v1/if2/lxYDx5g9_F6iEHgNiXE4xMSM7-BfS0R0XBYXawPqO4UcHcOYNmPUD59qREhJdKS85VLOGmvbbGQNi4wj9LwvawmF.jpg?quality=95&as=32x21,48x32,72x48,108x72,160x107,240x160,360x240,480x320,540x360,640x427,720x480,1080x720,1280x853,1440x960,2560x1707&from=bu&cs=160x0",0
2c188d2817af1bed73604cf21fc53f1d.jpg,"https://sun9-65.userapi.com/s/v1/ig2/3nAwx49Pwr4R2LM3-tbOgnM2z8Ld4N54s00L0GlMhv_mLXiyr1ppm6l-azdEqeoUhTozGsq0i3uBahj8FbTjZyiX.jpg?quality=95&as=32x32,48x48,72x73,108x109,160x161,240x242,360x363,480x484,540x544,640x645,720x726,1080x1089&from=bu&cs=160x0",1
128b805f791c0962dc00fec2fbf7b260.jpg,"https://sun1-89.userapi.com/s/v1/ig2/3wMDWZUH16gaPwvzySOLunF3z0a505SG5ubKUQ6SSta9YowWeUCS22Q0fmSpvWEZdOi1GSvG_1CtmpOPrcRrws9J.jpg?quality=95&as=32x43,48x64,72x96,108x144,160x213,240x320,360x480,480x640,540x720,640x853&from=bu&cs=160x0",2
b1e8a9e0bbea24b8b1cb0acaf6e319d2.jpg,"https://sun9-65.userapi.com/s/v1/ig2/WDZXnnHqBAJzHvVCbwLTZ2IHbrZBbi-PpPKKEZfD8lBQ2wzutlTO3cFCrmtzsb1mp64T8yvT5lGszrG5t62AFfkO.jpg?quality=95&as=32x32,48x48,72x72,108x108,160x160,240x240,360x360,480x480,540x540,640x640,720x720,1080x1079,1280x1279,1440x1439,1801x1800&from=bu&cs=160x0",0
c86627f966e5bdc0416eeff1da8abff4.jpg,"https://sun9-27.userapi.com/s/v1/ig2/qA7cCXERreWWMv6JsJt460QsO110egTLEr8Z59WR3krzwt2iG_QSP22NQ1pgI2iwBlcVzZ0sRKSuAek_uFeR9tm1.jpg?quality=96&as=32x43,48x65,72x98,108x146,160x217,240x325,360x488,480x651,540x732,576x781&from=bu&cs=160x0",6
ce05f909d2b8cdd81a43ffcb60787bf4.jpg,"https://sun1-29.userapi.com/s/v1/ig2/PogUkNxRqLUoG40jG_AHBD4oezVZcEELC3GN-yLuE94cFWwKSF6hs8YmDd_UxVvzH_gFHgbTwEf-bAPnmE20TcLb.jpg?quality=95&as=32x48,48x72,72x108,108x162,160x240,240x360,360x540,480x720,540x810,640x960,720x1080,1024x1536&from=bu&cs=160x0",2
59b127c28f4b27719cf422d1ec3b7e1b.jpg,"https://sun9-61.userapi.com/s/v1/if2/kyvleitQGjeuArus44mH6o7XfD6NzcWTs06OG9Cpb4AzoIgedRAGNxO2pKGTnntpUbBfPMrV62A-GBINeE1n0WIT.jpg?quality=95&as=32x22,48x32,72x49,108x73,160x108,240x162,360x243,480x323,540x364,640x431,720x485,1024x690&from=bu&cs=160x0",1
834d5a1fd217fb3d7d7b3c6c2982c5d9.jpg,"https://sun9-53.userapi.com/s/v1/if2/2KvMH1Ep4_H2WyQFNbD96MHQlU71ifm8OrYSg2Igj6LrZD04YNNapfsUqT7vM43NKgwyCw_BvCy2CJie9qicPHIP.jpg?quality=95&as=32x22,48x33,72x50,108x75,160x111,240x166,360x249,480x332,540x374,640x443,720x498,887x614&from=bu&cs=160x0",1
20f6e9891063835ef838faaedfd025f7.jpg,"https://sun9-10.userapi.com/s/v1/if2/dQvu-q3RTTvDb3P9EVlG6CLX7JjsGEY36W3zq8brzoNALl2AxgMhLFAiYMBn5y6wDas-8xjpgNf1HuTb_XAMYrck.jpg?quality=95&as=32x23,48x35,72x52,108x78,160x116,240x174,360x260,480x347,540x391,640x463,720x521,738x534&from=bu&cs=160x0",3
63866e4048f0bfd326dfb4773ea62647.jpg,"https://sun9-12.userapi.com/s/v1/ig2/crV3aP9-XGtIkCBUJ6qXVmUu90NIAtNkXL7_LCPQeRxJjlhyQUME2kVtYgvdBuvF6PdcLxybrZO_rbLTUCjko7dU.jpg?quality=96&as=32x32,48x48,72x72,108x108,160x160,240x240,360x360,480x480,540x539,640x639,720x719,1074x1073&from=bu&cs=160x0",6
3cd7a6f931466ea361616e0f030ba7fb.jpg,"https://sun9-16.userapi.com/s/v1/ig2/3QbVrGr7xFyVNnCp6FZyH8_jT2z8DwNiMd0Xc-D5pYlouwIO8kAD7GqgzqDsXJvXHKNFZPEglhJ_Ci4yzmcD4U3D.jpg?quality=95&as=32x32,48x48,72x72,108x108,160x160,240x240,360x360,480x480,540x540,640x640,720x720,1080x1080,1280x1280,1440x1440,1800x1800&from=bu&cs=160x0",0
d66d4a2c0ee8fc7c394de412c19d145a.jpg,"https://sun9-74.userapi.com/s/v1/if2/wRs10Sj8B5zCXbd08fEQkgZvF-xPfa_ITF76CaEdGTaTlJU_Pg0sAUkBAeaki2bNEcxtvhj8dBb6PgbgLCAkqmte.jpg?quality=95&as=32x27,48x40,72x61,108x91,160x135,240x202,360x303,480x404,540x455,604x509&from=bu&cs=160x0",3
602af317fb5d37de430e1ff09f7fdfb9.jpg,"https://sun1-16.userapi.com/s/v1/ig2/5rYqXEzBzwvqezTiA4Bw_NHlVDhdu5ioRY8YrXQuFiSnS0rmUy9ZOiDo4piQgnFWuspYO7Od_98L5zzTIcMKkg7d.jpg?quality=95&as=32x46,48x69,72x103,108x154,160x229,240x343,360x514,480x686,540x771,640x914,720x1029,1080x1543,1280x1829,1440x2057,1792x2560&from=bu&cs=160x0",5
c28527eea42821d6a164e6295b948952.jpg,"https://sun9-68.userapi.com/s/v1/ig2/HMjiJhQ6v1VKO7W1_uBG03NhoQ2iNYKyInMB9jT5XP1B1usiT5HJn6LInId6FBAP-W1AjKdYB3lYw0f4d1Tdtz9j.jpg?quality=95&as=32x32,48x48,72x71,108x107,160x159,240x238,360x357,480x477,540x536,640x635,720x715,830x824&from=bu&cs=160x0",3
38b7be0c241d4b858aaeee7147e699e9.jpg,"https://sun9-76.userapi.com/s/v1/ig2/fBqwmhI5_gDQ8IsNDBwNCzg3O9AEJWjUEel9d_DJEVf7gAv_GJ82IQfTBknjk9wzpPK1QU4jeKV_vew14uC9vavV.jpg?quality=95&as=32x32,48x48,72x72,108x108,160x160,240x240,360x360,480x480,540x540,640x640,720x720,1080x1080,1280x1280,1440x1440,1800x1800&from=bu&cs=160x0",0
e81769471ffdcf16c5a632d9d7fb4433.jpg,"https://sun1-56.userapi.com/s/v1/if2/ErV0SiZUsDfOXrhQ-D8JwZhpzu1-jT1xo9-mRIpVf63O-S-sfEcbHj2cujLT1W00ZXe0G6Kux8WJjjZ8ZJcInd9p.jpg?quality=95&as=32x18,48x27,72x41,108x62,160x92,240x137,360x206,480x275,540x309,640x367,700x401&from=bu&cs=160x0",4
4d3e7ca7f3f81900eb823a56715d8060.jpg,"https://sun9-49.userapi.com/s/v1/ig2/o8a4FaYz9lauUZRIJsnUXUqwGcUN9tus6CVKATC9NinH8Srq6wLXg82UgvZ14HMtDC5uExKnfRidFBKLFEOXzYNV.jpg?quality=95&as=32x32,48x48,72x72,108x108,160x160,240x240,360x360,480x480,540x540,640x640,720x720,1080x1080,1200x1200&from=bu&cs=160x0",0
87dcf5ea36765c08286029a4f071a86a.jpg,"https://sun1-15.userapi.com/s/v1/ig2/JgLFBeAYG8BRc4ipM5G4r7X3_4-1VLQabUlO04tAlRje_CUqXGrKbTNU2Ftb0e6L1XeApUYzGcyHbCbDb-KKIP57.jpg?quality=95&as=32x40,48x60,72x90,108x135,160x200,240x300,360x450,480x600,540x675,640x800,720x900,1080x1350&from=bu&cs=160x0",4
59ed969668c3bb2f9cdb2668b9331761.jpg,"https://sun1-14.userapi.com/s/v1/if2/VQP60BKxz2lWtmOSL8iHzTqdabYt0Vwq6TGXeuwFTo8icoVW8VHsH_3UeN3fKFeDyCPH4LhLPOE3LbJ8pp_17DHL.jpg?quality=95&as=32x21,48x32,72x48,108x72,160x107,240x160,360x240,480x320,540x360,640x427,720x480,900x600&from=bu&cs=160x0",2
febccde21a4697eaa0e59b2d0001f6c5.jpg,"https://sun1-21.userapi.com/s/v1/ig2/c2wy7xpHMh4hgLc9hUxhfPBI_N847_643CRhyPsinoxL-lwwRTG-PlvDpIyNzUlB7Ju6dFZyR7LxcItJAODWwLuX.jpg?quality=95&as=32x43,48x64,72x96,108x144,160x213,240x320,360x480,480x640,540x720,640x853,720x960,960x1280&from=bu&cs=160x0",5
eff909ffef1ad462048996a9ec11cf8e.jpg,"https://sun9-53.userapi.com/s/v1/ig2/bel2XfAIHR5Ph2TV-2CQlIynLbiT1T5wxNPir5JjahJO1lWDyeZnJtQf3h08gOLsNayjJ73t_ysoT_x7iRLGZbuv.jpg?quality=95&as=32x32,48x48,72x72,108x108,160x160,240x240,360x360,480x480,540x540,640x640,720x720,1080x1080,1280x1280,1440x1440,1800x1800&from=bu&cs=160x0",0
272ed0d3bedb55c0aea260b73adfd89e.jpg,"https://sun9-31.userapi.com/s/v1/ig2/iosnHnX-L996WuyIkz_Qq7LBP-SN5siuKsRZzwWrgtfDQXa1R7iEahHVMecY2ALn98llzTS1vouWOcyoiTe_05yq.jpg?quality=96&as=32x35,48x52,72x78,108x117,160x174,240x261,360x392,480x522,540x587,640x696,720x783,1080x1175,1280x1392,1440x1566,1587x1726&from=bu&cs=160x0",6
bfb0c04da58225c4e019032e2b130f45.jpg,"https://sun1-55.userapi.com/s/v1/ig2/NqwdL2FYUO2IPcdf9pEdXDe8Ul4IKy1Q5u5rHIsrEXTDF_LnVOqke4rd2WyRtzf-57l8TAQX-nwa_Y4dmYOSvNdg.jpg?quality=95&as=32x34,48x51,72x77,108x115,160x171,240x256,360x384,480x512,540x575,640x682,720x767,1080x1151,1280x1364,1440x1535,1886x2010&from=bu&cs=160x0",4
e72033264ce6d9bb2a7f7f36de59ad56.jpg,"https://sun9-34.userapi.com/s/v1/if2/6kujt-1IkHrOIaOd7lbER5IkZR2W8LUoFcbG__2_E3hF7GbCRTiGbVEtujHKhR2pDhL6kHv8gZ_CJl0WtH3igFwy.jpg?quality=95&as=32x29,48x43,72x65,108x98,160x145,240x217,360x326,480x435,540x489,640x580,720x652,1080x978,1280x1159,1440x1304,1484x1344&from=bu&cs=160x0",1
f88e72f2ccba893be59219662f8a0912.jpg,"https://sun1-28.userapi.com/s/v1/ig2/4tX-9trpoJiZkF866GpCw16L4UvhFyr6Z0xj-dEtaI0S82h2gKOdtI3FIxnLpzIJdRFJMvB5b0psvKuV2ypT_CFM.jpg?quality=95&as=32x32,48x48,72x72,108x108,160x160,240x240,360x360,480x480,540x540,640x640,720x720,1024x1024&from=bu&cs=160x0",5
4b075bd836290e54dfe724a3be7f5560.jpg,"https://sun9-41.userapi.com/s/v1/ig2/-fg5hcdhVn6wuIJAAsFjLY_XSIe-P6_1w4E5H6KpKHaDiDF-eaW-10ycZOyQhxgwkENdEeCwkXqSnqNxfxvEe2UM.jpg?quality=95&as=32x32,48x48,72x72,108x108,160x160,240x240,360x360,480x480,540x540,640x640,720x720,1080x1080,1280x1280,1440x1440,1800x1800&from=bu&cs=160x0",0
59baeeb5f401ddcd1bb02e47bd00d76f.jpg,"https://sun9-36.userapi.com/s/v1/if2/YJAtQvJ1I_rsnUFEZ2vKC4RYcUHh7XVbfBAumY8xTzHPKmBos3zmBfbEG40hj6_jEkMJSZBh9RjxLCCbyf88oenL.jpg?quality=95&as=32x18,48x27,72x40,108x61,160x90,240x135,360x202,480x270,540x304,640x360,720x405,1080x607,1200x675&from=bu&cs=160x0",1
ffad1dbee578dcb26ea77f518848dfc9.jpg,"https://sun9-79.userapi.com/s/v1/if2/jEza78eAsQMDInmSUBOE_fSuj6vOkaBz2dlYD_Rsk2sjMR1NbA_4Us0ZcM3piXsHeBS3ppIIzIDrh3M0iTJKT-Dp.jpg?quality=96&as=32x21,48x31,72x46,108x70,160x103,240x155,360x232,480x309,540x348,640x412,720x464,832x536&from=bu&cs=160x0",6
226da8006eaba388b04d420ee0d29fb4.jpg,"https://sun9-29.userapi.com/s/v1/if2/px5T6Vv09MvRduLLeoKgdhubu_bEku4K0f-VfYJSr0470zOHwLKzUa7CNfe2i2aRh6CniY6fubVVjC9V10tpjg8w.jpg?quality=95&as=32x28,48x42,72x63,108x95,160x141,240x211,360x316,480x422,540x474,640x562,720x632,830x729&from=bu&cs=160x0",3
8900feff16a6f4dd4960a8627f2ffb0d.jpg,"https://sun1-90.userapi.com/s/v1/ig2/e_L_AesAnGJUT38FLa_9VT4MjY6U00w5u0I5RmrjDbJQy4igLtm1DRudmTY12WSMFBPtZf84QKVlSomJ9f1b79xr.jpg?quality=95&as=32x50,48x74,72x112,108x168,160x248,240x372,360x559,480x745,540x838,640x993,720x1117,750x1164&from=bu&cs=160x0",5
f2aa95b29e23ab55e0835e568490fbf4.jpg,"https://sun1-96.userapi.com/s/v1/ig2/4E1uthQGBN15cgDDFcYMNBIy-bNVRM0SeFuwscMyfYnOIJxkUN2FZgBEvRF0nmr5AxIem0z_oGma2qgQXhuY5P19.jpg?quality=95&as=32x32,48x48,72x72,108x108,160x160,240x240,360x360,480x480,540x540,640x640,720x720,1080x1080,1280x1280,1440x1440,2560x2560&from=bu&cs=160x0",0
c90d5263ab6a23548df3596c13c112bd.jpg,"https://sun9-63.userapi.com/s/v1/if2/olpgp4YAerksEVb0WWf0lUMvZZDtDi3XGYJOFR90TDyRWZZatYMHtAXutaR8FRUDkGrdRltuat35Gh0qqJ4h_li0.jpg?quality=95&as=32x28,48x42,72x64,108x96,160x142,240x212,360x319,480x425,540x478,617x546&from=bu&cs=160x0",3
9ed568d0687acef010d42e42a8a8810f.jpg,"https://sun1-56.userapi.com/s/v1/ig2/LT1gl9rKjGtcWYnJK8nY3sOhthYQe43432BUnOLk92H9eW3Yu-G_U8yaBvyqhzTceG3wFklAXTZ3xKnymFLTgkNf.jpg?quality=95&as=32x32,48x48,72x72,108x108,160x160,240x240,360x360,480x480,540x540,640x640,720x720,1024x1024&from=bu&cs=160x0",2
476a5c22c23fb4ae288827659a4251b5.jpg,"https://sun1-13.userapi.com/s/v1/if2/b_myKRlnQs0H5Nz8HMMyobAqArJMx5zK1dwcG9S4T_QWNhM2CoGOp7XPT3q3bNX4oVERc_zMf8G8Hrhn7oufHF38.jpg?quality=95&as=32x31,48x47,72x70,108x106,160x156,240x235,360x352,480x469,540x528,640x626,720x704,1080x1056,1280x1251,1290x1261&from=bu&cs=160x0",5
23d84a8c53fc75623dbdc90da68d914a.jpg,"https://sun1-19.userapi.com/s/v1/if2/y_qUh7uuhUsBQrjIXpfMEf0UaPgJ7FuQoeOpxsv1db0l07ZdziwnOcIuHwygiA8l205KjGEHK23w5VMJJF0zcogM.jpg?quality=95&as=32x31,48x47,72x70,108x106,160x157,240x235,360x352,480x470,540x529,640x626,720x705,1080x1057,1280x1253&from=bu&cs=160x0",2
56bbb31c409ab1959a89b8c8de0855b3.jpg,"https://sun9-19.userapi.com/s/v1/ig2/Fewepqmoy6z1vMnmy_84cWwp36bIsmJP8Z0j15dtpRYNAfGSKP5Uabh8ZkuDj4cNHGbV_MSFaTIP48F43dGZ012H.jpg?quality=96&as=32x35,48x52,72x78,108x118,160x174,240x261,360x392,480x523,540x588,640x697,720x784,1080x1176,1280x1394,1440x1568,1482x1614&from=bu&cs=160x0",6
064ef0ff94847894f857dea58a0a79ea.jpg,"https://sun1-26.userapi.com/s/v1/ig2/SoMmU3YkkxsNMKfp3yoVEfY71Tuioc_JtziH3sLY8dd6siBKYSyW9PL8_VvpPKT3LeKzjoWacXOF4NeJeLmSgJVZ.jpg?quality=95&as=32x32,48x48,72x72,108x108,160x160,240x240,360x360,480x480,540x540,640x640,720x720,1024x1024&from=bu&cs=160x0",2
4457186f280ce3a18ff8d160b8eaa436.jpg,"https://sun1-22.userapi.com/s/v1/ig2/jwIjX4oLMcl2Zko0CXCuIjS7_FyPGp7pM0pKrFazlb4iwK6gbEHZCj4BMh2zAwPrzfxnrE2zIVE23MeeTqPaqMH4.jpg?quality=95&as=32x32,48x48,72x72,108x108,160x160,240x240,360x360,480x480,540x540,640x640,720x720,978x978&from=bu&cs=160x0",2
7f30ac8a590c4f59fcf77dd83c10cc7f.jpg,"https://sun1-24.userapi.com/s/v1/ig2/y_RmQEQq6ISffOO8t2nzougMHvGlga7oehpKRMyZgna7EMe5PYVrJlqJhf0Cpa053z1L94K4AHoeP8T6SW7DU1fA.jpg?quality=95&as=32x32,48x48,72x72,108x108,160x160,240x240,360x360,480x480,540x540,640x640,720x720,1080x1080&from=bu&cs=160x0",5
ac86a90d6a253aff75689bd67e79827f.jpg,"https://sun9-56.userapi.com/s/v1/if2/1GU2Xj61W7BCixbVJ_BpAGDaNfTB0Z0wTVVAfyroIv8-k7LpSODlki523tdUbdFvDWgGjM21AdyFuL0QgLGYWpzC.jpg?quality=95&as=32x24,48x35,72x53,108x79,160x118,240x176,360x265,480x353,540x397,640x471,720x529,1080x794,1280x941,1440x1059,1492x1097&from=bu&cs=160x0",1
11337419ca17a3db14b648005eb64eb7.jpg,"https://sun9-62.userapi.com/s/v1/if2/EjmSJPMjU11fNvAcrP1WGBIrCw0aULsGpw5mgwTW0AH_VNsY0i1WXp--2tEEqOVFRTT9HUpaMOLb_BS2qcukm2rX.jpg?quality=95&as=32x28,48x41,72x62,108x93,160x138,240x207,360x311,480x414,540x466,640x552,720x621,1080x932,1280x1105,1440x1243,1468x1267&from=bu&cs=160x0",1
82842b5927f3b9943c90c03c4c5bd373.jpg,"https://sun1-85.userapi.com/s/v1/if2/Kzu6E2-GXPS0IS6T7IOozfsdXkhkhRSgZ1IFjF9kdyFthuSXiw_tTkwyRCaNScui7Je2eUNRbAMzsfMY8rSYpKus.jpg?quality=95&as=32x24,48x36,72x54,108x81,160x120,240x180,360x270,480x360,540x405,640x480,720x540,1080x810,1280x960&from=bu&cs=160x0",2
de55f152ab9644761fecb47c23501d3f.jpg,"https://sun1-27.userapi.com/s/v1/ig2/uHRVUedtkmrFYmaywaRlIehNaIMuP8-0MRxJY1Ate-_uyHDxeqbwWC4VGwi5XZCxDNlb6mowcWyF4qNtzMmjYmlr.jpg?quality=95&as=32x43,48x64,72x96,108x144,160x213,240x320,360x480,480x640,540x720,640x853,720x960,1080x1440,1280x1707,1440x1920,1920x2560&from=bu&cs=160x0",5
0980371a4dbe37e659756af040a301f6.jpg,"https://sun1-15.userapi.com/s/v1/ig2/J0jou4hSIp6xRH3HBQ3uDE3GWOdvQ6b4IJyGkDFr3gJW5b9Fs4SUqUH96c8ZDYhtrglEOXYhM5zgje3rVi835QEE.jpg?quality=95&as=32x32,48x48,72x72,108x108,160x160,240x240,360x360,480x480,540x540,640x640,720x720,1080x1080&from=bu&cs=160x0",5
e0ffcb5a03ab5ede0875abea70860ddc.jpg,"https://sun1-14.userapi.com/s/v1/ig2/gYaS770homoX2iJyJTdxZsxlA323SB3V8s0XJOdJU4UTc4sVe_ROQ7xxSKHrGBrqWwAV2MY78nJBkBoU1cSCsT8M.jpg?quality=95&as=32x32,48x48,72x72,108x108,160x160,240x240,360x360,480x480,540x540,640x640,720x720,1080x1080,1280x1280,1440x1440,1800x1800&from=bu&cs=160x0",0
4a18c1640349ecd10ec7504b16ebf169.jpg,"https://sun9-6.userapi.com/s/v1/if2/EvBpXyeKYy0skbxpeFLTFx7_KkDptdj9alkIOXZnS-Zr3P8duklyfUqY84UKPehIHy9SFgO08RpvGjZtYOdH1exs.jpg?quality=95&as=32x31,48x47,72x70,108x106,160x156,240x235,360x352,480x469,540x528,640x626,713x697&from=bu&cs=160x0",3
f3e44732092e817602c8ae6277213a80.jpg,"https://sun1-16.userapi.com/s/v1/ig2/AYKEKx9W3VKLf8dtCmmhfvHSF3Sp541pZMXE6GqqgmPUrtDRtT_AZHZyzG4yqgwV4QkLBswbnoS6ANtFz7p5vaYW.jpg?quality=95&as=32x32,48x48,72x72,108x108,160x160,240x240,360x360,480x480,540x540,640x640,720x720,1080x1080,1280x1280,1440x1440,1500x1500&from=bu&cs=160x0",5
a1c996ed80eb23cc28565464639327b6.jpg,"https://sun1-98.userapi.com/s/v1/ig2/i8yGdWwH7IdTBWjQfEqk3WvB3Z3hspFpeLBBPjFo4lb6ULKx0RydTE_y1EdI6_f6CyfenTGtZQio6_E5eJ5zlj37.jpg?quality=95&as=32x32,48x48,72x72,108x108,160x160,240x240,360x360,480x480,540x540,640x640,720x720,1080x1080,1280x1280&from=bu&cs=160x0",5
945a892848fefb182d8141c416798c06.jpg,"https://sun9-8.userapi.com/s/v1/if2/IShpTBIRKNlmiAMybNHFHtVKqAAGIvO8tcBn-9C5nfWyktWqDJH5xNyoGB-beoa1Bcr3kQvy2nRnYl6jZN8P4oVJ.jpg?quality=96&as=32x21,48x31,72x47,108x70,160x104,240x156,360x234,480x312,540x351,640x417,720x469,842x548&from=bu&cs=160x0",6
ca93b6800c580671fc5ea28c3c0aaee6.jpg,"https://sun1-96.userapi.com/s/v1/ig2/h8U27Hb2qKey8NIJcUfh3HEAD83FosRAKxju4rtgSzQE_SutWpS2-XQeKYxqCGA5UWerFQTP2qwqUDh0QiLO3dIw.jpg?quality=95&as=32x42,48x63,72x95,108x143,160x212,240x317,360x476,480x635,540x714,640x846,720x952,785x1038&from=bu&cs=160x0",2
40d5fa7090af2a48dd8e0f3ccc2173d0.jpg,"https://sun9-43.userapi.com/s/v1/if2/5y4uCLgulio9Kxfz0Mf66QYzqIyXZLINlD7zy5Ng-nLzWbXSRdZT1JaJxdllRsyHS2syQu5jcyx9I_f8sfRrQixN.jpg?quality=96&as=32x31,48x46,72x69,108x104,160x154,240x231,360x346,480x461,540x519,640x615,720x692,1080x1038,1176x1130&from=bu&cs=160x0",6
1209cb1945af05a0d3577fae1996dd97.jpg,"https://sun9-87.userapi.com/s/v1/ig2/g8UXmDpyL6Hk4ya7ddI3JIm4z7prf_iARFWRYyz3tnCyVPJ57BQFGxV9L5EQX95A23KZb2oU2qnJY0FExbUIuixD.jpg?quality=96&as=32x35,48x53,72x79,108x118,160x175,240x263,360x395,438x480&from=bu&cs=160x0",6
a4adf459f3617a5928e83b57d2c4f532.jpg,"https://sun1-14.userapi.com/s/v1/ig2/KPdrG45OP79Z4Kbvqs2AhbNPsP93RsB-pvjvAuTXPc9Gn1YsYlC1T0B-uSIukvOwisSKw2P-1putbKfIAmQqd269.jpg?quality=95&as=32x38,48x57,72x85,108x128,160x190,240x285,360x427,480x570,540x641,640x760,720x855,1078x1280&from=bu&cs=160x0",5
932f5550d0782be22957d7844ba8cb7d.jpg,"https://sun1-57.userapi.com/s/v1/if2/acp0K1kLiP8RgF355GLXG8-_IuKtY0VUvSCQHHWZ4qjr8Urm9ECjy7WH-HVoBbeKHH_5qHmChTHoltSoOk646s-2.jpg?quality=96&as=32x25,48x38,72x57,108x86,160x127,240x191,360x286,480x382,540x430,640x509,720x573,1080x859,1280x1019,1440x1146,1528x1216&from=bu&cs=160x0",6
0c9678f034e41fd70ba87c4db84636a8.jpg,"https://sun9-77.userapi.com/s/v1/if2/t01Mvvh5-wYcC2QML1rBZRLkKmAe23YgvEPQrthwlM8P3Lk1RvRWo5ZmdjLSxtHE9MNTh09XjWGuz1A2dKa5ZB82.jpg?quality=95&as=32x22,48x32,72x48,108x73,160x108,240x162,360x243,480x323,540x364,640x431,665x448&from=bu&cs=160x0",1
cafc2001d3bda71952c54e5429fdc2f0.jpg,"https://sun9-13.userapi.com/s/v1/if2/P_-Xul3Douq8Yit6XaIbpmTFy3bZXqI-VYoh5Q0b0SBC4S3tiMUfrVg7sbJE4Ewa5VGX4q6WOdkrPhJcWRMtuzAF.jpg?quality=95&as=32x23,48x34,72x51,108x77,160x114,240x172,360x257,480x343,540x386,640x458,720x515,1080x772,1280x915,1440x1030,1449x1036&from=bu&cs=160x0",1
5bac2905a375b1a6324de65fc979525a.jpg,"https://sun9-79.userapi.com/s/v1/if2/6IKgwO3TWJjSoBC0FX6C6BwF6lv6fHWREbXaWHB05YoWc76PXRPZKH78T3Xak3pBXSSFCAChR4xUV_qm7y6ysE-S.jpg?quality=95&as=32x31,48x47,72x70,108x105,160x156,240x234,360x352,480x469,540x527,599x585&from=bu&cs=160x0",3
c26398dd26320405c8f665648c93d3bb.jpg,"https://sun9-77.userapi.com/s/v1/if2/g0I2MhUbfAyJldwuZjX_KJWEJf_aATJuz_Dvg19CHOoSNXfhJCIoVog-9V0ho5iPAnoqeOpsqbM2FX4F-TWmClcb.jpg?quality=95&as=32x31,48x47,72x71,108x106,160x157,240x236,360x353,480x471,540x530,640x628,720x707&from=bu&cs=160x0",3
e8c3058dbeee12796802085376408c88.jpg,"https://sun9-27.userapi.com/s/v1/ig2/oHWgjzxR0WTtETTe7a2QDrVgirGoNOzLKAkq1YjBlXmmY19DTlZqw1lgCMk0N6B8eHE7i7nlKN74ktvKhWjbnbg6.jpg?quality=95&as=32x33,48x50,72x75,108x113,160x167,240x250,360x375,480x501,540x563,640x667,720x751,863x900&from=bu&cs=160x0",1
63730e0bda70c51c9b466b5daaa34979.jpg,"https://sun1-25.userapi.com/s/v1/ig2/iCVL1qYPn7TNC7UY5fDfIIZ3ditKEP_Jg2J4TWRFvG9cN57tC4EgU7HE5wh1ZHNeS6UtfWPGlf0iRFhOv0KaEVz6.jpg?quality=95&as=32x32,48x48,72x72,108x108,160x160,240x240,360x360,480x480,540x540,640x640,720x720,1024x1024&from=bu&cs=160x0",2
734171df1033bb9b8d345a4f00f5db76.jpg,"https://sun1-95.userapi.com/s/v1/ig2/YOLn3OFbK_FTSZu4erDGoTCd_xU31YLsb_oI5ZEN7mplsVsCWQEd-kVLrEBLZ2y4fH7Mb6OBLZKhQjQtSSGUoU2k.jpg?quality=95&as=32x40,48x60,72x90,108x135,160x200,240x300,360x450,480x600,540x675,640x800,720x900,1080x1350&from=bu&cs=160x0",4
578abf46a3ccb4192e4a3878d5ebba83.jpg,"https://sun1-18.userapi.com/s/v1/ig2/3Bz09EIvFofho-Ck9niFawM2zFxIdfSBxo8Sach7saxXFayMOUudS_KhrPr2Zdva0nCX-VCURYQ6SwroBXaWshJo.jpg?quality=95&as=32x38,48x58,72x87,108x130,160x193,240x289,360x433,480x578,540x650,620x746&from=bu&cs=160x0",4
7008e5d9076a21e11cf75b6140d5ff7b.jpg,"https://sun9-12.userapi.com/s/v1/if2/RD3HM0snBcghMCLfEKFNsbuoQSpwrlhMsQ_QMR4XTExHG2kuTlbbH2ydirleoGljmlnrOQi43AQJsLJ6WL4ydv7B.jpg?quality=95&as=32x24,48x35,72x53,108x80,160x118,240x177,360x265,480x354,540x398,640x472,720x530,999x736&from=bu&cs=160x0",1
6e90c5ea74cd18de07d4d15ddc4c237c.jpg,"https://sun9-80.userapi.com/s/v1/if2/F0A1vQ_geMDowAyB28IjewFSzJf08XAMmAPlRxnatF3mHyN6e2_dwRsFAdAj5Ze4cyewvwp4tkWKjGlchggajyXD.jpg?quality=96&as=32x22,48x33,72x50,108x75,160x112,240x167,360x251,480x335,540x377,640x446,720x502,840x586&from=bu&cs=160x0",6
380ad1ad9e50c01fa7cb67505860a25d.jpg,"https://sun1-90.userapi.com/s/v1/ig2/2mliTHjtzAoFdQTaUWGzdIHgeylyei2VV8hCTRqHNKFe-mrpaWGtUiuShujbc2sdb3SBkVhQNw4M8O3Nxww-BT_9.jpg?quality=95&as=32x32,48x48,72x72,108x108,160x160,240x240,360x360,480x480,540x540,640x640,720x720,1080x1080,1280x1280&from=bu&cs=160x0",5
6241ed112c2f5a40f7aa407e8e9ca7c5.jpg,"https://sun9-10.userapi.com/s/v1/if2/Tp_DQD2a9yCeUXM9pCIsJQ6QskrXyBQGMdrhMzhn6-YjQkVNJIPEI7XF4-kCGA0vXzpjK7Qlydicau0pD3W7bQVi.jpg?quality=95&as=32x25,48x38,72x57,108x86,160x127,240x191,360x287,480x382,540x430,640x510,720x573,830x661&from=bu&cs=160x0",3
2db23f41a4d405912e48803eb856e64c.jpg,"https://sun9-28.userapi.com/s/v1/if2/3Lv6hMT4gV2TtNuCLn_DRVtBvCjatWgYw4DyjkCEks91ZVAtcZnTHa6gioPB9sbfdmqAU4cbWu6cn2D2cC0zwaFp.jpg?quality=95&as=32x28,48x41,72x62,108x93,160x138,240x207,360x310,480x414,540x465,640x552,720x620,1080x931,1280x1103,1440x1241,1483x1278&from=bu&cs=160x0",1
68621ed411e52a0879a7c8a69f13a804.jpg,"https://sun1-86.userapi.com/s/v1/ig2/zQ8u6SnjBlSJbCJnfqalNBqH-XnFbn6D2qBpDdQ2i_br73VxoJnr1sSZD20p4rKg3yYN6Bh7rIHjkfa0pl4VBh0J.jpg?quality=96&as=32x35,48x52,72x78,108x117,160x174,240x261,360x392,480x522,540x587,640x696,720x783,1080x1175,1280x1392,1440x1566,1587x1726&from=bu&cs=160x0",6
706963aade5d454d86aea781b24e445a.jpg,"https://sun9-35.userapi.com/s/v1/ig2/oCK9yp94ekKK6DyWlp8eA1cOv5qS_wsDgnYBE5OfTGG8vUU-ufoEthwfGev3-_pyTDIm-6PnDaJfP785GxVfs4ql.jpg?quality=95&as=32x32,48x48,72x72,108x108,160x160,240x240,360x360,480x480,540x540,640x640,720x720,1080x1080,1280x1280,1440x1440,1800x1800&from=bu&cs=160x0",0
4318d36c42cdf70382659985fe5fe2f3.jpg,"https://sun1-95.userapi.com/s/v1/ig2/2KFn2pUXVkfTk8aeFgBAKdDS2gg13--lMBFKCpOmatnAblPYFJG5uIw3mpW8REMePiHo_h6NOrUBazIJDoVKUgN9.jpg?quality=95&as=32x32,48x48,72x72,108x108,160x160,240x240,360x360,480x480,540x540,640x640,720x720,1080x1080,1280x1280&from=bu&cs=160x0",5
8e9423587ef1d080cf2b8d39882a58d8.jpg,"https://sun1-22.userapi.com/s/v1/ig2/mFMEPyzsWZRb7-6qQcIILVtIqmDRcZERd-BIghNvcFZ8XgaX4CTvJmK9-INvieoGJcIPImeymF3gNi7Awwj2QCx0.jpg?quality=95&as=32x66,48x98,72x147,108x221,160x328,240x492,360x737,480x983,540x1106,625x1280&from=bu&cs=160x0",5
fdf4eff79b676d398123edbb5d0864e4.jpg,"https://sun9-7.userapi.com/s/v1/ig2/j7je_087MfOzZ1r5nF0_s0i1Q8fg38VXbyG8UkSKdKkYDdrJ5wHAfRsbgedyYa9aPc_foA5DH8TcOSs9BzwqFWUy.jpg?quality=96&as=32x40,48x60,72x90,108x135,160x199,240x299,360x449,480x598,540x673,640x798,720x897,1080x1346&from=bu&cs=160x0",6
06cd2a816d3b340a35ebe2c9e6d1e68b.jpg,"https://sun9-9.userapi.com/s/v1/ig2/CWWLHGf5CAIvff-M1lrWs7fi7bQ77LB21Jwg3G-nn91J4k1qdHROrTuje5jfwFdyfajsYNWucS9aY9i9r5utuNgz.jpg?quality=95&as=32x32,48x48,72x72,108x108,160x160,240x241,360x361,480x481,540x541,640x642,720x722,830x832&from=bu&cs=160x0",3
c0f39aad96db3424f7382d71fda6e35c.jpg,"https://sun1-30.userapi.com/s/v1/ig2/7DFMRYiDXe3JyGseMrTX7vJH5pwY4FNwZ17D7nRcnm50eotaz1bvWdEYH8ipchMinKy7F6AxT-bLdRaxzfIT9iMI.jpg?quality=95&as=32x38,48x57,72x86,108x129,160x191,240x286,360x429,480x572,540x644,640x763,720x859,1024x1221&from=bu&cs=160x0",2
b5410e317b058cc468faba6023ccc1aa.jpg,"https://sun1-22.userapi.com/s/v1/ig2/jL674VLeTF-e30B6lTL136b66i9nWgIO1ZJfOJ--CAF8iSFAx8_TN1Y1MkLhUDs1mI4vx7seG2iYYW4uQq41zAox.jpg?quality=95&as=32x39,48x58,72x87,108x131,160x194,240x290,360x436,480x581,540x654,640x775,720x871,960x1162&from=bu&cs=160x0",6
0ca1a61b27fa7e8ba90fc3edc350a3dc.jpg,"https://sun9-35.userapi.com/s/v1/ig2/UwpqUegSsI8_yT669KdQc5E6rGLltpZPxFQGHb7gOqiMnwQStAUYyVkiadLLS4EMdON6zsbeAafcUPUiXJ0kU7eZ.jpg?quality=95&as=32x45,48x68,72x102,108x153,160x226,240x339,360x509,480x679,540x764,640x905,720x1018,905x1280&from=bu&cs=160x0",1
4ac7f979c500700c5198c5440b453b0b.jpg,"https://sun1-30.userapi.com/s/v1/if2/LGGxpFBCe-l4AbPKM7wP1WdeyIBJ9pxgHRIWjvKJwY4qqOB8Jym1xB__O9v01j9nmjmpZYyewtJzAAaWdeaBUxNz.jpg?quality=95&as=32x21,48x32,72x48,108x72,160x107,240x160,360x240,480x320,540x360,640x427,720x480,1080x720,1280x853,1440x960,1536x1024&from=bu&cs=160x0",2
12012bad4bc1c13a4e76fbc697f43a88.jpg,"https://sun1-29.userapi.com/s/v1/ig2/9VDloKLftw3z-iOdmBhVI4-YnhtldPnbWhx6HXmha3urFw98yr_165uQXvpYReMpHZzv5ug3p08dfhPOl7oRiO56.jpg?quality=95&as=32x40,48x60,72x90,108x135,160x200,240x300,360x450,480x600,540x675,640x800,720x900,1080x1350&from=bu&cs=160x0",4
03e47b308b99b1e1034dedf7302d6784.jpg,"https://sun1-13.userapi.com/s/v1/ig2/DchgEHj7Mb-x2u33PJaozhF0UYR8kpn00y-2ud8Znge85uM-Xc_YhL5UEUhke7hgEgDAiqB0iu7PrUOhd-XC6W1D.jpg?quality=95&as=32x40,48x60,72x90,108x135,160x200,240x300,360x450,480x600,540x675,640x800,720x900,1024x1280&from=bu&cs=160x0",2
94f42216c872c9836ae6e9dd5060cddb.jpg,"https://sun9-47.userapi.com/s/v1/if2/l5HX6oKvWRnkDMVajuBiJqfoUiuQZamaR9SX7GyIGHuZQuVORsc8ocjrqtpE0OQXI19Hdna-u0KEPS9mWkSc2vFM.jpg?quality=95&as=32x23,48x34,72x51,108x76,160x113,240x169,360x254,480x339,540x381,640x452,720x508&from=bu&cs=160x0",3
7cdaeb7e8d41d06897f8caf63c3319d1.jpg,"https://sun9-86.userapi.com/s/v1/ig2/ubzX_ur6dzjsGRW6x-gWHgu8xfBBA7uUp8Jq8rzP_W3Lgk53NsxIocpZ8ti8smJpMsdRgF-k7g_kISoWa5IXMonI.jpg?quality=95&as=32x32,48x48,72x72,108x108,160x160,240x240,360x360,480x480,540x540,564x564&from=bu&cs=160x0",3
a9b6d39e496228b0c7ee3c82d13f0ffb.jpg,"https://sun1-55.userapi.com/s/v1/ig2/M9bJ__nXjIa5FfI4shjwM2XQ5pX-FfCboCb5Jx3sl3vUs4okK2l2t-vHMBwmxgLb8E-2WpJjU7mOvHHjXRZI6Xy8.jpg?quality=95&as=32x48,48x72,72x108,108x162,160x240,240x360,360x540,480x720,540x810,640x960,720x1080,1024x1536&from=bu&cs=160x0",2
7a71c646d3ec79b32fcdf060d41ca047.jpg,"https://sun1-25.userapi.com/s/v1/ig2/Ftz4Y3AE2940RLWdMBmG_TFkkSKUcCjY3V_l8q3xbAurxBVxIAoY7as8ap-05buxYGd3QCcx7pu65qIatiLJPUlw.jpg?quality=95&as=32x40,48x60,72x90,108x135,160x200,240x300,360x450,480x600,540x675,640x800,720x900,1080x1350&from=bu&cs=160x0",4
7d6e63ef104af55d2b49e84f8e6aa036.jpg,"https://sun9-50.userapi.com/s/v1/if2/W_7W6QV3915JU-VgKVfbaC54a5VFxUO7FLRscUDtcWJLRhbOtW07fs4u8qdP_rOb0EEM7Ly-O6XlW_aHpy4Fla7d.jpg?quality=95&as=32x29,48x43,72x64,108x97,160x143,240x215,360x322,480x429,540x483,640x572,720x644,1080x965,1280x1144,1423x1272&from=bu&cs=160x0",1
7d1ccd383d9e95525a27f11474990595.jpg,"https://sun9-59.userapi.com/s/v1/if2/BZpKRfYwk5Oq-BUz4BKfXvF5ZXB6yVFQpHj17vgP4UgOdvCZf5RyyF_aotHEKbx88SUkCWF2ZjoNTUdExGWCB_L9.jpg?quality=95&as=32x28,48x42,72x63,108x95,160x141,240x211,360x317,480x423,540x476,640x564,720x634,1080x951,1280x1127,1440x1268,1459x1285&from=bu&cs=160x0",1
0caa36ae20a9d2637565d68b8d259eac.jpg,"https://sun9-13.userapi.com/s/v1/if2/0h73PrzrZuQ9L7_YyG-rlv2_tt1pyUGfTbTXYb5ZCsGgHvYuUd_r9K2Gy5DvcvK3JJzE6o2EVQSChoYoenEipmd2.jpg?quality=95&as=32x23,48x35,72x52,108x78,160x115,240x173,360x259,480x345,540x388,640x460,720x518&from=bu&cs=160x0",3
37264d86a3d037d36f2b18a5186be8f1.jpg,"https://sun1-27.userapi.com/s/v1/ig2/u7Unum31u89oLrYJFmhUZHQIfznpzwV_qPwUIyUpIkqHeP69CZuyEoy98jyDky8fWiZ6kC6ZSh9Uo0eJHKSnGUQu.jpg?quality=95&as=32x32,48x48,72x72,108x108,160x160,240x240,360x360,480x480,540x540,640x640,720x720,1023x1023&from=bu&cs=160x0",5
a26e9def09c50c6297e03c525257bc03.jpg,"https://sun1-95.userapi.com/s/v1/ig2/ZTS4lwkHkkw5wIr1Bp99-mhYhDpK8GX9Nv7ACVHVrTMDJjKSR7a69DgmJTbXN8xl8XBb3Z9KM7KCMUgcyHzscIPC.jpg?quality=95&as=32x32,48x48,72x72,108x108,160x160,240x240,360x360,480x480,540x540,640x640,720x720,1080x1080,1280x1280,1440x1440,1536x1536&from=bu&cs=160x0",5
0ece3dd2a767a6dd4951d2f73207ac84.jpg,"https://sun9-66.userapi.com/s/v1/ig2/4J69u84gX-sflzhRMHDYSICv54L1CHKTwc4FtguUsKeLoNVHq3FAydrPF_Lbglsz6u-qCRbRI1K3R_aTVI__D9rB.jpg?quality=95&as=32x40,48x60,72x90,108x135,160x200,240x300,360x450,480x600,540x675,564x705&from=bu&cs=160x0",3
39d6dd7ed1b9f3edb1f6985fffbe6052.jpg,"https://sun9-79.userapi.com/s/v1/if2/9H3OuKzNVaVpeflJ4vezsx0N8UXSbIX4rjsV5DkLtUj0xpy8DAW2fmDjb6Y1yd3Us_6hg7ADgfEe-urEkmvKM9XB.jpg?quality=95&as=32x24,48x36,72x54,108x81,160x120,240x181,360x271,480x361,540x406,640x481,694x522&from=bu&cs=160x0",1
169d35fc226bc65a7d299d93663eaec2.jpg,"https://sun1-94.userapi.com/s/v1/ig2/Ivc8YRaCt-C8HggLuiw9Cj9wZWs8GLNojUkRE-MYT7JHKWHyE5blmyfWUG7HgE_ho44YXdhzBtX0nbq_CNg1esvI.jpg?quality=95&as=32x42,48x63,72x95,108x142,160x211,240x316,360x474,480x633,540x712,607x800&from=bu&cs=160x0",2
a08c768f1b3e54fb4d1efae3510ae151.jpg,"https://sun9-72.userapi.com/s/v1/ig2/3L_mqLLrqKin6mooI1BLR4rcwoRHjFwPD_meCM5X9KSSV_yiiFDiR-TOZ-WsIZdL4Drd1KMzixpiiQKGij-nV377.jpg?quality=95&as=32x32,48x48,72x72,108x108,160x160,240x240,360x360,480x480,540x540,640x640,720x720,1080x1080,1280x1280,1440x1440,2560x2560&from=bu&cs=160x0",0
26d508728c888ea90703229f3153adb2.jpg,"https://sun9-39.userapi.com/s/v1/ig2/UD5ITAKE2ek2RFCoTrgxNTuil5d8FaljOAwBPf_48b5Z3m1HMJPhvJbXWSKre65GwUpPEk4qF9YQUYKasyDvwbQq.jpg?quality=95&as=32x38,48x57,72x85,108x127,160x188,240x283,360x424,461x543&from=bu&cs=160x0",3
4c76953a6e28cd6c3a95d8a29bfe79cf.jpg,"https://sun9-29.userapi.com/s/v1/ig2/CBqELzPCCODOwnuINqiSB46TVGeMYvzucZlR8qWTouXjUjc7SvhZnX6Mm9mKV2UaH8LEsIOTj-3LReTyKn4i8BU_.jpg?quality=95&as=32x32,48x48,72x72,108x108,160x160,240x240,360x360,480x480,540x540,640x640,720x720,1080x1080,1200x1200&from=bu&cs=160x0",0
19c37d970f22c1bc02100bd8610edb55.jpg,"https://sun9-20.userapi.com/s/v1/ig2/kh-IuQyescTMBvslh0GeKXuOMNcZr2yBt8ONpmS7-4VlsDvYJd3mAuQp_25FVGxdRGGnIWGuMCKSkVUILB8wLxxQ.jpg?quality=95&as=32x32,48x48,72x72,108x108,160x160,240x240,360x360,480x480,540x540,640x640,720x720,768x768&from=bu&cs=160x0",3
7b021673b176c9de09af1ed591d349bf.jpg,"https://sun9-30.userapi.com/s/v1/ig2/tYPqNIcfzSnidKfxyn-BfiWiCZJj0bS2Rcwey7fpkIgOuLOaiUOzspwpD7opejERhayLbZaj7U1eg3QGM88IU4MA.jpg?quality=95&as=32x32,48x48,72x72,108x108,160x160,240x240,360x360,480x480,540x540,640x640,720x720,1080x1080,1280x1280,1440x1440,1800x1800&from=bu&cs=160x0",0
b9a1ca91822eb9977a9d58f4ed8c0078.jpg,"https://sun9-41.userapi.com/s/v1/ig2/bIHmh7KC-iaY6qXQwX7k7uCOK4pv93LHqS0mpl6sX5cZCSDQb4bLWeuOqQmLltzO5NPFgJuxMWTGhSOd7qsOJzpe.jpg?quality=95&as=32x32,48x48,72x72,108x108,160x160,240x240,360x360,480x480,540x540,640x640,720x720,1080x1080,1280x1280,1440x1440,1800x1800&from=bu&cs=160x0",0
4d39081ed8665fa456c0dec3388058f3.jpg,"https://sun1-20.userapi.com/s/v1/ig2/Bh0bx8DZAmbVaUZlJqdXKl234zGnX0_UkHyGIaOyMVQgpEANpj54VJsiLroFqRTiVQm8vsLOBFkWojBO4Hqri3uE.jpg?quality=95&as=32x43,48x65,72x97,108x146,160x216,240x325,360x487,480x649,540x730,640x866,720x974,811x1097&from=bu&cs=160x0",2
fac4849f500004b621967b03feaf111b.jpg,"https://sun1-86.userapi.com/s/v1/ig2/2paAQORuzMMuEHTttLDI4LOpPOcV70FdQVKN6OvapblTtZ6_9x_WODZNZorLR35efugPM7yajVU2jP9w3HtrzmII.jpg?quality=95&as=32x32,48x48,72x72,108x108,160x160,240x240,360x360,480x480,540x540,640x641,720x721,1080x1081&from=bu&cs=160x0",5
d6eef6862f1cae3b0893afcfe848e972.jpg,"https://sun1-29.userapi.com/s/v1/ig2/2czfGGhV4nHvOicRp6XPehfHw1PuBQG8eZo5VVjBRpGe1tJu0cieN5--Xshses5oSlXtH0bEjkvPuNZlJUmoQJbW.jpg?quality=95&as=32x39,48x59,72x88,108x132,160x196,240x294,360x442,480x589,540x662,640x785,720x883,1024x1256&from=bu&cs=160x0",2
ad0766d57d907b08fe467d3595b1a3ff.jpg,"https://sun9-45.userapi.com/s/v1/ig2/txm4GaaZoQablxXzXTtrc1-Jt_Oz7JRV_y0a5-HtzVpec1ZMBdagjIRnvGAyUkHACqw0EwHA5SzgnQFiSH-b1Un2.jpg?quality=96&as=32x35,48x53,72x79,108x119,160x177,240x265,360x397,480x530,540x596,640x706,720x795,888x980&from=bu&cs=160x0",6
47fb2f381c46f114265eb150a2e9c271.jpg,"https://sun1-28.userapi.com/s/v1/ig2/2gF0u8JJuaWKGopOyhvvI6nccUtb0SYAdzeD7BYkT81wEA6EgrDop-2sBSN_YzSJ_omVFTcv_vR9yuCWFPE1llPi.jpg?quality=95&as=32x50,48x74,72x112,108x167,160x248,240x372,360x558,480x744,540x837,640x992,720x1116,826x1280&from=bu&cs=160x0",2
8ffcf877966b4c16d9d52bcd6cccfde4.jpg,"https://sun1-98.userapi.com/s/v1/ig2/wYO8aAcc4zg89vBDfHQF8t0iJ9rJvhVBxXStLPFg5DOvqliyqXZ5zFn2Pq4JE8jw4vd0Vr3DFjQWgQNqrc06BG3S.jpg?quality=95&as=32x35,48x53,72x79,108x119,160x176,240x265,360x397,480x529,540x595,640x706,720x794,1080x1191,1210x1334&from=bu&cs=160x0",4
1e67d9a6ac8ba12cc97a32490b61ae26.jpg,"https://sun1-94.userapi.com/s/v1/ig2/mmvCLMYDpYDfHocZiDcJMKzrgWxavDz5PTCK0UlduZaaYmSnJIaG5RLEX5Ot5TBMl3AmV59giEQ_RI-Lkc02z_15.jpg?quality=95&as=32x32,48x48,72x72,108x108,160x160,240x240,360x360,480x480,540x540,640x640,720x720,1024x1024&from=bu&cs=160x0",2
e6c4664d0058e42cacb601153f2cfc1a.jpg,"https://sun9-12.userapi.com/s/v1/ig2/odxyRT1c65YONXg3lB07SrFMsKHjhcxRhHVTVIdjlqAfnUzb1o_kLqIRWxSot0yPTG2Qi9qxb0pwcXaxZ3_6J3Qr.jpg?quality=95&as=32x35,48x53,72x79,108x119,160x176,240x263,360x395,480x527,501x550&from=bu&cs=160x0",3
cca7752fef3da78ea7e5db822f9afb4b.jpg,"https://sun9-29.userapi.com/s/v1/if2/fqV2Tmu8doaPd-iVKXnxI-ZbW7AmfVVEYCBrMI4HtfwacgEFWk9xaCav9Jcv2huWCovFgigRryMF1vU_-ZwSM6kE.jpg?quality=95&as=32x21,48x32,72x48,108x72,160x107,240x160,360x240,480x321,540x361,640x427,720x481,1080x721,1280x855,1440x962,1635x1092&from=bu&cs=160x0",1
bbbac20644f002d9a18ddf74d46d79fc.jpg,"https://sun1-89.userapi.com/s/v1/ig2/w7HQD00ksP6z6K4fhJsj0I74K4iwysMXMjG8JAvaUR0En43t0ZjqdUsp5tZZNNRm-s7vRe0bGWGhTfhMOkrdjxQ2.jpg?quality=95&as=32x32,48x48,72x72,108x108,160x160,240x240,360x360,480x480,540x540,640x640,720x720,1080x1080&from=bu&cs=160x0",5
3ae44f0a9a3af886e10597070ebb53e8.jpg,"https://sun9-81.userapi.com/s/v1/if2/AI1vQG07qzkgZwe7sf1Ke_68g1XuTPuJDZvBJecnI5vdOxM43pS6D8-UPNfer9RU7VFOBV-LRsB5DKShMcdpVuBG.jpg?quality=95&as=32x29,48x43,72x65,108x98,160x145,240x217,360x326,480x434,540x488,640x579,720x651,1080x977,1280x1158,1440x1302,1466x1326&from=bu&cs=160x0",1
846bbae79342231a76a07f768a018293.jpg,"https://sun9-56.userapi.com/s/v1/if2/YZeIgZ1LaQaD7fO8QR0tQO94obvy2BsMTrKST-X0DZ_nTV5WzphsTqZL_rabHx8U0cjIPSl_5M73M-NaIyH7WkOt.jpg?quality=95&as=32x19,48x28,72x42,108x63,160x93,240x140,360x210,480x280,540x315,548x320&from=bu&cs=160x0",1
a017d7c6549da81afd7c4b6d6b45e739.jpg,"https://sun9-80.userapi.com/s/v1/ig2/Nqe4BgQNuqYbt1-LMHlDryYWc3YOplqQlwpEv-fT2KUjK5xKyolLHKHurhP2C6ZBXlvDnxxm3mO7UM21iPdZ3v7T.jpg?quality=95&as=32x44,48x66,72x99,108x148,160x220,240x330,360x495,480x659,540x742,567x779&from=bu&cs=160x0",3
7e560d91db0e76e9b2a34e841d7f69b6.jpg,"https://sun1-22.userapi.com/s/v1/ig2/7hjsUBYdZZ9aEI6_0d92yo_KZpu4PKdFgwu4EWQhjRWaXiGjgNuE6SuI9_lX59Ut-rChHw1kcITMLvwgxXoNn_nl.jpg?quality=95&as=32x40,48x60,72x90,108x135,160x200,240x300,360x450,480x600,540x675,640x800,720x900,1080x1350&from=bu&cs=160x0",4
5175a69bcaa0ec90a769586a073ff93b.jpg,"https://sun1-89.userapi.com/s/v1/ig2/rT_KLqcTzHU8ic76-DnwR8719GSpfnEHgjemfD7mA2J4bCpqotiXYhjEZvIofWMuGrIFC7QF7nR3iCtI5Lmsr-7n.jpg?quality=95&as=32x45,48x68,72x102,108x152,160x226,240x339,360x508,480x677,540x762,640x903,720x1016,907x1280&from=bu&cs=160x0",2
a3b9b9b69b284c7352065aa416b65b13.jpg,"https://sun9-50.userapi.com/s/v1/ig2/7uM6i7w6jsmMvuAeGMs1zClmmPumDtYrW4ifo90h-elLTIdWoPWsJh_AmeL1gQmJTjGYYbpaONsmYsxgaWIid9gW.jpg?quality=95&as=32x32,48x48,72x72,108x108,160x160,240x240,360x360,480x480,540x540,640x640,720x720,1080x1080,1200x1200&from=bu&cs=160x0",0
c580d9a1019318b88fd8fae682d55df7.jpg,"https://sun9-29.userapi.com/s/v1/if2/6yf-XtUWOJhsuxEMhoQv-1Uz_G1OIW7Soiv8R2iVdxlFNoGG5aI99Fvn4WbEnPkHjYo1CnEYvgnYY7wSuDZ7WEXm.jpg?quality=95&as=32x28,48x41,72x62,108x93,160x138,240x206,360x310,480x413,540x465,640x551,720x619,1080x929,1280x1101,1440x1239,1489x1281&from=bu&cs=160x0",1
b7cd58acf23b9538edbb1fe674efc1e9.jpg,"https://sun9-83.userapi.com/s/v1/ig2/dK74R_VJYPUBb6APiMsEAzUPpxGS7vW2OsTwgksKABVHl0iPxTprj9AFJTr3KlKoDF4lSn6IWipMTnzppsemZbnu.jpg?quality=95&as=32x35,48x52,72x78,108x117,160x174,240x260,360x391,480x521,540x586,640x695,720x781,1078x1170&from=bu&cs=160x0",6
5d732b6df1842142205486b98021ae01.jpg,"https://sun1-30.userapi.com/s/v1/ig2/bB5lgp52JxT3tzUIGgVdG2xvCF7bYNxUuw_9wPJnJqzHStqik6GgJco2Lriagd8woSwLrd-fdcHrN41WNb9kATy-.jpg?quality=95&as=32x40,48x60,72x90,108x135,160x200,240x300,360x450,480x600,540x675,640x800,720x900,1080x1350&from=bu&cs=160x0",4
c0b03fcb999618a1fe35dc9ea2fa2697.jpg,"https://sun9-85.userapi.com/s/v1/ig2/X5ubMlXAXfRETQTeUDp2gUdP1EYoUsnADD2a4H8PaSNsaywgxsP2nQInlTjscA6m8BkcwPpyXJoF_vqgNrTbi_V3.jpg?quality=95&as=32x32,48x48,72x72,108x108,160x160,240x240,360x360,480x480,540x540,640x640,720x720,1080x1080,1200x1200&from=bu&cs=160x0",0
24e588d896bb3e9906ea17ca940a9af2.jpg,"https://sun1-29.userapi.com/s/v1/if2/4jITUp1p24xtE7GipBX_ETemw90W1YkxP5jSbcXuji8t8BwcxMYcU9ThK9-ClebG8S-fKgSfbJBmooQfzZ7pX_3W.jpg?quality=95&as=32x21,48x32,72x48,108x72,160x107,240x160,360x240,480x320,540x360,640x427,720x480,1080x720,1280x853,1440x960,1536x1024&from=bu&cs=160x0",2
f3552cb6e2b209e14df73456f15302db.jpg,"https://sun9-78.userapi.com/s/v1/if2/lPjtw85VqQ7uKjOktBGYSdotXu8LQTW2VPYYZiKK_zCDHw0QgytCHoBsmUsxNbtHnZqTxJqUKhSHjRXAXdVVn7UG.jpg?quality=95&as=32x21,48x32,72x48,108x72,160x107,240x160,360x240,480x320,540x360,640x427,720x480,1080x720,1280x853,1440x960,2560x1707&from=bu&cs=160x0",0
18ea2a11f2dc29b651825f08c7ad82c1.jpg,"https://sun1-55.userapi.com/s/v1/ig2/PyemgVMTrlK69AGZgLwMlc2Tk8CTkBBw6WT8x7WLJKqhQ5H9CY8DRSpnHOwl0KTLh5UZdBMDMut-pMJBODi93WGL.jpg?quality=95&as=32x32,48x48,72x72,108x108,160x160,240x240,360x360,480x480,540x540,640x640,720x720,960x960&from=bu&cs=160x0",5
16883fa6f2b1172b6360d8d46a1cd73e.jpg,"https://sun1-30.userapi.com/s/v1/ig2/fWCEWR3-alP4ZaGiasUs4SP1K3aX_TYSxUcDkThMAl1TtZJjG7iFmHl3StFyUwtgMgz_g866UOYCtUZX84ad0Izy.jpg?quality=95&as=32x32,48x48,72x72,108x108,160x160,240x240,360x360,480x480,540x540,640x640,720x720,1024x1024&from=bu&cs=160x0",2
a84363b64fd5393de9b0b5cc1b3cfefe.jpg,"https://sun9-16.userapi.com/s/v1/ig2/GQ-uIcLAVRkzwC4CGXMylpkKqyDDYLDLem1S7-Kd-x3lQ93G5ZEGWvjsaJCTZazGtJIlFcmm0AVtXHu-DjwkX3fC.jpg?quality=95&as=32x41,48x62,72x93,108x140,160x207,240x311,360x466,480x621,540x699,605x783&from=bu&cs=160x0",3
fdd2207be976f61696b71c1594c49b87.jpg,"https://sun9-46.userapi.com/s/v1/ig2/hfI6euUb7vrA_nFsbeBDLnpNHeVsPQU42bmpiuMj8sZgYyYrGK0L5aQmecwp4EJngx1SEK4XOJWNsHLMGbG0JsEK.jpg?quality=96&as=32x38,48x58,72x86,108x129,160x192,240x288,360x431,480x575,540x647,640x767,720x863,1080x1294&from=bu&cs=160x0",6
07bae68f2955b6cee7cdc21eea4e754a.jpg,"https://sun9-20.userapi.com/s/v1/ig2/XR_fHX498iE__umrMbq8r1BE8xmXVPhtC-xss1FrDjVaMyZDfCgu4V1mBZ8ylyQRuI2tOIjg_msfE0SGcrRAid-A.jpg?quality=95&as=32x32,48x48,72x72,108x108,160x160,240x240,360x360,480x480,540x540,640x640,720x720,1080x1080,1200x1200&from=bu&cs=160x0",0
f44d4695ec535316d9931bd28156977d.jpg,"https://sun9-48.userapi.com/s/v1/ig2/uiuDIsLLEHRkSd_7L4nf2Tof4mm_ofZoyhAvLGecn6w4KsgSLji14VGhf-c16mwr-ECHpQAIAyyMnHN6zOWqZe8p.jpg?quality=95&as=32x32,48x48,72x72,108x108,160x160,240x240,360x360,480x480,540x540,640x640,720x720,1080x1080,1280x1280,1440x1440,1800x1800&from=bu&cs=160x0",0
597c9efa932e864dc3f80289e734f499.jpg,"https://sun9-55.userapi.com/s/v1/ig2/TsLDnh-1cg0cGM31-f7sMO57AOGeloZskx26lGUzl_da-3AlBfz862R9J6HLoJG2yUPlSaPbeN0rdqdMuJoREoHO.jpg?quality=95&as=32x32,48x48,72x72,108x108,160x160,240x240,360x360,480x480,540x540,640x640,720x720,1080x1080,1280x1280,1440x1440,1800x1800&from=bu&cs=160x0",0
d3066ef7042981824c0d418f2c2542b4.jpg,"https://sun1-47.userapi.com/s/v1/ig2/14cPxbiuWTO73-4BPvr1GSIwDV3KXKxu9TW5U-PcVhWwVu7MOFBPdXDtXOsWvSoVVAm9PQeSsIfj-u9UpBPaEROz.jpg?quality=95&as=32x32,48x48,72x72,108x108,160x160,240x240,360x360,480x480,540x540,640x640,720x720,1080x1080&from=bu&cs=160x0",4
ae6c7bc2520abe32653f3434561171b3.jpg,"https://sun1-23.userapi.com/s/v1/ig2/P-heeOUun-Cqlx_vv7PM9pdJeb_opUHIiCX-dvn3Xt5jW5U-h8r9lFshnr21ECQHixWjejjk5LRtU9qru3VVGAlN.jpg?quality=95&as=32x32,48x48,72x72,108x108,160x160,240x240,360x360,480x480,540x540,640x640,720x720,1024x1024&from=bu&cs=160x0",2
81994d36c3806ec868ea6a0926f485d9.jpg,"https://sun9-83.userapi.com/s/v1/ig2/xU65NKIg2f8RhJ64nBGavcsKzwj9UV7EJojJg7SQyqms18vPlDNJRb6Vw1oYLqeDzErwqeIAmAlIZzKcbEbh4vKg.jpg?quality=95&as=32x40,48x60,72x90,108x135,160x201,240x301,360x451,480x602,540x677,640x803,720x903,1000x1254&from=bu&cs=160x0",1
7c7abffce764251ed8a799d51a1d3afc.jpg,"https://sun1-90.userapi.com/s/v1/ig2/32jrEpBkuAVwbehBH0ma6tqSOu-2_WbDuB72aG0JgzG1uZsLRBEi_9pP4NeSuYFapP171Xg6_DkxqMIU2hGQreYf.jpg?quality=95&as=32x32,48x48,72x72,108x108,160x160,240x240,360x360,480x480,540x540,640x640,720x720,1080x1080,1280x1280&from=bu&cs=160x0",5
eb6d79efaf3799a5bef66428bdb9627a.jpg,"https://sun9-56.userapi.com/s/v1/ig2/gkzwFd-ZDfpIhvyjSOk3mT2LyjLHKNohAGY11oDwsz8YAE09FUdDZvcJrmn_DxqaCztM3UVP5wQ2RNGnhmAxGZhA.jpg?quality=95&as=32x32,48x48,72x72,108x108,160x160,240x241,360x361,480x481,540x541,640x642,718x720&from=bu&cs=160x0",3
3a17c444b5bc83ff6e693c982111a474.jpg,"https://sun9-9.userapi.com/s/v1/if2/CwMwp50nvpkLfx-_8xmVoVkrRWjyn9_kY3ZXGAYoIeWtTxeTA1tTu11JYBvJE3pWrPjcw_69owo_ixlFhBws50dt.jpg?quality=95&as=32x23,48x35,72x52,108x78,160x116,240x174,360x261,480x348,540x391,640x464,660x478&from=bu&cs=160x0",3
038c5c2b1475b113a75088ffadea1622.jpg,"https://sun9-56.userapi.com/s/v1/if2/H31RPNqUJ26J01ZiZTL314g201dzH_y_vA1EeJQVmNhNyn0Q0VyTAXWoDCzY2Ceyypv4VPIh-dYBkmIu7eY1gFW6.jpg?quality=95&as=32x21,48x32,72x48,108x72,160x107,240x160,360x240,480x320,540x360,640x427,720x480,1080x720,1280x853,1440x960,2560x1707&from=bu&cs=160x0",0
2f579781bd170e1693999e60e91d6291.jpg,"https://sun9-29.userapi.com/s/v1/ig2/hBSYcRAFiKxJljiUIIgxvSbtxkpLQlgA5EkbFwjPpvB-mos_iEGA5Fkrbirk57Q14ZISZ8cTxnfeOwlUkbCjkSyL.jpg?quality=95&as=32x39,48x58,72x87,108x131,160x194,240x291,360x437,480x582,540x655,640x776,720x873,948x1150&from=bu&cs=160x0",6
f519b4d02445e9253ea367fb9d83e6ef.jpg,"https://sun1-16.userapi.com/s/v1/if2/ZAmGPO9CDVHDm5bqwymQ_FD-V-VRBy6sEwYzpOah3uiFTCj_r9lOmUcjPbgyM6jQrhpb3bX-VUk7JwtbQeTmrP5b.jpg?quality=95&as=32x22,48x33,72x50,108x75,160x111,240x166,360x249,480x332,540x373,640x442,720x497,1080x746&from=bu&cs=160x0",2
06cad76b5a269d55f56ba63c8a83f66e.jpg,"https://sun1-54.userapi.com/s/v1/ig2/hpvZ6jNq9JWwM7brePkGr7pIrY_PHz3oajc6WHlgICRafVcZjUB57jAwHo8EnzABFrYa2KUTtZcbyEGd420TU2BE.jpg?quality=95&as=32x43,48x64,72x96,108x144,160x213,240x320,360x480,480x640,540x720,640x853,720x960,1080x1440,1179x1572&from=bu&cs=160x0",5
b6af136569b7c1556ad5d9bfb467012f.jpg,"https://sun9-58.userapi.com/s/v1/if2/EkrIADRpw-CE8OJ4D70RNgoMDRNBspfNx4kUJwGTd__9QzeDGzyBbaCq-4kK5YKgES3jnSxkB24bLS-sMv8WWLgZ.jpg?quality=95&as=32x29,48x44,72x66,108x99,160x146,240x219,360x329,480x438,540x493,640x584,720x657,1080x986,1280x1169,1440x1315,1472x1344&from=bu&cs=160x0",1
72b4d4bda0f4eec5ba2aea280a229909.jpg,"https://sun1-87.userapi.com/s/v1/ig2/pV2iOgkJdE8fhSnU6925iktcSjVrqak7ZFF_v82EZQa3VCmZt1BxJGxExgxyvYxzoTzlwvwPa4zXx_7Q4CNMrhqI.jpg?quality=95&as=32x32,48x48,72x72,108x108,160x160,240x240,360x360,480x480,540x540,640x640,720x720,1080x1080&from=bu&cs=160x0",4
fd66d9f8d0bf3ae4b4c49c8a047fb74a.jpg,"https://sun9-80.userapi.com/s/v1/ig2/8ZwfaXv38a0h1IB_MdnMjRXvcAk2mJMIkoS9ugjsmhtPmNU3AQ7qJ-GKdbjJgpBZ5pCy92HpcSs1LGqtEI-FvXRw.jpg?quality=95&as=32x32,48x48,72x72,108x108,160x160,240x240,360x360,480x480,540x540,640x640,720x720,1080x1080&from=bu&cs=160x0",1
0e3678e0f31c41b2ca0753688a7d53fc.jpg,"https://sun9-62.userapi.com/s/v1/ig2/6VNpntSjUlUBXZIQZnWoKzmgcrKMnGs2itBoAJunqKdSwgqplebSMso08FHLknd57rEQ8lxmwFeghW7YQ_yJ6zTK.jpg?quality=95&as=32x32,48x48,72x72,108x108,160x160,240x240,360x360,480x480,540x540,640x640,720x720,1080x1080,1200x1200&from=bu&cs=160x0",0
3f6b4e594a1ff5898d02490b15e478b1.jpg,"https://sun9-13.userapi.com/s/v1/if2/sy50K4bxtxeB19-iYli5INDMd6Bjwk4h6Ob9COZTN-uaLDMaD6iwGsv1XB7cUGh38YJmH0KHuM3nJrgK3jlcOV71.jpg?quality=96&as=32x31,48x47,72x70,108x105,160x156,240x234,360x351,480x467,540x526,640x623,720x701,1080x1052,1142x1112&from=bu&cs=160x0",6
479d4da98c6aa82019469bbff7f827bf.jpg,"https://sun9-9.userapi.com/s/v1/if2/BWG47OAebeJkVV1sX6zPRIkbQYsvoXm7oQ1uiagMnn2RH4Z_9sFt4-Ek3XtcBS7nZYDNVv4IqtqgKu2dMkR6h9So.jpg?quality=95&as=32x28,48x41,72x62,108x93,160x138,240x206,360x309,480x413,540x464,640x550,720x619,1080x929,1280x1100,1440x1238,1490x1281&from=bu&cs=160x0",1
96b29056511b00573c14271f5025b29f.jpg,"https://sun1-86.userapi.com/s/v1/ig2/iQ1OknUeVUOfFjo9zu_vjL9lSjbEoaQzRZ0tGtKerubGt5MJ3OPU5V5MKpQFtiY2Uk5hboBIp2a0XYADqAOccoSS.jpg?quality=95&as=32x40,48x60,72x91,108x136,160x202,240x302,360x454,480x605,540x681,640x807,720x907,749x944&from=bu&cs=160x0",5
f56c36e82aa4ac382dfd4aa659eb5f03.jpg,"https://sun1-88.userapi.com/s/v1/ig2/dsepFf3dlNQIGNiC8oUaziCc3JT3G9mFdoTVMOSw_4kzV634fsEcXymYp0cRcplkWhZlfWtUDSHuZ8CIIPc8a9pY.jpg?quality=95&as=32x40,48x60,72x90,108x135,160x200,240x299,360x449,480x599,540x673,640x798,700x873&from=bu&cs=160x0",4
581e1a22e2271a22752ac676cc8bf78e.jpg,"https://sun1-14.userapi.com/s/v1/ig2/yC2-8IGik4YPl4UpyxpkwasU4V3RRDTXNvhHulwHpkXItT5Lk_RBTAk6llZPcM9F1je37JXROzGXvBXULl0zKxL-.jpg?quality=95&as=32x32,48x48,72x72,108x108,160x160,240x240,360x360,480x480,540x540,640x640,720x720,1080x1080,1280x1280,1440x1440,2400x2400&from=bu&cs=160x0",0
ca3d2c3c35a09f196c2c89de42dfe547.jpg,"https://sun9-29.userapi.com/s/v1/ig2/s9fCjnpCmD0pspejnhSEZESCLK4OeTjbDSG3ErcGVvJcmURislbKplyvMyNZee7IQxZmqRcMSXQdGRycUmBjdSXO.jpg?quality=96&as=32x32,48x48,72x72,108x108,160x160,240x240,360x360,480x480,540x539,640x639,720x719,1074x1073&from=bu&cs=160x0",6
45833b756c091a38a89c62f854eaf0ab.jpg,"https://sun1-14.userapi.com/s/v1/ig2/xGTEsco4GBjnw4U9mghUds9YGprsY8wwBsLhBNB2LuFxNhRas2T3vSsqSCXrZQgCviLocNqK_rFMIlY-e2-jJ5RM.jpg?quality=95&as=32x32,48x49,72x73,108x109,160x162,240x243,360x365,480x486,540x547,640x648,700x709&from=bu&cs=160x0",2
de46ca5c895d92f85d528894049a24c7.jpg,"https://sun1-16.userapi.com/s/v1/ig2/QmVCdooN1443A7SNmflcUX-pqZ1gmb2AUS5znZnWSD6yw09gBMvipMmZBLL9KNjOTrcNfxCtBUZ55sCGO8-fF8RL.jpg?quality=95&as=32x64,48x96,72x145,108x217,160x322,240x482,360x724,480x965,540x1085,640x1286,720x1447,1024x2058&from=bu&cs=160x0",2
3caec37ab517c56de56d19d29e653208.jpg,"https://sun1-90.userapi.com/s/v1/ig2/P8VZOny8OUvS7oNMuYYgxaVHfDokIhxd4ysCr8PD-EF2H9HnjqRhGdAVdMo1YwYjKPAT-i4REl-EbdbIiYNf97xF.jpg?quality=95&as=32x40,48x60,72x90,108x135,160x200,240x300,360x450,480x600,540x675,640x800,720x900,1080x1350&from=bu&cs=160x0",4
adbec9406c770c00a62be88205c2bfae.jpg,"https://sun9-47.userapi.com/s/v1/ig2/E1gQcGvVPDh9ytcQjzhhrVowecbSFQl2e7Q4ilkXh2FaITxJxKeH_DEGqgKTkYRDur3whYO1H6opJfO-dKEnYx1Z.jpg?quality=95&as=32x32,48x48,72x72,108x108,160x160,240x240,360x360,480x480,540x540,640x640,720x720&from=bu&cs=160x0",3
3658bd94190816cb0ebc897abc5ee842.jpg,"https://sun1-13.userapi.com/s/v1/ig2/YvzMYHQnBsA6D_jgzeM3EgiimRcydnnHia6UV13B6tZdSODX5qpy2jMJeMtosi2_z2nrxcFysAHFev42Ee7LmjO-.jpg?quality=95&as=32x40,48x60,72x90,108x135,160x200,240x300,360x450,480x600,540x675,640x800,720x900,1024x1280&from=bu&cs=160x0",4
b80da2c68c3f5ebdc36e35336cfc2bb7.jpg,"https://sun1-13.userapi.com/s/v1/ig2/YwUtcpKulceUGaYK1Z_bnSrYV1lw2YdAtkIunBeO9IJ-CsQbAWTPSsbmtNnTA2TtcYBvp4ASTsVzP6oZeud8F7rW.jpg?quality=95&as=32x32,48x48,72x72,108x108,160x160,240x240,360x360,480x480,540x540,640x640,720x720,1080x1080&from=bu&cs=160x0",4
04beca2e2b7eba5c3d85a664aa9658c7.jpg,"https://sun9-77.userapi.com/s/v1/ig2/4VTO-Z72q5jYZMWFpO9u2Pt-npN_GSB-HrTc2N6tRg9h-iCtvVYWFKbF-FmK5JA_651-PyU1Frs2KfEWR68nYxAc.jpg?quality=95&as=32x32,48x48,72x72,108x108,160x160,240x240,360x360,480x480,540x540,640x640,720x720,1080x1080,1280x1280,1440x1440,2560x2560&from=bu&cs=160x0",0
397a4a5d65ecc3618a1cc61e02c56fc9.jpg,"https://sun9-61.userapi.com/s/v1/ig2/J1dSFDc5ibfgG9-vXYjdjdxpDVZddxyxvK6L8qKmYWzwt5Ggo0ZDsW7-zNNpqXt5XV1TxXbCFSUCPNytRoBDZvBe.jpg?quality=96&as=32x37,48x56,72x83,108x125,160x185,240x278,360x417,480x556,540x625,640x741,720x834,1080x1251,1158x1341&from=bu&cs=160x0",6
b5b4b111742b27d8c208f3414713e14f.jpg,"https://sun9-33.userapi.com/s/v1/ig2/Nf5i58O31rZoFjPtIdDXR9PFBOPTiUXkdEjhO-VFhtrz8lnehUXCe5IkgHSG4jcBEeXT5PaONsF4ngoskTBXE0-f.jpg?quality=95&as=32x46,48x68,72x103,108x154,160x228,240x342,360x513,480x684,539x768&from=bu&cs=160x0",3
d41024a233c5510aaa02d0c0ce4f2c08.jpg,"https://sun1-84.userapi.com/s/v1/ig2/MzqajjBTcoQtRxCrxWGqpF17nNy6sbJiOcXij_LhyjWHE_aT0Jf-JZSPLhEyGa5TeJn1AOp1JWwM9kAstDzjME7T.jpg?quality=95&as=32x32,48x48,72x72,108x108,160x160,240x240,360x360,480x480,540x540,640x640,720x720,1080x1080,1280x1280,1440x1440&from=bu&cs=160x0",5
de89401a2006c98b669782116ec57f33.jpg,"https://sun9-69.userapi.com/s/v1/ig2/vNn7nhDOtsgTjCul4aeltFHZwbUVi5SDbc5G_jkuE0yu9q6NG37tI5e3nu_F3w-HLJm1xlbSv7d3lzbPCqIC8jrx.jpg?quality=96&as=32x57,48x85,72x128,108x192,160x285,240x427,360x641,480x854,540x961,640x1139,708x1260&from=bu&cs=160x0",6
a42f6cd0a26a30831a110d209082c43a.jpg,"https://sun9-31.userapi.com/s/v1/if2/4vksGTSo-xjJpX39gxABNljZVkBivWwUNxx4N1QWVkfB7_mgZ2D3cMnsoWE0nILbxMOmpgTmp2vYbyYox9_fDETT.jpg?quality=95&as=32x22,48x33,72x50,108x75,160x112,240x167,360x251,480x335,540x377,640x446,720x502,959x669&from=bu&cs=160x0",1
6da911bfa74421aae6a4b6764ed76369.jpg,"https://sun1-93.userapi.com/s/v1/ig2/xfoRm5BJstFTuj-5Hh12bkbOp3ZjJK1cLFDPSMU3_i2cRLd0gP5IU_jZXwNSB2GACRfNqzm2NYRbuU0uPjTn8bgx.jpg?quality=95&as=32x32,48x48,72x72,108x108,160x160,240x240,360x360,480x480,540x540,640x640,720x720&from=bu&cs=160x0",5
62a9b398c0f3018c5d383552158cb453.jpg,"https://sun9-69.userapi.com/s/v1/ig2/Eie41zb9j1qcWxTPG0eIEF84HafagITN0UYSdWDfA7FalvbVkoW6decAf1fkeC2egj1VYU8cjWEvHtCwgLexFKkx.jpg?quality=96&as=32x33,48x50,72x75,108x112,160x166,240x249,360x374,480x499,540x561,640x665,720x748,1064x1106&from=bu&cs=160x0",6
1ab1cb8d342bc570c0c49196d3bd658f.jpg,"https://sun1-47.userapi.com/s/v1/ig2/GoMS0X9cShogz7a34vhQpR5LvbtdqfvsLaeOiwnGPxf0-cxMbKsmvFr4FS7Dz2Fw8luE4lESqOMeZbyPTUIcjibI.jpg?quality=95&as=32x32,48x48,72x72,108x108,160x160,240x240,360x360,480x480,540x540,640x640,720x720,1080x1080,1179x1179&from=bu&cs=160x0",5
bde41f2237d5f09586af37e9bb130368.jpg,"https://sun1-85.userapi.com/s/v1/ig2/URQ9bf1JeZUwNl_e8-I6OwpSlxr95J_wANengc1By5V4Uf7YrnZdQvBvW3iE-Kf8wnb7LVDFlWLH3-0v74JP5WKO.jpg?quality=95&as=32x40,48x60,72x90,108x135,160x200,240x300,360x450,480x600,540x675,640x800,720x900,1080x1350&from=bu&cs=160x0",4
c75d75587bcd4d9b5d56a64f9cc311e2.jpg,"https://sun9-50.userapi.com/s/v1/ig2/UhiO8VBa4SBUclCeR6pTeCFtw9duHipQzNbSUuwIOSy3b_QkIDrjQy3f_jntqkcHjqC-TxmkCNeGdqyTk9NEr5Q4.jpg?quality=95&as=32x32,48x48,72x72,108x108,160x160,240x240,360x360,480x480,540x540,640x640,720x720,1080x1080,1280x1280,1440x1440,1800x1800&from=bu&cs=160x0",0
d7bfb2fa436eee98eef6c869702f6409.jpg,"https://sun1-83.userapi.com/s/v1/ig2/isnDfSY8UZNmg_XEytdJijjKP0SfWoVRwTSoASdLSKoEcKTdpHVPvik4mLRFWTF0JkbK78dYBK7t_CObdvz2RHwN.jpg?quality=95&as=32x36,48x55,72x82,108x123,160x182,240x273,360x409,480x546,540x614,640x728,720x819,1036x1178&from=bu&cs=160x0",5
cb5c4d7af9e5301148be8fa16fd4b543.jpg,"https://sun9-68.userapi.com/s/v1/if2/IIYwa1DONRBPlDSJdBdDU35Ghi4wF6YXQBkf6P-dMsz24erewqdhcHoAizgDfKV_ZO-QChVJi3emubAaeBSTWtqQ.jpg?quality=95&as=32x21,48x32,72x48,108x72,160x107,240x160,360x240,480x320,540x360,640x427,720x480,1080x720,1280x853,1440x960,1800x1200&from=bu&cs=160x0",0
c2b037846c5baf880bd163a707c5e484.jpg,"https://sun9-52.userapi.com/s/v1/ig2/5WYRb5Lga18DMlRzVddIsP3vtu3MH2upIvjt0t489-LJl783S34KZh9Uor--9-ET14Ibw8poUFwCRiPU70fR9l_q.jpg?quality=95&as=32x32,48x48,72x72,108x108,160x160,240x240,360x360,480x480,540x540,640x640,720x720,1080x1080,1200x1200&from=bu&cs=160x0",0
551702637eb17ffe92509a1b4bb7addd.jpg,"https://sun9-11.userapi.com/s/v1/ig2/UY0pfBkaMbrnzcVNZtZOc30j8GGvspA1BYnDz8GrXPzRFFOD03SKGSW00qMujT0h4g2B2nwFB-u7CwnCy3Qcsbph.jpg?quality=96&as=32x43,48x64,72x97,108x145,160x214,240x322,360x483,480x643,540x724,640x858,720x965,1080x1448,1280x1716,1292x1732&from=bu&cs=160x0",6
f45ccbad8e2540c61743353e5fef846c.jpg,"https://sun9-30.userapi.com/s/v1/ig2/iYnXW_6X8Dn94j1VZ-Y4-YQfykTvKZUAdgJLrZ_sgC8q59QVvpBnf-zCxjT5x31kLrIRTWEJgkgl7nCjlntO_uD7.jpg?quality=95&as=32x45,48x67,72x101,108x151,160x224,240x336,360x504,480x672,540x756,640x897,720x1009,848x1188&from=bu&cs=160x0",6
1c3211a0ad83765c72921ccd15f7548b.jpg,"https://sun9-87.userapi.com/s/v1/ig2/YQJtC2nENCj2-n6EB9jNmsJJTzfaX_uH3t1oXx1jhevpMvKeBtlDFrHVnHM2kz4YIza47M0Xq6haLt1mX_M3Cddi.jpg?quality=95&as=32x43,48x65,72x98,108x146,160x217,240x325,360x488,480x650,540x732,640x867,720x976,797x1080&from=bu&cs=160x0",1
489cbd170e5013cae4b7fbd891c51c00.jpg,"https://sun9-27.userapi.com/s/v1/ig2/7LxOTgvFSmIKwrvBN-8xvqTn30_3ZcT-a13oIUbFEnAlpRKyr0V4dP6c007vPzVl4l1l71vM-_AMAfA1xfeCXFR0.jpg?quality=95&as=32x32,48x48,72x72,108x108,160x160,240x240,360x360,480x480,540x540,640x640,720x720,1080x1080,1280x1280,1440x1440,1800x1800&from=bu&cs=160x0",0
5a5a5a83e6a09620ef06576c1ac4eba2.jpg,"https://sun9-13.userapi.com/s/v1/if2/vd1gHMZO_wAVZq4ImJ5GpGSpMhjmZIcEZuFFhJh-rJhIt1cS0e54qw_cBnHgrTQTNBYxf2mH0_etzKyxg-tdW1Z3.jpg?quality=95&as=32x26,48x39,72x58,108x87,160x130,240x194,360x291,480x389,540x437,604x489&from=bu&cs=160x0",3
242eb525485ffc629cc762cb93daa027.jpg,"https://sun1-55.userapi.com/s/v1/ig2/QGId72e6EqyPgivm6mSKcA-HHqOKiS6ffKPpkYTnpssafTaUrVdYKe15_lcBhGkionetjv7p9BrFfRqDodUFpVsq.jpg?quality=95&as=32x48,48x72,72x108,108x162,160x240,240x360,360x540,480x720,540x810,640x960,720x1080,1024x1536&from=bu&cs=160x0",2
8484c209e910f48bfa41159d0cc2286c.jpg,"https://sun1-83.userapi.com/s/v1/ig2/M6cl7kFqhSB4636DA-kAH-XnLyBxE2gASMhGSXef1Zhk0qJytRcMwFrKNMWuf3kCV0PqdfljajIS-lG4PdYe9FEv.jpg?quality=95&as=32x48,48x72,72x108,108x162,160x240,240x360,360x540,480x720,540x810,640x960,720x1080,1024x1536&from=bu&cs=160x0",2
59434ff637f03632b013e2d1e68ff40f.jpg,"https://sun9-57.userapi.com/s/v1/if2/bCZjDoEBTiUjqGCAuugqmu81gXx9b0OZXmnZFwCte-stgRbZMYzqqqTy1AsqokGxMkOn1SFN6fWTBSZbzJL2ACAm.jpg?quality=95&as=32x21,48x32,72x48,108x72,160x107,240x160,360x240,480x320,540x360,640x427,720x480,1080x720,1280x853,1440x960,2560x1707&from=bu&cs=160x0",0
546dbbe007fe1292e25e2378386c3f64.jpg,"https://sun1-24.userapi.com/s/v1/ig2/D39lpPi_GYBQWUbYSIkVFQ_kj8OLBDQodbVNt-q3X2-zJPit20qwa41qvgQx4r3dF3SS9VwIYzkktcaW_2Ffb2ih.jpg?quality=95&as=32x40,48x60,72x90,108x135,160x200,240x300,360x450,480x600,540x675,640x800,720x900,1080x1350&from=bu&cs=160x0",4
9c75320edf92456a5676c8ba9ca6972d.jpg,"https://sun1-57.userapi.com/s/v1/ig2/X3OYhYgnqKq_VhwBmdjHCP94OKeDRt6I5vJHJA6e6E5S5vgTf8XW8MGCZM4npqzqKDr2yMIy38OHqwjWHvukCUr2.jpg?quality=95&as=32x32,48x48,72x72,108x108,160x160,240x240,360x360,480x480,540x540,640x640,720x720,1080x1080&from=bu&cs=160x0",5
3c65c0e611cb7c31b16aa6a4b9a46369.jpg,"https://sun1-95.userapi.com/s/v1/if2/7v09ZEa4maPo6MHSM_0JhabSDZsx9Qa5o33ojj0e8SanZHF_cKptyVxPRwhXO_nZ8xxZX1zSBk2ajq1IhsRXdT5s.jpg?quality=95&as=32x21,48x31,72x47,108x70,160x103,240x155,360x233,480x310,540x349,640x414,720x465,958x619&from=bu&cs=160x0",5
fbd681fe0f4091177ee633b50ee2609a.jpg,"https://sun9-45.userapi.com/s/v1/if2/Sz-ansnxZE5CV1mnszuSZV8loXKdduiYh0BoqEjb9EUO_tFQWw8IcNw53Nkj3wMSkYAhqdmWPL0c6vBnFXcc11UB.jpg?quality=95&as=32x28,48x42,72x63,108x94,160x140,240x210,360x315,480x420,540x472,640x560,720x630,1080x944,1280x1119,1440x1259,1465x1281&from=bu&cs=160x0",1
e8df279c3244b05367b604d4bb93e486.jpg,"https://sun9-33.userapi.com/s/v1/ig2/w3e3ZqlxLRxkby8CaQdpIz1n00z5YrLun5vjk6wG9zoml8LQTk-bTEZSj8_wU0rhRMPTc2SGRXj0WrBJEiaB4HSG.jpg?quality=95&as=32x32,48x48,72x72,108x108,160x160,240x240,360x360,480x480,540x540,640x640,720x720&from=bu&cs=160x0",3
dff08f73e08dfba37c9e99182fc8cd14.jpg,"https://sun1-91.userapi.com/s/v1/ig2/xlp15SJ36ZmbhOa13b2u98XdoDW2c-x0zdStN-jX9CQaSvf_WtSYYvb6tqTejBU9HDuYv4BqtkcFdA3mwRZjaV-1.jpg?quality=95&as=32x43,48x64,72x96,108x144,160x214,240x321,360x481,480x642,540x722,640x856,720x963,957x1280&from=bu&cs=160x0",2
885a34f927a70073e95a3edf6f38a16d.jpg,"https://sun1-27.userapi.com/s/v1/ig2/7a3e1d8mZPk96WyzLL5S3fHQUp9e-SPP6S19XXFLE4BrHd-jLevWX9qB3qS3R0G1Z7spTd3q0in1WCPmQuvL2e30.jpg?quality=95&as=32x40,48x60,72x90,108x135,160x200,240x300,360x450,480x601,540x676,640x801,720x901,828x1036&from=bu&cs=160x0",5
7409295b706a0a7bb3a524d846655152.jpg,"https://sun1-24.userapi.com/s/v1/if2/cfUjQ6k5GEKyISk0dJygaRU1J_eCENSPcLVPAqBsvbf_WwGOxmJXKus9wpp9I2F10guSMbXljWP-s8haBE4HzBiV.jpg?quality=95&as=32x23,48x35,72x52,108x78,160x115,240x173,360x259,480x345,540x389,640x461,720x518,828x596&from=bu&cs=160x0",4
c0a93f231085c78d83a3158e1f6c52c9.jpg,"https://sun9-79.userapi.com/s/v1/ig2/YxXGOIUxlHNNaLVNLJ1Z2rpU87l4sqKGCx9xBDYHwVFEYb23SJ3MTatjwy3hyHBY8lHNIdDK1JwrT0xK_uH469Et.jpg?quality=95&as=32x32,48x48,72x72,108x108,160x160,240x240,360x360,480x480,540x540,640x640,720x720,1080x1080,1280x1280,1440x1440,1800x1800&from=bu&cs=160x0",0
0164af4221832db5cb8d12b578bfe4d5.jpg,"https://sun9-21.userapi.com/s/v1/if2/iKz5bYD-ybcmD6oBg3bM8oKcDzlmEitEQWXzPqI6ocZyBS5qZRj4CmRVu7Cg0SmfKpuyirIxGjbYtJFrTUxyBs0-.jpg?quality=96&as=32x27,48x41,72x61,108x92,160x136,240x204,360x306,480x408,540x459,640x545,720x613,1060x902&from=bu&cs=160x0",6
b2957bab46fe3d3d01daf4d4462b4277.jpg,"https://sun9-5.userapi.com/s/v1/ig2/pzCWQ5XgrOMNc86aQwXzsVBNtWMQwkbheWO1gcBfDeSP4vGhCMqpb8jkH4506W_BiOumoduXHxJ1Th-2Kbk5Tn11.jpg?quality=95&as=32x32,48x48,72x72,108x108,160x160,240x240,360x360,480x480,540x540,640x640,720x720,1080x1080,1200x1200&from=bu&cs=160x0",0
066b221701c87d3eb6530356bd50f719.jpg,"https://sun9-60.userapi.com/s/v1/if2/Rfqw_MlJK50luHPOcQg1Un5qU6iqa_wNobyzRHktV9BpfEniUpdp9eoleelWP4CxhhDOFXAjeWUev9lg5ZqFODJa.jpg?quality=95&as=32x21,48x32,72x48,108x72,160x107,240x160,360x240,480x320,540x360,640x427,720x480,1080x720,1280x853,1440x960,2560x1707&from=bu&cs=160x0",0
81f335679c2b0f271412244968c47c3a.jpg,"https://sun1-22.userapi.com/s/v1/ig2/cLtAeECvMK4l9TjX4IcIc85SB0rG7wcxNPtNIyJ2Jl_y2hhXkhpVspD6qnCb9-U9kXGCyk7DtGBjUYjLeCJXFXDt.jpg?quality=95&as=32x32,48x48,72x72,108x108,160x160,240x240,360x360,480x480,540x540,640x640,720x720,1080x1080,1280x1280&from=bu&cs=160x0",5
af0d7487dc4039d5fb5ced3988281e8c.jpg,"https://sun1-19.userapi.com/s/v1/if2/iPhx6C4YXupcPO2ZanM44r3NCbVBE-hrskJDBT0Z5N2a62G0HaiTwpV2njmrH36N69YOwtmhk5RlxIQ6sbjTsg7U.jpg?quality=95&as=32x31,48x47,72x70,108x105,160x155,240x233,360x349,480x466,540x524,640x621,700x679&from=bu&cs=160x0",4
d8cdd008156f83f6390fd01c0f38af0e.jpg,"https://sun9-34.userapi.com/s/v1/ig2/hjiNRod4m8FBCBdQ5hf0dni4r5ByHeusD3T-EfVANxF-9gvKtPzRhhtze-DQoM3CoFeimo9JfoRzlRf36eA1dlB1.jpg?quality=96&as=32x32,48x48,72x72,108x108,160x160,240x240,360x360,480x480,540x540,640x640,720x720,1080x1080,1280x1280,1440x1440,1688x1688&from=bu&cs=160x0",6
94747bd3c8f62b3af84fe72233d026bd.jpg,"https://sun9-35.userapi.com/s/v1/ig2/8KtSJBJQCrpWbXHSr_L_OARpxTMXnmo0vszGRoblTyuWwX1_G0xWHxL1kNuq2itEOGTIDv6wGtGG61oqSbPrLSJ2.jpg?quality=95&as=32x33,48x50,72x75,108x112,160x166,240x249,360x374,480x499,540x561,620x644&from=bu&cs=160x0",3
ef4ab0a6d5fbd79089b8a63c7da2aa68.jpg,"https://sun9-79.userapi.com/s/v1/if2/C6zVT3rqxnDloGpdDMw9zMNXNGUZxg2pb2ZaKKxas7CuzxX1FTBMTri9ZY4TyRtwIYxglUgemrs26lHl3uso-peK.jpg?quality=95&as=32x21,48x31,72x47,108x71,160x105,240x157,360x236,480x314,540x354,640x419,690x452&from=bu&cs=160x0",3
bd83ddb779ba8108253a4788f73146a4.jpg,"https://sun1-83.userapi.com/s/v1/ig2/oal0e7rYPF8_HjqQxy9UT5wZW3bN36QscefHPZZiymdJE7wHDNg2cPywKeDs7mVpQyj3EqtCskQxzjAa3fnGpp5m.jpg?quality=95&as=32x32,48x48,72x72,108x108,160x160,240x240,360x360,480x480,540x540,640x640,720x720,1080x1080,1280x1280&from=bu&cs=160x0",5
7e575d5e4c6c7f89aee23f7848d13884.jpg,"https://sun1-24.userapi.com/s/v1/if2/ikICQldB3XMM3ePvUo9ondDLEfzZF0WGavi0b94_i03HSEfOS1d4ckGqvLmnfQaKd0lZjLaou_Zp31LV0SPihVtz.jpg?quality=95&as=32x22,48x33,72x50,108x75,160x111,240x166,360x249,480x332,540x373,640x442,712x492&from=bu&cs=160x0",2
e9eeb21952458ab7bc4a63be125b8733.jpg,"https://sun9-8.userapi.com/s/v1/ig2/wh1GuLJSC-saDNHeUYQ6s-ljqyubGO1mOHdiugbAeL4sCIJWwmO4d60GIldXsowcbYfraTMdK0WlJcuvGvI5XMLW.jpg?quality=95&as=32x32,48x48,72x72,108x108,160x160,240x240,360x360,480x480,540x540,640x640,680x680&from=bu&cs=160x0",1
d9bc9598af2c483479b146b461636892.jpg,"https://sun9-23.userapi.com/s/v1/ig2/OxjdhlmB48YTyzZMxjTVwlx78RP_TJGu7Ijk_nhJKMs6s8-3fxQlN-0QbKLQR_h5rBBRx20_ioci2YjdVN_Ei3hM.jpg?quality=95&as=32x32,48x48,72x72,108x108,160x160,240x240,360x360,480x480,540x540,640x640,720x720,1080x1080,1280x1280,1440x1440,1800x1800&from=bu&cs=160x0",0
082a78de95b3f7c384b922d871146ffb.jpg,"https://sun9-61.userapi.com/s/v1/ig2/IAn9UvY_osFuuUE4_jlZTpAPyq2gFXGNMIZxVAXWh6_RaWX6XXQcFKzlq6s4lti9twk0qpaW7piVr29cb_58KBqa.jpg?quality=95&as=32x32,48x48,72x72,108x108,160x160,240x240,360x360,480x480,540x540,640x640,720x720,1080x1080,1280x1280,1440x1440,1800x1800&from=bu&cs=160x0",0
4f82eeb45f986f6150ecf1a88809c634.jpg,"https://sun1-27.userapi.com/s/v1/ig2/XH0R6cnhUEZzIsec-7qb5XZgoRsfkXKRrfKi_54D89CIe-xdZzgTdqsYqee0xTSnwU48pyBcz1D444MZRvBgwWh3.jpg?quality=95&as=32x48,48x72,72x108,108x162,160x240,240x360,360x540,480x719,540x809,640x959,720x1079,854x1280&from=bu&cs=160x0",5
cfa60aa863343555a12b2bf5dee95add.jpg,"https://sun9-70.userapi.com/s/v1/if2/10YS3Fc8FO3TAPzuMWzszwaqi2EGWlKFxRnYzQew5qbvWe7crP0MTZOHJwslAJe_8XbjHt8k3cQ9oHdPwKgVuKYj.jpg?quality=95&as=32x28,48x41,72x62,108x93,160x138,240x207,360x311,480x414,540x466,640x553,720x622,1080x932,1280x1105,1440x1243,1478x1276&from=bu&cs=160x0",1
0cd8c4ddbb9aece8cc1cf3a1741f8dfb.jpg,"https://sun9-50.userapi.com/s/v1/if2/tCqnk7j4x_ZfQWqsgpJHRdRXwRbwaknT8SeVU48NMRY2zfuKcesulmIoWf7U4Aiu5oGPAcfrtkhvLTDyRsaSViNd.jpg?quality=95&as=32x21,48x32,72x48,108x72,160x107,240x160,360x240,480x320,540x360,640x427,720x480,1080x720,1280x853,1440x960,2560x1707&from=bu&cs=160x0",0
b7d6bff3a9a405862ef73472fb3941f5.jpg,"https://sun9-62.userapi.com/s/v1/ig2/LcMl8U0AYGh2RPUsKduIzaK968vCC0YMki-PXQqY89uuo9br6sHTlPr21676nMnpohI2uTuxLrvQfI9-tKvewckT.jpg?quality=95&as=32x32,48x48,72x72,108x108,160x160,240x240,360x360,480x480,540x540,640x640,720x720,1080x1080,1200x1200&from=bu&cs=160x0",0
8bbf21703ff93d0df0132919e8a8b93e.jpg,"https://sun1-90.userapi.com/s/v1/if2/to662c-QzYsKUvSsf_u328PZE9o_uAhFaiTEoakxYdLZDjSuEdwoanY41gl1yawYjcrIzSVd0CoxAq-tyZRZ8Acq.jpg?quality=95&as=32x24,48x36,72x54,108x81,160x120,240x180,360x270,480x360,540x405,640x480,720x540,1080x810,1280x960&from=bu&cs=160x0",5
433b1d3404261789900287b791f7cf76.jpg,"https://sun1-21.userapi.com/s/v1/ig2/jgN_1gsITGEWjGM2L-HXc3BSE6JJUM1_P9TCMSLimytAe7k3Prainbemuqzs6JWItnqeZUoa5mdt8si94WzMvAfo.jpg?quality=95&as=32x48,48x72,72x108,108x162,160x240,240x360,360x540,480x720,540x810,640x960,720x1080,1024x1536&from=bu&cs=160x0",2
b00507464a0ca88d1f45bef4e5d7a222.jpg,"https://sun9-22.userapi.com/s/v1/ig2/0ccW6w3BWUXjqxEFU6jzhjd_XKnQa8gsI1zx5ifu601McOgsc1P2cOmOjCrwAXKNnXN5VWWUEXDbbD19NVzvfrAA.jpg?quality=95&as=32x37,48x56,72x84,108x125,160x186,240x279,360x418,480x557,540x627,640x743,720x836,1008x1170&from=bu&cs=160x0",6
542d735aa58865d5341a20156318358b.jpg,"https://sun1-91.userapi.com/s/v1/ig2/63xxn9uzQirHwR-Zy4suMoDkV5itnCrni6ZAoFA_zpDvMfKIAAvVBkV2xHVf9qFkEQ5YwYHCokLSH3QqCRz9lUxk.jpg?quality=95&as=32x32,48x48,72x72,108x108,160x160,240x240,360x360,480x480,540x540,640x640,720x720,1080x1080,1200x1200&from=bu&cs=160x0",0
f0c51b6d3d7feb3725c52a0edc8b70da.jpg,"https://sun9-70.userapi.com/s/v1/ig2/pxyIKBI2FyYnTigbLSDili1IdEpmcOG_Usmz6ge7wWPndWg6zfhbZdM7q-vAtS2bD8VYN3IYQzRWydINIi3SKFCv.jpg?quality=95&as=32x36,48x53,72x80,108x120,160x178,240x267,360x400,480x533,540x600,640x711,706x784&from=bu&cs=160x0",3
4832e569f31627196daca9f0c51bc42a.jpg,"https://sun1-15.userapi.com/s/v1/ig2/oWNSCFGUchiP99jkU40DICYj47IGyDzjElCa7_w8R9MN4GPajqMgjqx1lCitvbxl__mXhyKYl7ybIJ1F0K9_efuQ.jpg?quality=95&as=32x32,48x48,72x72,108x108,160x160,240x240,360x360,480x480,540x540,640x640,720x720,1080x1080,1280x1280&from=bu&cs=160x0",5
e6132bd71decc9f223c503416872c18b.jpg,"https://sun9-72.userapi.com/s/v1/ig2/QMyYjlkXFF3-8_n90tzhyU7oxgtza4cxAR9XnpsMVAz04fxeqkRMaepan7NXYrXq-lvFY4Y37oDLP3n3a8HKYTLY.jpg?quality=95&as=32x32,48x48,72x72,108x108,160x160,240x240,360x360,480x480,540x540,640x640,720x720,1080x1080,1200x1200&from=bu&cs=160x0",0
c9d7c6168b4542c31c4ccc3d99a330ed.jpg,"https://sun1-15.userapi.com/s/v1/ig2/kbBH1l23oIf0jtzq7XQKV3v7_HasE05Y0bXHFeO7sTuAMAvLsyrvvbnK8ee9AGAEu0fv0xbm090KztLaSPlpPrMO.jpg?quality=95&as=32x40,48x60,72x90,108x135,160x200,240x300,360x450,480x600,540x675,640x800,720x900,1024x1280&from=bu&cs=160x0",5
7fc69c5e01c67ed62b41445954f1ea9f.jpg,"https://sun9-78.userapi.com/s/v1/if2/P3FKN6cWu7FSSuCZs11yPcf2ErSqzAOOx55gbSbVlyPwdS9EgeGQg-8RUyDOqa5E4Jk48FkslMlFP4mw0ONtx0tu.jpg?quality=95&as=32x27,48x41,72x61,108x91,160x135,240x203,360x304,388x328&from=bu&cs=160x0",1
0c32af08f40f9bda6a41aa363267cb76.jpg,"https://sun1-56.userapi.com/s/v1/ig2/fxSrAxSt2BCbcGhiXIfjEdnJDd1nnH7sHh7teO5f_td1baJgAo2BAiRBaqBTcPbJKltsAepWMKJMjvVx20iXK5gS.jpg?quality=95&as=32x46,48x69,72x104,108x155,160x230,240x346,360x518,480x691,540x777,640x921,720x1037,889x1280&from=bu&cs=160x0",5
dedcc3e7923e0d17956ad67ebe474c20.jpg,"https://sun9-69.userapi.com/s/v1/if2/oZPKb0PUV7TyeV168Q45p5qJDhljNKf-FFQE_0nVzcQfioTZfB0U5dy5GsvEnRLE_XemRX-4ECuFleJmyA5khjQf.jpg?quality=95&as=32x28,48x42,72x62,108x94,160x139,240x208,360x312,480x416,540x468,640x555,720x624,1080x937,1280x1110,1440x1249,1476x1280&from=bu&cs=160x0",1
81fb79f2704a6c49c8ec376e7a6928ae.jpg,"https://sun9-66.userapi.com/s/v1/if2/X-tQQKc4gDamNkxALZKWsfCQupfupXa2DbwHkGZ_FalbmZjCT9M_T6F5J_wyrJElmcd-kxsHo_ALKV9AzpoxADN_.jpg?quality=95&as=32x21,48x32,72x48,108x72,160x107,240x160,360x240,480x320,540x360,640x427,720x480,1080x720,1280x853,1440x960,2560x1707&from=bu&cs=160x0",0
e1dfe3b2ee4ed0d1832b0aa1e5da339e.jpg,"https://sun9-80.userapi.com/s/v1/ig2/BF9Ql4SqTiRCzWcYlOletOaGBUhl3C3fzCR5xabE7Udcy3ONGTV3oriFz6wBKLWKLGSKKXazVFqKgi-_pHUYj3ZH.jpg?quality=95&as=32x32,48x48,72x71,108x107,160x159,240x238,360x357,480x477,540x536,640x635,720x715,830x824&from=bu&cs=160x0",3
28409850eff3a0696b1cd06476b9ff29.jpg,"https://sun9-61.userapi.com/s/v1/ig2/_IpqKFxPm8uGNKSqXS0DjTon20QwNDZ8NivdmFSaQUD7BwhxP7J3OyKlCGrP8hHs2Qtcmp4Qx4gvLRHwQXQ0EEFb.jpg?quality=95&as=32x32,48x48,72x72,108x108,160x160,240x240,360x360,480x480,540x540,640x640,720x720,1080x1080,1200x1200&from=bu&cs=160x0",0
bb97eeb76b2dd8e8c2d54e07911ee1b9.jpg,"https://sun9-40.userapi.com/s/v1/if2/larUHID-ufsKnL84slA3rbEA2mlhQHfI_XSXm7aMrCZppL5WGa55isUrhtHv2Q0WlXRjPeCede0lsAeKSTXCcPgk.jpg?quality=95&as=32x24,48x35,72x53,108x80,160x118,240x177,360x265,480x354,540x398,640x472,720x531&from=bu&cs=160x0",3
bed2cef405063c7409a5b6b9ec58351c.jpg,"https://sun9-22.userapi.com/s/v1/if2/CZDHCSDNH9B0xdFswgnEuGgO1oB6x7QhX2POlc3JhlXtcPsNqPsolHJ2YwSKLV_O8X4gf8QgKJgximrim5oIBegd.jpg?quality=95&as=32x21,48x32,72x48,108x72,160x107,240x160,360x240,480x320,540x360,640x427,720x480,1080x720,1280x853,1440x960,2560x1707&from=bu&cs=160x0",0
1660cfaa8cfb01bdd120d7d91ccce957.jpg,"https://sun1-90.userapi.com/s/v1/ig2/YIbSQCSHjedTY4yQSylSr7LUch2qzgYfBRGxcyWXVHkoWr8Q50JciPx1Rmp4ZNZ3AxqP0KLtwFm8SAPEe2mN8dCF.jpg?quality=95&as=32x38,48x57,72x85,108x128,160x190,240x285,360x427,480x569,540x640,640x759,720x854&from=bu&cs=160x0",2
2eebaf4e30bdefd5288f1177591fc3a6.jpg,"https://sun9-39.userapi.com/s/v1/if2/97aQhIxIs__j5m4wPdlma5nAiZtrlr4buIMPAVavLoGzcyT7docLywkK6iv8nS95deLmwY7z2WUn5ColGYJO7Tzq.jpg?quality=95&as=32x28,48x41,72x62,108x93,160x138,240x207,360x311,480x415,540x467,640x553,720x622,1080x934,1280x1106,1440x1245,1482x1281&from=bu&cs=160x0",1
c594790bed4144ba514e0a776860e7ae.jpg,"https://sun9-32.userapi.com/s/v1/if2/8UxThDg9FLfXF38VVJFJ99UtYYCd-3-ZJhsNv6z4fEasyh6QkR6jji-ndTcKhIy_qBcDmEfL5Hd8L6I9Z0h6rP84.jpg?quality=95&as=32x18,48x27,72x40,108x61,160x90,240x135,360x202,480x270,540x304,640x360,720x405,1080x607,1280x719,1440x809,2560x1439&from=bu&cs=160x0",1
83fc975868e8a727dcfba838ccae8e3c.jpg,"https://sun9-18.userapi.com/s/v1/ig2/ku3XRj-f76bP0Fbjn3gFKqye9qoOouUUnVk6EoaPKdGi-CqsRb07F5GN7DdodmZXpqOhc63kMKNOEGJbtDD8ZZUY.jpg?quality=95&as=32x32,48x48,72x72,108x108,160x160,240x240,360x360,480x480,540x540,640x640,689x689&from=bu&cs=160x0",1
cd09c963de1128003fd24818b6d098e8.jpg,"https://sun1-90.userapi.com/s/v1/ig2/JFHjnvlXVjyI-dCW8Irj67lxbDLUEVjZniLX1JaMCFgGlW1kFcuINyvxM-7RI-CZu3J-XARA8IC0ttWFzSCGkk_R.jpg?quality=95&as=32x32,48x48,72x72,108x108,160x160,240x240,360x360,480x480,500x500&from=bu&cs=160x0",5
17da9f5f02cc8af77b176ac1a8f790f6.jpg,"https://sun9-59.userapi.com/s/v1/if2/ogd66czhDF38G-49v_kPOH0JoDCUhSdeqKeo8Rn0aczkOqUYpPl8EYK1kZfkUu04y8-JL3HMMXI51c-Pd8Ep48sP.jpg?quality=95&as=32x28,48x42,72x63,108x94,160x139,240x209,360x314,480x418,540x470,640x558,720x627,1080x941,1280x1115,1366x1190&from=bu&cs=160x0",1
62f80185c06b4b1dea301ade9ba1a79d.jpg,"https://sun1-25.userapi.com/s/v1/ig2/8beXTyNURnfxKkKNlyaTTFt3QhMy-H2_LUpb22Ow2aESqpsTbeQWbNfogxEo610mPtKY5BwQWBv7y3fEO0hge68k.jpg?quality=95&as=32x44,48x67,72x100,108x150,160x222,240x334,360x501,480x667,540x751,640x890,720x1001,1024x1424&from=bu&cs=160x0",2
1d80be8f0128f9fc36ba9639f298aadb.jpg,"https://sun1-85.userapi.com/s/v1/ig2/tRuP4BgF1E65MNjnQ_WQnH36QI-VBdfNfOl2qWA6TwSycEDx884uWR2DNEpZB-OeI-v1MFBkmyNXxrvaJ-O9J7yA.jpg?quality=95&as=32x46,48x68,72x102,108x154,160x228,240x342,360x512,480x683,540x769,640x911,685x975&from=bu&cs=160x0",5
1268728dad3fd64b838ad6e70c965230.jpg,"https://sun9-17.userapi.com/s/v1/ig2/wz65VLkzdNmzFgtTv3-UJY2yluTNik2CqkqyItkisedZ99x1wgmUwNPWLQH_04ztSPeLslypKcQOCVnRw8MtEsni.jpg?quality=95&as=32x32,48x48,72x72,108x108,160x160,240x240,360x360,480x480,540x540,640x640,720x720,1080x1080&from=bu&cs=160x0",1
952ea5195062a204516537506a04d421.jpg,"https://sun1-91.userapi.com/s/v1/ig2/FB42LjeKh63msk610lpGbU9QGfwi3V1CyRT8eH79XxQiBVPzoBhMUK-l7uqLUqSuKbpSqgJ4BOxMEv1tqtQe_ppY.jpg?quality=96&as=32x32,48x48,72x72,108x108,160x159,240x239,360x359,480x478,540x538,640x638,720x717,1080x1076,1124x1120&from=bu&cs=160x0",6
7aee3a2fe28873d540540ca0b1d179e1.jpg,"https://sun9-5.userapi.com/s/v1/if2/tlY_aBO5GFGfRIc0un_w8A9R3AWUq8DpSRBcABLlCEDIh8jWfM5_HaUE9zMCoACDJ9uxmD5aRwteToaB7R_gJeSx.jpg?quality=95&as=32x27,48x41,72x62,108x93,160x137,240x206,360x308,480x411,540x463,640x548,720x617,1080x925,1280x1097,1440x1234,1486x1273&from=bu&cs=160x0",1
20d3fd334c7d3f5e967a0b5e02f26c06.jpg,"https://sun9-42.userapi.com/s/v1/ig2/4ToUepu_V8z5vUZTzU2vRFq1zOpqsQLWjLvYj908XoFpGHbs8xc7fX9YMtLUsxerThDcWzEC5O5WNHwAG0jZfhlu.jpg?quality=95&as=32x45,48x68,72x102,108x153,160x226,240x340,360x509,480x679,528x747&from=bu&cs=160x0",1
c67f4d9bba454c317019b83e815e44e4.jpg,"https://sun1-84.userapi.com/s/v1/ig2/hmAYtg5fgGnN8bp3vHccaO_4uJapj2IzfiMethBDPTmkJzdiGrcnb5UJBH7_9DJqd10RXR5Rti_ncd1Cgpb8GD9a.jpg?quality=95&as=32x40,48x60,72x90,108x135,160x200,240x300,360x450,480x600,540x675,640x800,720x900,1080x1350&from=bu&cs=160x0",4
b02dd9b0c1827c32fde4f3e565c9285d.jpg,"https://sun9-57.userapi.com/s/v1/if2/PvIbKczzHPXQYLDDMLUKuU62oxR6Fzb7fCMX4n2Kgk4HyjyVkh9Tm0sYKEy61ftWE3mjDl8MzNcOL3xarjf1BNTY.jpg?quality=96&as=32x31,48x46,72x69,108x103,160x153,240x230,360x344,480x459,540x517,640x612,720x689,1080x1033,1114x1066&from=bu&cs=160x0",6
0e6d7dc8bcaa8e452a4aa66908ccbd3f.jpg,"https://sun9-41.userapi.com/s/v1/ig2/gTyj36w92ocmUmgmwmfXI8emyvQUBq4et0uhVS-A5G9OBIGsiwGzlxIeNwsM4jtSKVzfOG4QRcXBVe9ofTSXxip9.jpg?quality=96&as=32x38,48x57,72x86,108x129,160x191,240x287,360x430,480x573,540x645,640x764,720x860,908x1084&from=bu&cs=160x0",6
3ef8b04476648c10557272fc18469cb6.jpg,"https://sun9-6.userapi.com/s/v1/if2/degLkvjLlflVIB8cGgWZu-lKLcr8F4YlLsBro5dmKToxk17zFxKydeNa96rO4Rawo72T2Y0W_v7WS84aDUIfQV3h.jpg?quality=95&as=32x29,48x43,72x65,108x97,160x144,240x217,360x325,480x433,540x487,640x578,720x650,830x749&from=bu&cs=160x0",3
954e8677a4ba5263992396b4559c4952.jpg,"https://sun9-9.userapi.com/s/v1/ig2/-1ZjeibW4GjCxYJWM1Kbvp2v1iGwFc89TicoIAKju2609jp4hfcErrRsz_GWB61NcT4cjMFGVC8-0DLlqXWqrriZ.jpg?quality=95&as=32x32,48x48,72x72,108x108,160x160,240x240,360x360,480x480,540x540,564x564&from=bu&cs=160x0",3
c9391402da92e44e47277708b48bc79e.jpg,"https://sun1-54.userapi.com/s/v1/if2/yhsgOVpSuDS_zm8PCSRiOgQ34_NhCXi2IlEgJwJvAXpC5nrDQjJBmJr5zl65_0WDGQTJLn2yj0rKDRb3c-HP-KEx.jpg?quality=95&as=32x21,48x32,72x48,108x72,160x107,240x160,360x240,480x320,540x360,640x427,700x467&from=bu&cs=160x0",4
a3ae5a1c157b0bed1eee811599cff769.jpg,"https://sun1-47.userapi.com/s/v1/ig2/xoMxT3tBZvH3mVQEFx4WpOLBxrU76EGBSwuWsshEI6cy979Buz2SInTyDULlHm1Qgys4xcQRtKRhKUV58ZNCvLu2.jpg?quality=95&as=32x44,48x66,72x100,108x149,160x221,240x332,360x498,480x663,540x746,640x885,720x995,926x1280&from=bu&cs=160x0",5
f7aaf0665e92e078c47838c9ddd66974.jpg,"https://sun9-84.userapi.com/s/v1/ig2/-PA51j5OhONCqzC6Jkkp7YZ-6u19pqVjRiOlz-6malpBNnZ4AOODf1C_MQqt1iztizyDaSF_B6upMXXm0xF9pZ1J.jpg?quality=95&as=32x32,48x48,72x72,108x108,160x160,240x240,360x360,480x480,540x540,640x640,720x720,1080x1080,1200x1200&from=bu&cs=160x0",0
73b2cba01db682162af8c4adf2cf29bf.jpg,"https://sun9-13.userapi.com/s/v1/ig2/i6UgFK9OVH1WQQ7cQy1NyvKcwuLlGNQpBWbhiAVaU0wtEfyKORkrg3lsDmTIi8nMqd5_neGakOJSQRFVCMXV_4cA.jpg?quality=95&as=32x38,48x57,72x86,108x129,160x191,240x287,360x431,480x574,540x646,640x766,720x861,968x1158&from=bu&cs=160x0",6
48e1c18c031b7b43f0addb27887faa20.jpg,"https://sun9-15.userapi.com/s/v1/ig2/urw-qbCdpaV1tF-pM_fpbIZT2NUynqzLMy3EHoSL6wsGTxkTZ9uzxJfRKYyCh7tN0QhC-adL4LmtLOskyLKzmtbe.jpg?quality=95&as=32x32,48x48,72x72,108x108,160x160,240x240,360x360,480x480,540x540,640x640,720x720,1080x1080,1280x1280,1440x1440,1800x1800&from=bu&cs=160x0",0
1031e49bbc8ad5ada974b7e6a1ead22f.jpg,"https://sun9-64.userapi.com/s/v1/if2/U92mRNNMoJlHVwmE1WCGwNy54FpFnRQzHlzPfrLFrImpFUzxinwh_gfCRD8A2RnycEP_E_6mMonkPbd0C6uizna3.jpg?quality=95&as=32x31,48x46,72x69,108x104,160x154,240x231,360x346,453x436&from=bu&cs=160x0",3
a649f0215df9f46b79a44e9478afc1ff.jpg,"https://sun9-76.userapi.com/s/v1/if2/9jQ86BZvYgtuNk9PXoAzsQHUgcMeKuBT5PfZiSVlhM1z6ppxRaALZTeVHboMbonoiVp72_O3u5Bu7DmatlG3yYop.jpg?quality=95&as=32x31,48x46,72x69,108x103,160x153,240x230,360x345,480x459,540x517,640x613,700x670&from=bu&cs=160x0",3
6089f566bff90e9a3e589cfdfd86d9e9.jpg,"https://sun9-77.userapi.com/s/v1/ig2/9iHx2TnOyVezxLzwpzQ_TPm016Fyd69qTxJla0ADTXaxQRiljd6Jvybrj0OXVQ4Bji3bAukSBEHTGfGJiqdZO0cq.jpg?quality=96&as=32x46,48x70,72x104,108x156,160x232,240x348,360x522,480x696,540x782,640x927,720x1043,1080x1565,1198x1736&from=bu&cs=160x0",6
b9ea331ef73bf1d89b7277a019db749b.jpg,"https://sun1-96.userapi.com/s/v1/ig2/xTlHOpDfmtwV53x1guWaSUEif_NjEJ-ODU-HxLFxB8ZP0nLJqTHDDxegdWuiTqk05sIEXCrOVRj80ud1GRzptUUJ.jpg?quality=95&as=32x32,48x48,72x72,108x108,160x160,240x240,360x360,480x480,540x540,640x640,720x720,1080x1080,1280x1280,1440x1440,1800x1800&from=bu&cs=160x0",0
3460feb4f530e1edfdea0e5ddc928e4a.jpg,"https://sun1-85.userapi.com/s/v1/ig2/jhx9otytbc4-QPLOvtdlKwGfc7TSf80JS9x7LDRVC1WmA8bZilssFGaC0LhubuLBLeh8uVh5elJNi75VXbZQ7x4k.jpg?quality=95&as=32x43,48x64,72x96,108x144,160x214,240x320,360x481,480x641,540x721,640x855,720x961,1080x1442,1280x1709,1440x1923,1917x2560&from=bu&cs=160x0",4
ad132683a9b1afc94c6ce51d0fbf4d5a.jpg,"https://sun1-87.userapi.com/s/v1/if2/E9sIt8n5oHvZvCV271ASoThjOl70Z9pHsZq4Go6a_dttDVQncYete6b_XTnGw-snKBGGZtNNv-Pkutxm6XvA71lB.jpg?quality=95&as=32x21,48x32,72x48,108x72,160x107,240x160,360x240,480x320,540x360,640x426,720x480,1080x720,1280x853&from=bu&cs=160x0",5
b83f403aad74c0e6e6b07588624b3f55.jpg,"https://sun1-29.userapi.com/s/v1/ig2/h02szukK3_GJfB456GS4rpbthDuk7DQ_f-GAlHwCMTs2Kuryl_Lyc5brQwHEDvEqt1oA3MuK3jQARoBC6xUl05xJ.jpg?quality=95&as=32x48,48x72,72x108,108x162,160x240,240x360,360x540,480x720,540x810,640x960,720x1080,1024x1536&from=bu&cs=160x0",2
80bade69b445856e41a5110b4b7e5d17.jpg,"https://sun9-73.userapi.com/s/v1/if2/VnndRW28SzveuHziXRrOR8KbkuI_B2HuXJZASZMj4kwLmuZBZTIu0VyCHjc1If2cnv-9L9VMh186xM4zalhK6eQQ.jpg?quality=95&as=32x28,48x42,72x62,108x93,160x138,240x208,360x311,480x415,540x467,640x554,720x623,1080x934,1280x1107,1440x1246,1481x1281&from=bu&cs=160x0",1
e252468d8b139ba5e5fbea4028f71ac4.jpg,"https://sun1-91.userapi.com/s/v1/ig2/zczdzmgpfAPy1RDthl5uk_Ru_9I9PJhlyGdmw5E0m2GM__68-NpuZIhWNXYksRivg8ZzJENV4JsIuetRtNphW9M3.jpg?quality=95&as=32x32,48x48,72x72,108x108,160x160,240x240,360x360,480x480,540x540,640x640&from=bu&cs=160x0",5
5b7234589512d37d05dc27c23c7d1f2d.jpg,"https://sun1-86.userapi.com/s/v1/ig2/YNuD4yE_ePBOo0nnQp5Ajmip6nxIqDCEINYR9t8dNmGyFdXgoKaYX86xQiXTeDVQIasapgCwikf2dSemv9H3iK9h.jpg?quality=95&as=32x32,48x48,72x72,108x108,160x160,240x240,360x360,480x480,540x540,640x640,720x720,1024x1024&from=bu&cs=160x0",2
c722178be5ae26a879fbc1a3075819da.jpg,"https://sun9-46.userapi.com/s/v1/ig2/vsUvWDLTXL_A-l9OkNU6NXD1GVZNYpHh3Q2EkK5PeHGAt7hY-cULcHSrv95j1zCv18ygINvbGZP9RuSN1td98mjm.jpg?quality=96&as=32x43,48x64,72x96,108x144,160x214,240x321,360x481,480x641,540x721,640x855,720x962,1080x1442,1280x1710,1350x1803&from=bu&cs=160x0",6
e56d3a9116d749e7bc1120ba4c6132c2.jpg,"https://sun9-70.userapi.com/s/v1/if2/WptWrCPbwHb7Kt5J8OmYAOgYgecpI55g5WG_Tv5voqAR27_mHJUftXC10MTnWzP71OXnyGlTz6U3RwuFKtLGOr1y.jpg?quality=95&as=32x21,48x32,72x48,108x72,160x106,240x159,360x238,480x318,540x358,604x400&from=bu&cs=160x0",1
3d1de562bf4871c65531b7db9bc1ad92.jpg,"https://sun9-69.userapi.com/s/v1/ig2/EE1vdGj2Iyu1NRgt6PXGnpyfazNZIuzzyXr7MgzLZdA9rXwjax_0tslvAdtTGX881W8ZnFqz02T2ZgqfWYvOr3dN.jpg?quality=95&as=32x32,48x48,72x72,108x108,160x160,240x240,360x360,480x480,540x540,640x640,720x720,1080x1080,1200x1200&from=bu&cs=160x0",0
9e9857c41095c1180ac7addaca01c379.jpg,"https://sun1-14.userapi.com/s/v1/ig2/DcLArBJ45OOBm0NM4Vwo-_5tL_3deqIUlNvduZVbGwCGuUan_IVM1cSDQx7bKZMdiyAXUYv5fIdnp_GP3GiVN5Ml.jpg?quality=95&as=32x32,48x48,72x72,108x108,160x160,240x240,360x360,480x480,540x540,640x640,720x720,1080x1080&from=bu&cs=160x0",5
ae4bf3aa47012f36e93e1c58ef6be5bb.jpg,"https://sun9-82.userapi.com/s/v1/if2/5zPpvztrXeqmWIzR6N2T7Ado-x5KcNzolIUGmAVwq5xoM-TZauRQihNsJKFFoNC83jQmUk7Oym4TQCrMQu4Tuw8w.jpg?quality=95&as=32x28,48x41,72x62,108x93,160x138,240x207,360x311,480x415,540x467,640x553,720x622,1080x934,1280x1107,1440x1245,1484x1283&from=bu&cs=160x0",1
0075782a5db9cd64bb60ce6104d257ff.jpg,"https://sun1-22.userapi.com/s/v1/ig2/jQUmc2cxswEZL8kMGjbvlz9b2Y_RbTYuC8YT8wHPHb7RucAWUh7C9fMhze813l4pNQWcBQurGxNGB6d8dSpRL4Rw.jpg?quality=95&as=32x32,48x48,72x72,108x108,160x160,240x240,360x360,480x480,540x540,640x640,720x720,900x900&from=bu&cs=160x0",5
e0cd2cf2c71ada2998d28ad97762f62d.jpg,"https://sun9-10.userapi.com/s/v1/ig2/vumEMoIL9pWNsiUpwqXpN-egU_nNvnV5fPnD61KSwLlWnfGw8wA0E5yVj_txZc6Wauz5dam53JR7PoR50Tcu6_0F.jpg?quality=95&as=32x32,48x48,72x72,108x108,160x160,240x240,360x360,480x480,540x540,640x640,720x720,1080x1080,1200x1200&from=bu&cs=160x0",0
6ecf8eb4f1a2210d787b014acaaf93c7.jpg,"https://sun9-62.userapi.com/s/v1/ig2/mv5Vle0zr06w4FtW9yOdtgIsPprluIVCcqpxNZVpVymvGHnhtWEnucm9-ZMoQN73UqB6cyV1ohb5P5CdF6mzo00F.jpg?quality=95&as=32x38,48x58,72x86,108x130,160x192,240x288,360x432,480x576,540x648,640x768,720x864,1080x1295,1280x1535,1364x1636&from=bu&cs=160x0",1
01ac670fc204642099579273eac302d6.jpg,"https://sun1-30.userapi.com/s/v1/ig2/s1WrdQETno-EjRO3JHe9r1YRnNkGMa42C3l7TXo04m9sptMipyMYkMFXQCY7N6r-AOJHG0uTqqpLFvKK7XS4KZJW.jpg?quality=95&as=32x46,48x69,72x103,108x154,160x229,240x343,360x514,480x686,540x771,640x914,720x1029,896x1280&from=bu&cs=160x0",5
de15431d8159d41d1a811f3f8b00d234.jpg,"https://sun9-65.userapi.com/s/v1/if2/NS78oeGeyfYlXsZ38_TM_GrpYeYvxPDDB4TP43HbHIkiYbhdVcrY935ZzxWrUij5VurZ3ycXjAS89_5gQ3pp89I7.jpg?quality=96&as=32x27,48x40,72x60,108x90,160x133,240x199,360x299,480x398,540x448,640x531,720x598,1080x896,1280x1062,1318x1094&from=bu&cs=160x0",6
304010d768f23f34a00a5ba78c154536.jpg,"https://sun9-49.userapi.com/s/v1/if2/Y7N03gxNJguft7_vPJ-ILhaErlJstkXLE7WYV0rUzm4uS8PfOFLK3Bbv7EFNpdLM869otDFx4vUUok1EIybZR8i0.jpg?quality=95&as=32x13,48x20,72x30,108x46,160x67,240x101,360x152,480x202,540x228,640x270,720x304,1080x456,1280x540,1440x607,1598x674&from=bu&cs=160x0",1
417ab371e517c4c226f887e3c490763f.jpg,"https://sun1-97.userapi.com/s/v1/if2/09hkf4VGG8XK_7TUqxXNCu6904T9RSXqWl2aLLcOwCOP08CthsplL3L8lcdr2BB8agE_ULVBlMts3Lp_3P5Xd4pi.jpg?quality=95&as=32x30,48x45,72x67,108x101,160x149,240x223,360x335,480x447,540x503,640x596,720x670,1080x1006,1280x1192,1440x1341,2560x2384&from=bu&cs=160x0",6
1d5a35a942c6c49a5d846d1ca30d6f70.jpg,"https://sun1-18.userapi.com/s/v1/ig2/eWYFpilB9H5hiZjj9VHZ5du0SIDwSJzuIi0t3Ar_pkGpGCj1E1ugZvt2Ll3stKb9earQh6QmNvXdFiw-XhkZjDwZ.jpg?quality=95&as=32x32,48x48,72x72,108x108,160x160,240x240,360x360,480x480,540x540,640x640,720x720,1080x1080,1280x1280,1440x1440,2560x2560&from=bu&cs=160x0",0
e2930da00bb2355870cfa7640d71f2ed.jpg,"https://sun1-89.userapi.com/s/v1/ig2/NRQ9dGYkEqksF9bv3jyCHOmg-si6QNVBPlJg2n-PPp9_gX_L2e8iIp2xxBKotU-ObWDAREYFPFIjOPQqwiLSf5r2.jpg?quality=96&as=32x38,48x57,72x86,108x129,160x191,240x287,360x431,480x574,540x646,640x766,720x861,928x1110&from=bu&cs=160x0",6
e77a150dca0546ba97cfe5f1d401de68.jpg,"https://sun1-91.userapi.com/s/v1/ig2/xgPN5zB-t1vuT5vrl2llHMHSxsUdY3HTWOQa202wyfqJtChZVqBCGnsmqXkFalC2Nfi3AXyZlM4ISsleUI1K9C-T.jpg?quality=95&as=32x32,48x48,72x72,108x108,160x160,240x240,360x360,480x480,540x540,640x640,720x720,1080x1080&from=bu&cs=160x0",4
ab68e3eef0070932d3481f7293020151.jpg,"https://sun9-44.userapi.com/s/v1/if2/1h_2gSe6F2g-Yl0MI1lAnvqqGsJspR1eKR6891GWG-jMnPysbAEsNe1IStTksaFI8PTiU1ZOOLroqDa2r3pEOAtA.jpg?quality=95&as=32x21,48x32,72x48,108x72,160x107,240x160,360x240,480x320,540x360,640x427,720x480,1080x720,1280x853,1440x960,2560x1707&from=bu&cs=160x0",0
a3d246928b2d91cb12f8c29b5d9c2200.jpg,"https://sun1-47.userapi.com/s/v1/ig2/CPNKicZKLbG0SDiRxfel366N6vSznYRGpdkQnmYQK28OTD9ILqXpP5ciHu-pFE_lwCPZE7UaIyqigh_B_vI5Z-n3.jpg?quality=95&as=32x41,48x62,72x93,108x139,160x206,240x309,360x464,480x618,540x695,640x824,720x927,1080x1391,1188x1530&from=bu&cs=160x0",4
c150abc9236c08104ca2a849c194d912.jpg,"https://sun1-96.userapi.com/s/v1/ig2/WHNFU_3eiBXLhgCXshyi0dWuIeeYz_yHaTtcBbr8wsBNLCxSOLhAqfwRaZSoToEWvRxvJZW9LNuIO_YQaJwKhm3X.jpg?quality=95&as=32x51,48x76,72x115,108x172,160x254,240x382,360x573,480x763,540x859,640x1018,720x1145,828x1317&from=bu&cs=160x0",2
8380635fdbce89119d689aed7f1963d9.jpg,"https://sun1-57.userapi.com/s/v1/ig2/D-yLkmBzgBpJFNoXCo_cYQ_r_SCdSmEaDr_wo154bD3__xHLwZt1wgrkTTWl2FPlaLBIiTZkjnIrGx8ZDklvrXRg.jpg?quality=95&as=32x41,48x62,72x93,108x140,160x207,240x310,360x466,480x621,540x698,640x828,720x931,828x1071&from=bu&cs=160x0",2
ad75d3bb942d24d58874f5e8a6b7bdec.jpg,"https://sun1-96.userapi.com/s/v1/ig2/wULlss8io9NTs-8nfnwbK-ej8zCRmVv_dTYNkjbLZzh7Av2H0NkTrlOFh200Yrgud-uPqjKjPvqa-JHuzI0qxjdZ.jpg?quality=95&as=32x40,48x60,72x90,108x135,160x200,240x300,360x450,480x600,540x675,640x800,720x900,1080x1350&from=bu&cs=160x0",4
0f70aa4042294efb4849f56f507f7fca.jpg,"https://sun9-36.userapi.com/s/v1/if2/nviMjI2EmoXMPhS_gHu28Fsxo0fov85V76cagY7lWibPhSgass-fOwZHRzwII9e0_zDpkOLM1oPXhO7Oap_Vzkx7.jpg?quality=96&as=32x21,48x31,72x47,108x71,160x105,240x157,360x236,480x315,540x354,640x420,720x472,744x488&from=bu&cs=160x0",6
abb3a34dac3cdb87fa781fbcb9c75cd6.jpg,"https://sun1-83.userapi.com/s/v1/ig2/MOfCza6QMohPTWTcoLEVn0O_S37ADceWx-rlkZYLsv3xM0ZNAxvNnV5kf5lKhvqkYO8qB3wMq-RpUnWfEl2jFA8D.jpg?quality=95&as=32x40,48x60,72x90,108x135,160x200,240x300,360x450,480x600,540x675,640x800,720x900,1080x1350&from=bu&cs=160x0",4
9f2c86161ac3c4452d7be9ed285c8324.jpg,"https://sun1-13.userapi.com/s/v1/ig2/XcrGpcMb17tcH3rMGcPiK37yZGEyIp1ggrAC9gPy8bFfxCtuuTdwG78okStK0oklVJgkGJWwxX6q4WohG1-kRXpX.jpg?quality=95&as=32x33,48x50,72x75,108x112,160x166,240x249,360x374,480x499,540x561,640x665,720x748,1080x1123,1163x1209&from=bu&cs=160x0",5
b8ec73366aebb05949259596b6aee660.jpg,"https://sun9-82.userapi.com/s/v1/ig2/vi5xJ8YgbhHGrvBROMADCRz5SnAAN_NYbdnDsNXMRRQhKi2wBqa3E41MuPUDp-1_WClix4bTXkW0vanpJI0gAuBM.jpg?quality=96&as=32x33,48x50,72x74,108x112,160x165,240x248,360x372,480x496,540x558,640x661,720x744,1080x1116,1090x1126&from=bu&cs=160x0",6
287669aec2e6a7e32aa7e52273f8e57a.jpg,"https://sun9-85.userapi.com/s/v1/ig2/o_pKmPIShXCwR9BICu6Wz3IVGO0537PH6j2uzoeU_74tsHOiuPHMSua5PVuzqyd8v6cATExkc-WfM-unChyEij_-.jpg?quality=95&as=32x32,48x48,72x72,108x108,160x160,240x240,360x360,480x480,540x540,640x640,720x720,1080x1080,1280x1280,1440x1440,1800x1800&from=bu&cs=160x0",0
f8604af5301e53ba9236dc827d49a10d.jpg,"https://sun1-13.userapi.com/s/v1/ig2/jKq-dtBI0AUNW_uJW3_cZjMVGMilzXNY0OBcs5hXFYLFccjJqwFVybBZCdUD3UMXWwcoFl6Psd9naSpCAwqEteas.jpg?quality=95&as=32x32,48x48,72x72,108x108,160x160,240x240,360x360,480x480,540x540,640x640,720x720,932x932&from=bu&cs=160x0",5
a8a219e1d42df526d58b423b8dec092c.jpg,"https://sun1-21.userapi.com/s/v1/if2/k2Qo-CJG369pxHaMjQesVa42zakeh3ZM0-bCqqV7Ls4HNhZbxJTRrp92k92Us0adcVF0uTxwuF7k4CjfNW-uNxDs.jpg?quality=95&as=32x31,48x47,72x70,108x105,160x156,240x233,360x350,480x467,540x525,640x623,700x681&from=bu&cs=160x0",4
b60a1fa94847c22bb538c77744899ff3.jpg,"https://sun9-25.userapi.com/s/v1/ig2/a0epll32RcKfsn2RXxA217rf9VuriK3tpk8hkTt5UAgFXVJEHMxK_nHv_PtG6Ad0zUZePdw4S60LKI3SctR01DEP.jpg?quality=95&as=32x32,48x48,72x72,108x108,160x160,240x240,360x360,480x480,540x540,640x640,720x720,1080x1080,1280x1280,1440x1440,1800x1800&from=bu&cs=160x0",0
5ab543745ba53bacb63695322b697d7d.jpg,"https://sun1-95.userapi.com/s/v1/ig2/ZN8KZb7vLYB-vuN6irKw4lq5MQibYRm_O1cOwQdoD-NEI2mWtUMpL_Glo_anoTuXTJEzVBhpdvXkOa56OB6QfmqP.jpg?quality=95&as=32x48,48x72,72x108,108x162,160x240,240x360,360x540,480x720,540x810,640x960,720x1080,1024x1536&from=bu&cs=160x0",2
7fc23340fa2512b966e1718f98aaafb1.jpg,"https://sun9-20.userapi.com/s/v1/ig2/IYr4OpqSj9pmT1twgkHekPzL6Zi0L-n9CMzSGXWc2IGB2yoLqZxdKTa_0cIPjdafGRjEZHP9iV7lNVkvJgEFt8zD.jpg?quality=96&as=32x32,48x48,72x72,108x109,160x161,240x241,360x362,480x483,540x543,640x643,720x724,1080x1086,1130x1136&from=bu&cs=160x0",6
40a46fb05b67fdcdeffe676baf80b426.jpg,"https://sun9-12.userapi.com/s/v1/ig2/sp4nLshF4V9aUxF9w42zAJCM-NBk12Dabq0SoDb6hfaMiRf2pfrq4tnd3QP62FX05e2KBFAzfCVCjneta4unhncN.jpg?quality=95&as=32x36,48x54,72x81,108x121,160x180,240x270,360x405,480x540,540x607,640x719,720x809,750x843&from=bu&cs=160x0",1
13cf131a3b7a5a9ab460cab7306500ad.jpg,"https://sun1-17.userapi.com/s/v1/ig2/5VreyA69xOCvBWdU8-GC19S8FM_i8HiZSzgcRXeHn-e82T7FAP8bBy0t-0YS1DnAzpj8pue5TB2ieixcU-QnxUdd.jpg?quality=95&as=32x40,48x60,72x90,108x135,160x200,240x300,360x450,480x601,540x676,640x801,720x901,748x936&from=bu&cs=160x0",5
9d2e012f167a095373db3881f5995740.jpg,"https://sun9-29.userapi.com/s/v1/ig2/Sm9kvEiLCauyjbFhklIk1_jF7D2wry1w6HjfLa3ireveuPQARMIfT7PKxH-IdEPIQM8JrsOQzIDnOKv6m85do1Rl.jpg?quality=95&as=32x32,48x48,72x72,108x108,160x160,240x240,360x360,480x480,540x540,640x640,720x720,1080x1080,1200x1200&from=bu&cs=160x0",0
9d71376ac095970c24fa75abefdf7512.jpg,"https://sun9-53.userapi.com/s/v1/if2/39XQ_52MwPl37ocnMObrcZ5sdA5lThRhtGYRuX6M3LOcVB8fGzej5qM-77IGaAhA5iy8fuzE88v06QySz2A4tS_y.jpg?quality=95&as=32x27,48x41,72x62,108x93,160x137,240x206,360x309,480x411,540x463,640x549,720x617,1080x926,1280x1097,1440x1234,1492x1279&from=bu&cs=160x0",1
ea9708910313896c291ca088a7c1b83d.jpg,"https://sun9-49.userapi.com/s/v1/if2/7m-hybQShEY-y_iBUA3JP2nhl6c6N2UkGIFipFuxYM4pQamkrwaZjuO3fXQjwD8zcCh4h9Ewl7rcC9tXcAIP1xBu.jpg?quality=95&as=32x31,48x46,72x69,108x104,160x154,240x231,360x346,480x461,540x519,564x542&from=bu&cs=160x0",3
570dce8486b54e18336f8a87424f8e81.jpg,"https://sun9-46.userapi.com/s/v1/ig2/PkcYMOq-o75FMnteaya74wNzCgMle8Jk-RgZEDhAr7fBOI12_EVKYQMEineICQFcLHoyWnDye6FmwLJaZ_1xTGKy.jpg?quality=96&as=32x32,48x48,72x72,108x108,160x160,240x240,360x360,480x480,540x540,640x640,720x720,1080x1080,1134x1134&from=bu&cs=160x0",6
4e14ac493d9c99fff7c491bc0eef3db7.jpg,"https://sun9-65.userapi.com/s/v1/if2/AvZoqy33rP_4Qu6r5egF3Kz2ACx6AulyotabRLV97xtmEDKXhIWHJAK_WNVfhNX5kceEoN1dA7IZU0bujcJC_heq.jpg?quality=96&as=32x26,48x39,72x58,108x87,160x130,240x194,360x292,480x389,540x437,640x518,720x583,1080x875,1280x1037,1440x1166,1452x1176&from=bu&cs=160x0",6
c3a91575cc5fded0aff0e2af481cf296.jpg,"https://sun1-26.userapi.com/s/v1/if2/OdpcL7Iz5wFug1vEUp_-7IsJ7qz2D8c2Co_94Gf89Pe5tElMDDHS1WWoo_ECrVv79c4ADYlphdJZD7b5j-UD6CeP.jpg?quality=95&as=32x21,48x32,72x48,108x72,160x107,240x160,360x240,480x320,540x360,640x427,700x467&from=bu&cs=160x0",4
95a41c5247b19ea0f19bc088573d6ae3.jpg,"https://sun9-35.userapi.com/s/v1/if2/ZbE7VKZ8fQgcaF6jiQwI1YdM0CdDJK8QmiI2ATKr9NGpjS4UshsFN96f4Omuuxtj6TA9IyHmU1DYUygYiiY4nvLD.jpg?quality=95&as=32x28,48x42,72x63,108x94,160x140,240x210,360x315,480x420,540x472,640x560,720x630,1080x944,1280x1119,1440x1259,1466x1282&from=bu&cs=160x0",1
0748528b876c6bb63556a27c65832b8d.jpg,"https://sun9-87.userapi.com/s/v1/ig2/eo9-d3Ob4bwRx2zoZ2lxYgjt9lcM7EClFeg0AtfneDDbjiElC-OXwbZWPlzrcF0tJGFgT5h92ZwZUsLdkGQzJU_X.jpg?quality=95&as=32x36,48x54,72x82,108x122,160x181,240x272,360x408,480x544,481x545&from=bu&cs=160x0",3
7df0ed3574287ae81e62ccc89c19cfc6.jpg,"https://sun9-34.userapi.com/s/v1/ig2/b6u3k5tqWL7r5UjV6OO9nObN5fkRMar6DRD1JPwWGssRpkBK1ZWpcNjnng_yPLT2QoIZ-yqEhZdPNcEkFRqzWNTA.jpg?quality=96&as=32x43,48x64,72x96,108x144,160x213,240x319,360x479,480x638,540x718,640x851,720x958,848x1128&from=bu&cs=160x0",6
81f1476db36ed024e998781014920318.jpg,"https://sun1-27.userapi.com/s/v1/ig2/nq7oAdgiqd2OfAJA0zhVBsXVefJM3X2Pq5bpgESSf1W96oNMYwfgHsKtZEIaL_KqjIqUYRd3Sj6woeIZeGhk7I_Y.jpg?quality=95&as=32x32,48x49,72x73,108x110,160x162,240x244,360x366,480x487,540x548,640x650,720x731,1080x1097,1280x1300,1440x1462,2521x2560&from=bu&cs=160x0",6
98c80bea0653af18b3a30e5d273ecdb6.jpg,"https://sun9-49.userapi.com/s/v1/ig2/cSYoYtCse0-QKUM5pPak9oK40HuO8qNm_svVc42P0GXDQOfJwmnrkeOyZCRYaGy8vEY90EluUwLEsharVcRvPFe6.jpg?quality=96&as=32x51,48x77,72x116,108x173,160x257,240x385,360x578,480x770,483x775&from=bu&cs=160x0",6
6b83823834f30f079f8cb48ea505c1cc.jpg,"https://sun9-48.userapi.com/s/v1/if2/nrFKfa-wO2QFDGmX6wvYOCj87zJ95Qo740tMmgonBQu62T_v-TsdPHOKPHkTUtkipmUxxhmzcHHda0DNPufi_F4w.jpg?quality=96&as=32x31,48x47,72x70,108x106,160x157,240x235,360x352,480x470,540x529,640x626,720x705,1080x1057,1132x1108&from=bu&cs=160x0",6
e8eff64a466f2759e66cad6c927c2968.jpg,"https://sun9-9.userapi.com/s/v1/ig2/xLDC95RAV1aEPhKecZIfTo89F8g_QS9N0e38PMvFs_Pfot-1Y-BqiXE6Ei7Rhw_-jDrYUuQv_ADp8XoPdZXlZ6zU.jpg?quality=95&as=32x34,48x51,72x77,108x116,160x172,240x257,360x386,480x515,540x579,640x686,720x772&from=bu&cs=160x0",3
557223459ae5fc2d0e02f7b096b1cd72.jpg,"https://sun9-24.userapi.com/s/v1/if2/gd4I9dK8MI03DyXKeyl8GYgLPRN2EzN_n3MoJWyax_D0q0L8ivNrY_7U5JcRnzmO-xIsoAOFM4U78RLLJmgo6GtK.jpg?quality=95&as=32x29,48x43,72x64,108x96,160x143,240x214,360x321,480x428,540x481,552x492&from=bu&cs=160x0",3
8d51252bf70372ad8992c0378bf9f0d9.jpg,"https://sun1-19.userapi.com/s/v1/ig2/DkrlS0JvC78LHWYoi9oXdDiyQI_rnDJRHmIfnDCTYF1U43VaQLD1EyKMM6r_BK0lEvd5kfNdmnfp2MX7IndQdGWH.jpg?quality=95&as=32x32,48x48,72x72,108x108,160x160,240x240,360x360,480x480,540x540,640x640,720x720,1080x1080&from=bu&cs=160x0",5
46d32d78659175b7de6e014df7ad5200.jpg,"https://sun1-47.userapi.com/s/v1/ig2/jGZjuxyhZvbX6ei8Sz5yseFynkxpOXaLlACk2he4xEohvrCgI_Tybpie06zCzUVpXqTyxPMthZsGDm1dWA0jJcNH.jpg?quality=95&as=32x32,48x48,72x72,108x108,160x160,240x240,360x360,480x480,540x540,640x640,720x720,1080x1080&from=bu&cs=160x0",5
9a12ad355d01e85eecc226f76c37fd09.jpg,"https://sun1-97.userapi.com/s/v1/ig2/BlowarITBriBH4PFS2UXS-IE7sFXg3BxIgQjzZ0_eqj6Rvuvz5-tIdPkpFb9GZ2JQSnHECMqUN_XAHFJdJwifwOi.jpg?quality=95&as=32x42,48x62,72x94,108x140,160x208,240x312,360x468,480x624,540x702,640x832,720x936,985x1280&from=bu&cs=160x0",2
d9975df7e6eb0935861800cb2ad5650e.jpg,"https://sun1-55.userapi.com/s/v1/ig2/7qY6zZeEq1ZS6mreU7kIIhQqhqVxl-qPhPTiYZ7dANWpgfwqUbEilGHeBYYFZLIG_kKLEDBo-Kw9YNXWPCjVkjQi.jpg?quality=95&as=32x40,48x60,72x90,108x135,160x200,240x300,360x450,480x600,540x675,640x800,720x900,1024x1280&from=bu&cs=160x0",2
7c5e709e6c46f337da1bc24356dec7ad.jpg,"https://sun1-15.userapi.com/s/v1/ig2/ECdLsGf60CzUcSvtXSZZRYIEhFg0eNFYKLXr9QySCx7IpJpPtCtoDX1am0rDTF2eYlaPl710BLayEapSVvPqtfsF.jpg?quality=95&as=32x43,48x64,72x97,108x145,160x215,240x322,360x484,480x645,540x725,640x860,720x967,953x1280&from=bu&cs=160x0",5
44792400170c5ca10d3998b99a024056.jpg,"https://sun1-18.userapi.com/s/v1/ig2/FpWg6jMibmQK7RVEs_2onS8lmDDLEk_Tf_h-wYk7QHvT8Rifb0jSLoQtXpgTC4PGms6HKbadITA0EtZJhv4qlJLd.jpg?quality=95&as=32x40,48x60,72x90,108x135,160x200,240x300,360x450,480x600,540x675,640x800,720x900,1080x1350&from=bu&cs=160x0",4
9e93c44a145ccabbcdab7121df5cb6ae.jpg,"https://sun9-55.userapi.com/s/v1/if2/y87KRiKcEUtUiWsOgcdLb1Gg3L8hbNRkn7aNDtRJ7t4FE2R1f6gsDFknbPN0dtVugU0Gvm73hH2XK7zftZVEVhsM.jpg?quality=95&as=32x21,48x32,72x48,108x72,160x107,240x160,360x240,480x320,540x360,640x427,720x480,1080x721,1280x854,1440x961,1800x1201&from=bu&cs=160x0",0
b1b55f739d372ba334830b8d90d4d26f.jpg,"https://sun1-30.userapi.com/s/v1/ig2/9GmhoIvWg-3LXnHvgAwjyVUcH5PdxcnsH-irTh2TW5XWAe8L53Fm5k5duCvHENgFJg-AtVzY0zEWmvorIDpjcC3H.jpg?quality=95&as=32x37,48x56,72x84,108x126,160x187,240x281,360x422,480x562,540x632,640x749,720x843,1080x1265,1093x1280&from=bu&cs=160x0",2
e1dfe3b2ee4ed0d1832b0aa1e5da339e.jpg,"https://sun9-80.userapi.com/s/v1/ig2/9G8wm4R44XboyMZsC3i4Yqr255pb1KvkkjCDx2vE_WMtGf1QiWImQPFbgYbgEVew_qe8lzauYxwwLh5spI2KR3A7.jpg?quality=95&as=32x32,48x48,72x71,108x107,160x159,240x238,360x357,480x477,540x536,640x635,720x715,830x824&from=bu&cs=160x0",3
d0a0868215231f3174ea21b3ccd5a3d4.jpg,"https://sun9-32.userapi.com/s/v1/if2/TgnvhJ290g9Qa4Ni3eh3sW1pN9d9ZiQtbwO3fZvrR1UGobBY5r7MGD1rogNKh3wWhjkEdsX6ZRzQ9AbVTfpciZ6j.jpg?quality=96&as=32x23,48x35,72x53,108x79,160x117,240x175,360x263,480x350,540x394,640x467,720x525,1080x788,1280x934,1440x1051,1576x1150&from=bu&cs=160x0",6
8ac6a6b946e13e7c63c09fc7dcc6e8b3.jpg,"https://sun9-74.userapi.com/s/v1/if2/KnJwRmySLYqW4mAxj8inV6qKl6GR712wMDdma4JFAL_hulhZUu28gjddm7CVK91voNYZOWHt8AZOgkC0A-TOhDh7.jpg?quality=95&as=32x31,48x47,72x71,108x106,160x157,240x236,360x353,480x471,540x530,640x628,720x707,830x815&from=bu&cs=160x0",3
efad1d940269b0edfebc1c80bb28fe9d.jpg,"https://sun1-23.userapi.com/s/v1/ig2/bWwpEWRjM9nicr16iU1EwXFtq1X4m4wR6jqXraLiwY8jwUr0u72dWU4HeYOgqRssa_AfQsNj5X4WM7e6QQjBmoXS.jpg?quality=95&as=32x40,48x60,72x90,108x135,160x200,240x300,360x450,480x600,540x675,640x800,720x900,1080x1350&from=bu&cs=160x0",4
6cce38f51e7a513c4b34e648c2732dc9.jpg,"https://sun9-27.userapi.com/s/v1/ig2/KqKfe552dXS7Aq9xzDZHjeKbittlkilsg0Jbh2ykLLcvbTU_pMPR3gkV0g8kyZTDSv_7HVMRMxjR8byTxsDKZMqr.jpg?quality=95&as=32x39,48x58,72x87,108x130,160x193,240x290,360x434,480x579,540x652,640x772,720x869,725x875&from=bu&cs=160x0",1
291a77d1071924ef02b02724e31f3067.jpg,"https://sun9-46.userapi.com/s/v1/ig2/Vp2DnRie8ruEPiUXCKMPmILu0HWU37fAz1QxYBhl9RuBbV2v6HnWjfLrrTEwGGy740PlCMTkE_LG5tJe5EE-O1yY.jpg?quality=96&as=32x32,48x48,72x72,108x107,160x159,240x239,360x358,480x477,540x537,640x637,720x716,1080x1074,1122x1116&from=bu&cs=160x0",6
1e43be9d491055dce4fdaa15b914002b.jpg,"https://sun1-85.userapi.com/s/v1/ig2/jiU8pKQQF5vZHIs6TFjg7qVQ2-R8cKVLgoWa7Q9A1i1Dp0SSqSPmYXUuyY0bNeOlfo9I2kOH0e1cqssbD4wevW_n.jpg?quality=95&as=32x32,48x48,72x73,108x109,160x162,240x242,360x364,480x485,540x545,640x646,700x707&from=bu&cs=160x0",4
4f9f393b9833845dc9c4c11dd30e71c1.jpg,"https://sun1-15.userapi.com/s/v1/ig2/vAycRSX1lgWsIupTaQlfx_sds4CEtsjCUlwucFPro-5-peQbzfK8-2Ex20-EXqCKU9FYjAlfdNITONvjDIh-8Q29.jpg?quality=95&as=32x48,48x72,72x108,108x162,160x240,240x360,360x540,480x720,540x810,640x960,720x1080,1024x1536&from=bu&cs=160x0",2
7123b70a7b55ae42536dce41e0abb289.jpg,"https://sun9-55.userapi.com/s/v1/if2/V5sxVKyEfHAlyFOb4tk4-jYJo7QQJvvZP8sI9OcmIPwJqjlv20_DjMj99OY-CDDNuIgJBoVwC_Zswe4OsQEBIY0d.jpg?quality=95&as=32x31,48x47,72x71,108x106,160x157,240x236,360x353,480x471,540x530,595x584&from=bu&cs=160x0",3
2276fd868ba1a4168e1a12abaf47ff0c.jpg,"https://sun1-84.userapi.com/s/v1/ig2/FsULM02goit5Dlw68x3WKW6QCpxoEsmQrel24vdFzmyu_owAq-XVYf7ZXWtVmm32CAqIM6W-_y12M7mzuORaiUrh.jpg?quality=95&as=32x32,48x48,72x72,108x108,160x160,240x240,360x360,480x480,540x540,640x640,720x720,1080x1080,1280x1280&from=bu&cs=160x0",5
b3129a8478604e87ac52162552b86a14.jpg,"https://sun9-59.userapi.com/s/v1/if2/-ya3imVfsxhZRO14XL0YMozBk4DxIlQ06SFxNLefFOOg8hy0meijFYc15jSJOlfnvLy6B22bkh7NQuuBBmoPqU9A.jpg?quality=95&as=32x23,48x34,72x51,108x76,160x113,240x169,360x253,480x338,540x380,640x450,720x506,1015x714&from=bu&cs=160x0",1
b0e5ef6a6490a6b73e21f5235c0ad5ac.jpg,"https://sun9-16.userapi.com/s/v1/if2/YGSd-h3HNbWtB_cWubUr-jRnvtIYa_-Nixc0iDDei9VvxiARV2DwlnhYfIDMTBV7SSlkdWLlpmKlUaOZCN2-dpQU.jpg?quality=95&as=32x30,48x45,72x68,108x102,160x151,240x227,360x340,480x454,540x510,640x605,720x681,1080x1021&from=bu&cs=160x0",1
cf971a2ac8dc5d9648fc96afce897ff7.jpg,"https://sun1-22.userapi.com/s/v1/ig2/P7n_jhT_RhbvrdFxOC8gYihu4z0jiB5r7EUWK_2Q2KS6PbIC5JCXMNzJFhgMUVBtpYXCcl8kf3EvGr9vsv5lvyb2.jpg?quality=95&as=32x41,48x61,72x92,108x137,160x204,240x305,360x458,480x611,540x687,640x815,720x916,1080x1375,1280x1629,1408x1792&from=bu&cs=160x0",2
eb4e45e0e60a5403c6463827ad3fb510.jpg,"https://sun9-68.userapi.com/s/v1/if2/Lop_ycaYm4A4imnNgiEw8Jl6O_qKswYGhyLzWlD3oSK_fmZ9jRoo00aFsa-7BIkP6FB0kM0pdYudj-dkb1z-UR2G.jpg?quality=95&as=32x24,48x36,72x54,108x81,160x121,240x181,360x271,480x362,540x407,640x483,720x543&from=bu&cs=160x0",3
45036d3a78762a18e2a509aeed693828.jpg,"https://sun1-14.userapi.com/s/v1/ig2/4imBxix7DN8qSOTGYYVrMD4TK5X1SloKZQSpKzRw2kepJiFHhwFs0pHJcpzszHzvZdG84TBUSZ9tKY-gC7cdgsVd.jpg?quality=95&as=32x48,48x72,72x108,108x162,160x240,240x360,360x540,480x720,540x810,640x960,720x1080,1024x1536&from=bu&cs=160x0",2
68249fb80c57346f8973e782c7365b4f.jpg,"https://sun1-92.userapi.com/s/v1/ig2/L3kBmx-vtWCo7aSfCsOjVmpoZHNyKWGHB-BvBp8z44-dROjOpF2-THuWHLJ2qOYK1ujJ_mtnq5IcABHCnVojEtk_.jpg?quality=95&as=32x32,48x48,72x72,108x108,160x160,240x240,360x360,480x480,540x540,640x640,720x720,1080x1080,1280x1280,1440x1440,1500x1500&from=bu&cs=160x0",5
8a10447e66b7db1e1581718ee98a7b5f.jpg,"https://sun1-55.userapi.com/s/v1/ig2/e1nBicfUT61RrNcFD79ZhHcBFaFPNpy0KZdI4QQN9ILBaeIwIIgL5wrI-LAmW_P7Xy3P2OQzI_v4LLZ5RWj6__fv.jpg?quality=95&as=32x32,48x48,72x72,108x108,160x160,240x240,360x360,480x480,540x540,640x640,720x720,1080x1080,1280x1280,1440x1440,2160x2160&from=bu&cs=160x0",4
37bc0fb27c081e50b2e2a3f86c11b2c1.jpg,"https://sun9-29.userapi.com/s/v1/ig2/Hot0Vb8QsRzdNA47rC0RAm2FJVI-Gn_l4l_Zw1ZxN8D_jp75cTSXMpmRunyoHeLs1OcZ-kQcYq00dm7pWGW5Gdzo.jpg?quality=96&as=32x32,48x48,72x72,108x108,160x160,240x240,360x360,480x480,540x540,640x640,720x720,1080x1080,1280x1280,1440x1440,1688x1688&from=bu&cs=160x0",6
0a39de8c621825f4811919030ad40bda.jpg,"https://sun1-87.userapi.com/s/v1/ig2/zF0gGZ4tFtXfcBFDrUG1w1NQXIm88zOU5npuHgWwjnnTyLyG8b5Qa4CpBtMbA28FXiSa-smp6XfWmI9Kd62-Y2tA.jpg?quality=95&as=32x48,48x72,72x108,108x162,160x240,240x360,360x540,480x720,540x810,640x960,720x1080,1024x1536&from=bu&cs=160x0",2
2de90c4c191f6367f44d4856397799f3.jpg,"https://sun1-95.userapi.com/s/v1/ig2/Wx8Py7zBtb7V81zRaQRj5XYD5oRZocouOw0lwx73h_TOK_vgYjfV7rKt__Qh9KZf9WohhDh2kp1fDPHzwJ2O6UpB.jpg?quality=95&as=32x32,48x48,72x72,108x107,160x159,240x239,360x358,480x478,540x537,640x637,720x717,1074x1069&from=bu&cs=160x0",5
c821998f14c90c19f9a168bf8e242a9c.jpg,"https://sun9-69.userapi.com/s/v1/ig2/PJGkbYBr0onq-2UN5GWqYdadGpUZeKfbCqw8Fp88Mzvzj3hlb7D8JayFXkUOEiE0QDCtVjhv1Fx2141N4ObkCciT.jpg?quality=96&as=32x38,48x57,72x86,108x129,160x191,240x286,360x429,480x572,540x644,640x763,720x858,866x1032&from=bu&cs=160x0",6
2907616be959c9364ef0ea139d0aa4b5.jpg,"https://sun1-30.userapi.com/s/v1/ig2/CQI48FsxNkYKNyOJs7yv7m6Esy6ZiH0KNzaplg3iaGbkkD_oIrs-6uukWmcEnisthGuS9hD_e9lXt26ntkqXD8oo.jpg?quality=95&as=32x32,48x48,72x72,108x108,160x160,240x240,360x360,480x480,540x540,640x640,720x720,1080x1080,1280x1280,1440x1440,2160x2160&from=bu&cs=160x0",4
8fe4be16e4a47cb194f41927b597d172.jpg,"https://sun9-64.userapi.com/s/v1/ig2/H6YvM7H4450oDH0BJaLh1N0AaMhStUWWPnziwnDftGgyMwBTzxnpJ9dZku_jG1o1jX59sMeeTd4rFgTbxBS-3kjA.jpg?quality=96&as=32x46,48x69,72x103,108x155,160x229,240x344,360x515,480x687,540x773,640x916,720x1031,977x1399&from=bu&cs=160x0",6
24948f7c9fc2284fde6ab8e2e505e97e.jpg,"https://sun1-21.userapi.com/s/v1/ig2/R7vSCCPQcGr4SGpkH_K3LlBkEJ3X1N8bZyRzotSo0IPxhKWKpBn58kfaT3qjAtXZNSoEX_A_vQbePHHASNqrcJSk.jpg?quality=95&as=32x48,48x72,72x108,108x162,160x240,240x360,360x541,480x721,540x811,640x961,700x1051&from=bu&cs=160x0",4
7b465ffee2fe5fd486e15aa53a31b2fe.jpg,"https://sun1-29.userapi.com/s/v1/ig2/KDNhjfAtc5TZlLefxIQJbk2PWAjPnsb6aT7VeMSjyYpImiQ9fBkywfEOCGPkvUxkVKe2GoWgGbrNjZRXdg8mN-mW.jpg?quality=95&as=32x32,48x48,72x72,108x108,160x160,240x240,360x360,480x480,540x540,640x640,720x720,1080x1080,1280x1280,1440x1440,2560x2560&from=bu&cs=160x0",5
77bc50d1b32b09c25b7c433e19e244de.jpg,"https://sun1-21.userapi.com/s/v1/ig2/ZdH2Vn515aqMKugfTTbO7CQpDhZOuTMTOjwwvqe8RvXTMsHbO8o6o7mHyRO38FJPZlzxmx72wJCbQug6LAMKhGtp.jpg?quality=95&as=32x32,48x48,72x72,108x108,160x160,240x240,360x360,480x480,540x540,640x640,720x720,1080x1080,1280x1280,1400x1400&from=bu&cs=160x0",4
b2e533947963dd233e6f4a7e3c6b5d67.jpg,"https://sun1-56.userapi.com/s/v1/if2/oMinSWeKP2smkfQSuJnnJ8_yLDgWhP5aCgvdGMbHiNVoOvXBBwc0qa9vsnoECyNhswhN-26E0KM0-2GUR2Jyjk0Q.jpg?quality=95&as=32x29,48x44,72x65,108x98,160x145,240x218,360x327,480x436,540x490,640x581,720x654,1080x981,1280x1162,1440x1308,1480x1344&from=bu&cs=160x0",1
af5a3f59969b5ab516bd8a7b31b1d899.jpg,"https://sun1-87.userapi.com/s/v1/ig2/-CIDI4vJM1-Rr63qcy3nc-5k4rwPa-yVBT_yh60nwa8dnTvUblCGu8qFYgShXdd9wLFyRA7TPx_pzBmXsVwW1ytX.jpg?quality=95&as=32x32,48x48,72x72,108x108,160x160,240x240,360x360,480x480,540x540,640x640,720x720,1080x1080,1280x1280,1440x1440,2560x2560&from=bu&cs=160x0",0
df8ebc0b154476f08dce14f75d9d1eba.jpg,"https://sun9-60.userapi.com/s/v1/if2/ni-78UXy79bhP_DRjjeTXi1nUP4T4pxFD4xgyqF4rHXboEIC9SaO7ZI9dNkiZR5LZZ44Bm2gu283_QscLaFn_--F.jpg?quality=95&as=32x31,48x47,72x70,108x105,160x155,240x233,360x349,430x417&from=bu&cs=160x0",3
654794ee20760626c24040857e69bf94.jpg,"https://sun1-98.userapi.com/s/v1/if2/zODiREA1YGqbnQapwJbC0t0VE4hETVlhxazEMYwngrt6HbWot6JNpzhvtQleBXbNi-IWtPW1Ckhu6STdOYGWhM1F.jpg?quality=95&as=32x28,48x42,72x63,108x94,160x140,240x209,360x314,480x419,540x471,640x559,700x611&from=bu&cs=160x0",4
5d9ba2e1529ef4e3de0c3fccda8ba4d4.jpg,"https://sun9-46.userapi.com/s/v1/if2/K6XMS_Kn_y5v6kJsFze8fuvmgCtDIlGix-PQnbvMyC2hDOBRVSBtygCQFBYmqVWwR-zrVVyObnQ6Sxx0tk2K36Uh.jpg?quality=95&as=32x21,48x32,72x48,108x72,160x107,240x160,360x240,480x320,540x360,640x427,720x480,1080x720,1280x853,1440x960,1620x1080&from=bu&cs=160x0",0
fe18860f30c589c1ca79a2b9d36a52d6.jpg,"https://sun1-15.userapi.com/s/v1/if2/b-Sre3WUqspE516M91PMgYwsHd8wnesE8HADLHG2q-JuOG2_NvCOjGxEHCdxMMbaQh2DMYZgzp-2rWvTVfCmz9du.jpg?quality=95&as=32x31,48x47,72x70,108x105,160x156,240x234,360x351,480x468,540x527,640x625,720x703,1080x1054,1280x1249,1417x1383&from=bu&cs=160x0",2
c08e5a6d45b3c079f7cdfb5f07405a53.jpg,"https://sun9-31.userapi.com/s/v1/if2/4GEquXdF_yFuUnY5a1DxvY91RaUN3ltwcSkNewMgcw7UvoEXZGMFpJnkSOicJ0W0bzEFRi2_W8xF4Jwsltrkkc_p.jpg?quality=95&as=32x29,48x44,72x66,108x99,160x146,240x220,360x329,480x439,540x494,640x585,720x659,1080x988,1280x1171,1397x1278&from=bu&cs=160x0",1
ef65a716efe915d4841e29fb70ad76c0.jpg,"https://sun1-15.userapi.com/s/v1/ig2/O8c58OqUfuv-jOZJyrgwaitL2J82ImgrWvvByfIOjrdpSHIYk1sHTq7mCyZBaFXyn3NS31lqCAaaQRP9gDz50Str.jpg?quality=95&as=32x41,48x61,72x92,108x138,160x204,240x306,360x459,480x613,540x689,640x817,720x919,1003x1280&from=bu&cs=160x0",5
e0acaefa14f0021e3cc8b52074cbcd36.jpg,"https://sun1-90.userapi.com/s/v1/ig2/ySCFQL0_HUQC0qPKYmaB1YG_gTRnXnh_HU7kLR28YncRX-w_e1d74e6N_CJUMeTwzW8Dc4aeWB_tO_y6nq7pM2rC.jpg?quality=95&as=32x48,48x72,72x108,108x162,160x240,240x360,360x540,480x720,540x810,640x960,720x1080,1024x1536&from=bu&cs=160x0",2
e5ae5649db59baa38ba8d22fc5f35d0f.jpg,"https://sun1-23.userapi.com/s/v1/ig2/MM_0PvgcltZSCCFlBWV7XO8hqDiOFfxkTcZ7dYSjD9GlS-nL9HWQ-qoR3vWFmicrIGgVBOLz0i5A7LgMNAqQGkbM.jpg?quality=95&as=32x48,48x72,72x108,108x162,160x240,240x360,360x540,480x720,540x810,640x960,720x1080,1024x1536&from=bu&cs=160x0",2
555969d6710557751a067811f0f375d8.jpg,"https://sun9-21.userapi.com/s/v1/ig2/xPNe0vZxJclaF06eBsobsCKDCx6lNKRSohyV-Bf1zjFeCbjYXwkDpuPkw0R0cRI9RacoHVZBW4_m4o1kq13pLy57.jpg?quality=95&as=32x32,48x48,72x72,108x108,160x160,240x240,360x360,480x480,540x540,640x640,720x720,1024x1024&from=bu&cs=160x0",1
3797671f58a94cfa73d43304c146833d.jpg,"https://sun9-57.userapi.com/s/v1/ig2/Xib5LK1ooQysXHFJYLZ_7QqtBVRW4oNczZsmRnRzx7UvxoNX5xY_-Df_Yk1j9tRI0zhUA5exVQPVoMUqpx_GgQxs.jpg?quality=95&as=32x32,48x48,72x72,108x109,160x161,240x241,357x359&from=bu&cs=160x0",3
1bbbf59a23f4cfc8e6fac5ab78bfa0c8.jpg,"https://sun9-9.userapi.com/s/v1/ig2/4QMw2sGyaD-HRGfWU-FPu_UOZ0ApgdaZlO4oIsNCDUqMKVEveDnG4UYEFsDhbtC134RX2PGdJWLyd4F1p6sdZ_4q.jpg?quality=95&as=32x32,48x48,72x72,108x108,160x160,240x240,360x360,480x480,540x540,640x640,720x720,1080x1080,1280x1280,1440x1440,1800x1800&from=bu&cs=160x0",0
bfcca269692912273c091db712c16469.jpg,"https://sun1-20.userapi.com/s/v1/ig2/5IbVaNxlLQqj-MYd5Qe2YcDknKAJxtFgTadsC9DysjfZRqyDj4OAQJiwd7OQHT1h7Fuxxs3jHZyNT_gJUMsvFcTw.jpg?quality=95&as=32x32,48x48,72x72,108x108,160x160,240x240,360x360,480x480,540x540,640x640,720x720,1024x1024&from=bu&cs=160x0",2
984532377f56ea53e7665f92cb9b1866.jpg,"https://sun9-46.userapi.com/s/v1/ig2/ROeyzS3hS_1Bog0FQHnIZbqsAO4-Zi93eN7H3Vt1NyxtSfDa4wiNP6HvW5PRw1j2018D0yB3F1bez4JGEX1RezLl.jpg?quality=95&as=32x34,48x51,72x76,108x114,160x169,240x254,360x381,480x508,540x572,640x678,720x762,830x879&from=bu&cs=160x0",3
62b23ea5f1acb93320b954c1614dac28.jpg,"https://sun9-19.userapi.com/s/v1/ig2/GJIsToleT52gEEGEDq-cvhCZ7iDCxoblmFzkFbWurWsvgptDjAKOJxON10GSjC0cke5wz8dDtYjul2Xav4AF9Irk.jpg?quality=95&as=32x32,48x48,72x72,108x108,160x160,240x240,360x360,480x480,540x540,564x564&from=bu&cs=160x0",3
29e4175b88027627453f09e6ecf3c007.jpg,"https://sun9-18.userapi.com/s/v1/ig2/D3IOGa15KWxyy0fHH7-_gWRix9whc1RFy1NORpcwYib5V3A-vUIwsur05A1tAd2CEPT6NlOTecxQFTpqAKXdstmE.jpg?quality=95&as=32x32,48x48,72x72,108x108,160x160,240x240,360x360,480x480,540x540,640x640,720x720,1080x1080,1280x1280,1440x1440,1800x1800&from=bu&cs=160x0",0
8fb603842deb2b9adf5e60f4b7d64e89.jpg,"https://sun9-18.userapi.com/s/v1/ig2/DJFwvnJp-lagTZCLMDfy2w-ovtGLQqHXvRhQF8M8j_HPS3UDdxYX0SFAhLxEeQbPiFB5dRcNi0nNOg33Z7WAMc_A.jpg?quality=95&as=32x32,48x48,72x72,108x108,160x160,240x240,360x360,480x480,540x540,640x640,720x720,1080x1080,1200x1200&from=bu&cs=160x0",0
14abba29f6a6a11774281db2cac13271.jpg,"https://sun9-43.userapi.com/s/v1/if2/GN_bP6CGeCbrPn1pkOEzF0qK6c7ofgwCyXIq7Bv4qD06pHFdzZkkjkliP6aWmKazB5pZwyDG2uOpGm-u6ZodaHV-.jpg?quality=95&as=32x30,48x44,72x67,108x100,160x148,240x222,360x333,480x444,540x499,640x592,720x666,865x800&from=bu&cs=160x0",1
d8339a620961e1144b2472720e4ef745.jpg,"https://sun1-54.userapi.com/s/v1/if2/FqKAUHdTNog-6oqVH5yccsteuQpwUGbi2KbX8OXtUD22fZI_wsJI2mNCuC7kMlagX6eWUNzL_jPwxYOtjT2IFafP.jpg?quality=95&as=32x21,48x32,72x48,108x72,160x107,240x160,360x240,480x320,540x360,640x427,720x480,1080x720,1280x853,1440x960,1536x1024&from=bu&cs=160x0",2
47a6d4b28aefa74af30aa4c43d29a0c3.jpg,"https://sun1-28.userapi.com/s/v1/ig2/gdcY9NY9v6y6Y798GXLY_sgbtfwqUCpJ2YE5mL3lTChp2OIzB8UfJUFAyFD2cJAlWX_6QwdqIWNCBza86EBTSGMJ.jpg?quality=95&as=32x32,48x48,72x72,108x107,160x159,240x239,360x358,480x478,540x537,640x637,720x717,1080x1075,1242x1236&from=bu&cs=160x0",4
ed7bac009be402b91c73c14a11175b32.jpg,"https://sun9-80.userapi.com/s/v1/if2/iJgLmqxBlo5zwa-QqOX-4ROmDXDbCi-pbyhZ1lniVrSTtjjtC9PeIvciAPpbhWK2VUpTpRVwL13HGnvIq5xkyEYo.jpg?quality=95&as=32x18,48x27,72x40,108x60,160x89,240x134,360x201,480x268,540x302,635x355&from=bu&cs=160x0",1
0e04d856d2012aa22d2991123b2e764e.jpg,"https://sun9-29.userapi.com/s/v1/ig2/be_3Jk5dCm3T6YJS10u1ij-hVzWcRtVvdK_RBa8foTKfXSS9Xur1YSWbT77sFI_iEd9ijhyt-xdloAgGq3nFN-RB.jpg?quality=95&as=32x32,48x48,72x72,108x108,160x160,240x240,360x360,480x480,540x540,640x640,720x720,1080x1080,1200x1200&from=bu&cs=160x0",0
33278caf53fa55cabee6fb35911dfe6e.jpg,"https://sun1-17.userapi.com/s/v1/ig2/IFQf1Yk7lrRdIAsZXYmwXdFxCsU1TAc6CMZzouPSFRWKixKm8FLK2sFqkYEmkcmSrpBMNdX7qgYQV8UuH0PyOysg.jpg?quality=95&as=32x43,48x65,72x97,108x146,160x216,240x324,360x485,480x647,540x728,640x863,720x971,1024x1381&from=bu&cs=160x0",2
90c69a980a18d72307e935ec6e130036.jpg,"https://sun1-56.userapi.com/s/v1/if2/q67pzytLfsLHmBiH9AdrGINRiwNod1f5T_WRMy6eUYv5u6S45mxwx_TBuUjMcEmENRfKnidILbOkmesvEJbknx13.jpg?quality=95&as=32x21,48x32,72x48,108x72,160x107,240x160,360x240,480x320,540x360,640x427,700x467&from=bu&cs=160x0",4
32efeea9e5c05830c13c82fb3c75fc9e.jpg,"https://sun9-74.userapi.com/s/v1/if2/0bScHrSIBjPL-mfGqGHZslEXwzBYY5tDYOLZoE-hr7x1xWxv44zytIcfhareT8aj3zWFyr3TiF8y45TQ5SzKY-ZO.jpg?quality=95&as=32x30,48x45,72x68,108x102,160x152,240x228,360x341,480x455,540x512,640x607,720x683,788x747&from=bu&cs=160x0",1
a4bb2cb412182f95353ec40ec26c3a86.jpg,"https://sun9-37.userapi.com/s/v1/ig2/rOJGlfa8ezaLywzrsSpOcftqaDOv_Qugl_c5ehpdSCnU8vOWl4bvxP5bjcix-pnToBJXiwHVBpR7aNJGgdFH9IPN.jpg?quality=95&as=32x41,48x61,72x91,108x137,160x203,240x304,360x456,480x608,540x684,615x779&from=bu&cs=160x0",3
efa34980714897fe8f652202fad5bc9a.jpg,"https://sun1-86.userapi.com/s/v1/ig2/nHEarpfGe1rlOhatjkTNli3EPhLy9ouoB1y1VarhQ4rTJulzKHsZ9FpDerrNOBPXtTDNBhXN7b99hK8Suiwf7Shn.jpg?quality=95&as=32x32,48x48,72x72,108x108,160x160,240x240,360x360,480x480,540x540,640x640,720x720,1024x1024&from=bu&cs=160x0",2
5285e7b8beae603e2fe9cb4753a40a64.jpg,"https://sun1-83.userapi.com/s/v1/if2/TKcNrpSwRc-p-J-2td19wGq_u6b5K0F-VY91jwqO-yQXHKNrppPF0ElIxX7agBTtsb1XHxVzAAiVoqf16jz7ZCmt.jpg?quality=95&as=32x21,48x32,72x48,108x72,160x107,240x160,360x240,480x320,540x360,640x427,720x480,1080x720,1280x853,1440x960,1536x1024&from=bu&cs=160x0",2
d7f50dd3c046d139e464adabae9586bc.jpg,"https://sun9-52.userapi.com/s/v1/ig2/-DUsQSJEEsD6myR6Zr4zcoUY34n-dSNcQYboMe5Qmq6-elxuex5rpVJfgkhcGxBVhM2Rnl1cOtQUZAmX7IqYixEa.jpg?quality=95&as=32x47,48x71,72x106,108x159,160x235,240x353,360x529,480x705,540x793,620x911&from=bu&cs=160x0",3
987a8c8a91bbedd7c6891160a75a5bff.jpg,"https://sun1-15.userapi.com/s/v1/ig2/B7ow1X7ebJHg6769BNyCf8DO76ApNWM76vNVbn07BP80_ulQMaivwaVbU56TaQQ_lXjJ3xoXWp97BwSoFxrpym1x.jpg?quality=95&as=32x32,48x48,72x72,108x108,160x160,240x240,360x360,480x480,540x540,640x640,720x720,1000x1000&from=bu&cs=160x0",5
b33fd2880edb57782393275fb117ae71.jpg,"https://sun9-70.userapi.com/s/v1/if2/AUrmhOb6O-HVyWg2LRqr0TX6VkFDE9lyB7StbDa3FZ5UXwbUrGs-uemJFcUS_SxPTHQyYuX_yE81a4WtS4hYRvqR.jpg?quality=95&as=32x28,48x41,72x62,108x93,160x138,240x206,360x310,480x413,540x464,640x550,720x619,1080x929,1280x1101,1440x1238,1486x1278&from=bu&cs=160x0",1
4ee6b009f6de6edff88b9ea241c80cb2.jpg,"https://sun9-11.userapi.com/s/v1/ig2/cINFJcilD06MZP97sbzHYD1QzyErn2UxMpYALLA3wmMRnk7NCWp2xAoEqDHRUOdifwhm5V3btKzPeDRaQMygnVuI.jpg?quality=95&as=32x32,48x48,72x72,108x108,160x160,240x240,360x360,480x480,540x540,640x640,720x720,1080x1080,1280x1280,1440x1440,1800x1800&from=bu&cs=160x0",0
a8cc14d3d29630d5c79f3ad9c2ade16c.jpg,"https://sun9-14.userapi.com/s/v1/ig2/-yPILIMUvOGE5ztMVKpKsf9kUDqwZitS0fzu6bLYhXKAMz0NoFFyTQd_cej7l3NcuzuxAyJZrqhxkH7nQTPVtLIX.jpg?quality=95&as=32x42,48x62,72x94,108x140,160x208,240x312,360x468,480x624,540x702,640x832,720x936,1000x1300&from=bu&cs=160x0",1
9f25c9c0db0c1b0a0de330ac1d95ae90.jpg,"https://sun9-78.userapi.com/s/v1/ig2/ni_oEYdyXgrkP34IcBbfe2bPRhvyDAJZfK0GQ96QIsy8imdvFzvTLCLptUnX3fJkRAPySw9cGs_VWFSNbxfBh3PU.jpg?quality=95&as=32x35,48x52,72x78,108x117,160x174,240x261,360x391,480x522,540x587,640x696,677x736&from=bu&cs=160x0",1
8e22e31e52196116797b1cc086f8d2b5.jpg,"https://sun1-28.userapi.com/s/v1/ig2/Bj1vEtUyyIFo-p5o0o38mbcmQX6pu7UgZ_PXvFjv96r2m0-a5xKXPKiFw9XQPMt1DMiNW4dHv-gYoch8cOg7zSdq.jpg?quality=95&as=32x48,48x72,72x108,108x162,160x240,240x360,360x540,480x720,540x810,640x960,720x1080,1024x1536&from=bu&cs=160x0",2
f88a847b72857d8151c9ad719ba30390.jpg,"https://sun9-36.userapi.com/s/v1/ig2/AmJ9qrM6PgmgWV18OmoFYmguDIA4QW8mtil4slG26M67GXxiZIUccQJ9zfJ9LiGHgmztwDC6z_y4VF5FS1LXqfaD.jpg?quality=96&as=32x32,48x48,72x72,108x108,160x160,240x239,360x359,480x479,540x538,640x638,720x718,1080x1077,1280x1276,1440x1436,1734x1729&from=bu&cs=160x0",6
315a3312c650252e27f25f3dd491f57c.jpg,"https://sun9-63.userapi.com/s/v1/ig2/YFq6j2gvhalIVh0XtElZqbKf94tDZqbSGs7JiKhIEIox5puhvGN21auyP7R4TlqcsNfSqVQUo_LNN5iyyqRx9DV5.jpg?quality=95&as=32x32,48x48,72x72,108x108,160x160,240x240,360x360,480x480,540x540,640x640,720x720,1080x1080,1280x1280,1440x1440,1800x1800&from=bu&cs=160x0",0
d9bfa2fe2cc58dc7ac25dc1a4974109a.jpg,"https://sun9-46.userapi.com/s/v1/ig2/9KTR-dm-zqcgMUE0En0eiyluESpJOr9xa-lYXyTdN5jliIm5yjV00kFXbKObUFyGfK9bWG5nYvfick15Jii6XyXs.jpg?quality=95&as=32x32,48x48,72x72,108x108,160x160,240x240,360x360,480x480,540x540,640x640,720x720,1080x1080,1280x1280,1440x1440,1800x1800&from=bu&cs=160x0",0
cccc7f3fab16dd3fd19ab6f394db0b9b.jpg,"https://sun1-21.userapi.com/s/v1/if2/NoK596bR_DUhVSEzFul_t5DAk6TK19623v5M4e95yh3yTS-SM_FJ6ivmSpeqDUncJxzoeqTDmYwoUCwfDxv4VWRU.jpg?quality=95&as=32x30,48x44,72x67,108x100,160x148,240x222,360x333,480x444,540x500,640x593,720x667,960x889&from=bu&cs=160x0",5
3e5d7a515471ca577ce7dabf54fb80db.jpg,"https://sun9-81.userapi.com/s/v1/if2/7FWw4HLGJ4IKAsWEcnbRogXszWfn9Q0gCiwNoPVPR1IytPfTWMN0ZxKrLO1kWxnfB_N-9JKwfQtjzGO42P_p0qRY.jpg?quality=95&as=32x31,48x47,72x70,108x105,160x156,240x234,360x350,480x467,540x525,640x623,666x648&from=bu&cs=160x0",1
8201ca80173116e9d03c387342cee963.jpg,"https://sun9-8.userapi.com/s/v1/ig2/u05gnlme1CMKSVDBm16wDpg9Tlu_zSoAFAjW1OiRQrujUNcBtzQFawKdM0jpoWKwznpDVpgdqfpHKdRYasmOpvI9.jpg?quality=95&as=32x32,48x48,72x72,108x108,160x160,240x240,360x360,480x480,540x540,640x640,720x720,1080x1080,1200x1200&from=bu&cs=160x0",0
06e32504ce0ba75f38d52f5e88675915.jpg,"https://sun1-56.userapi.com/s/v1/if2/ym3N1nzitEqEfHcBHPeNKd0SujjdeGCqSkgn1UhV0cDd6pllbVMuTcTDfRySAk_hYYgy42vZYEOhcqIMHxK70NAL.jpg?quality=95&as=32x28,48x43,72x64,108x96,160x142,240x213,360x319,480x425,540x479,640x567,720x638,828x734&from=bu&cs=160x0",2
375ffba635b10517a162189b7e1608a8.jpg,"https://sun9-67.userapi.com/s/v1/ig2/Og7OfJo_p8Fx3xZdh_plyA3JSkTDFiw3xV6CVo7nUS97cUlUEMjUlTUqLd2HgD_i6Ck8cO7ccC5rhGO4zz5StpJa.jpg?quality=95&as=32x32,48x48,72x72,108x108,160x160,240x240,360x360,480x480,540x540,640x640,720x720,1080x1080,1280x1280&from=bu&cs=160x0",1
31fd978d305fabdd8b64098073ae0cd3.jpg,"https://sun1-18.userapi.com/s/v1/if2/gh3AgQJ3B8p5LGkiIoPEdaf1rgKtDNgAWPJkVLc7YJxJYKmUmLsSH7bAT4ze8hvi6e74r_i-dG6d-V-qBBrTzZ2m.jpg?quality=95&as=32x28,48x41,72x62,108x93,160x138,240x207,360x310,480x414,540x465,640x552,720x620,1080x931,1280x1103,1440x1241,1483x1278&from=bu&cs=160x0",1
340417a9d7b463368a0323b438ea9fdb.jpg,"https://sun9-88.userapi.com/s/v1/ig2/mgWTAJupxZiJlC1wVOcnK1BA0bijZRWMQ7CC8GdZroM06HZ-T96HunvOPTRUYr5MwcNrPLUXSv1vPeqKfcVAcUUj.jpg?quality=96&as=32x36,48x54,72x81,108x122,160x181,240x271,360x407,480x543,540x611,640x724,720x814,1017x1150&from=bu&cs=160x0",6
a658efd5c00737c598411ded4645274e.jpg,"https://sun1-90.userapi.com/s/v1/ig2/AST2jNUVkeBxYje9uC1L2fE483Ya3z9Vo_u35g6DxLZeOaOlsNO6-CowLcTFyP2K11nF4Nf0Kfp2XaiQu5zBvKiP.jpg?quality=95&as=32x32,48x48,72x72,108x108,160x160,240x240,360x360,480x480,540x540,640x640,720x720,1080x1080,1280x1280,1440x1440&from=bu&cs=160x0",5
0dd1eeeddf25c8c9828881e662f3e90b.jpg,"https://sun1-90.userapi.com/s/v1/ig2/82aEcak2Fzz1xmafpVTaQ7gkbqZ9CtAEJLyL3PshwO7iuDhckaVfoBBNiu6K-8GnuFgenCZ6yBTSvxQEo2QgkvY7.jpg?quality=95&as=32x48,48x72,72x108,108x162,160x240,240x361,360x541,480x721,540x811,640x961,720x1082,852x1280&from=bu&cs=160x0",5
27773fa1d213887e9916bb998822e852.jpg,"https://sun9-5.userapi.com/s/v1/ig2/AyJu24o7350beAoX053DMuf9PDpM5tyF2n8A9pUl5fniYsIiZsfdbV51H0Nwvs1W_9tbKlrq_qxHl3vfchE2LhnM.jpg?quality=95&as=32x32,48x48,72x72,108x108,160x160,240x240,360x360,480x480,540x540,640x640,720x720,1080x1080,1200x1200&from=bu&cs=160x0",0
2331b8fad2f5a6035694c2940a5b5258.jpg,"https://sun9-18.userapi.com/s/v1/if2/n_mmjI1L1UL90e9rxOcvNdueYqsqpPY38A4mzLHCGSpBvlafpD68KP_h3inSWJOt08pG8Z0vyAKBVBh7Lcvoz7pV.jpg?quality=95&as=32x31,48x47,72x71,108x106,160x158,240x236,360x354,480x473,540x532,640x630,720x709,968x953&from=bu&cs=160x0",1
444cf4a8fda503a77db1eda8bc1134cc.jpg,"https://sun9-49.userapi.com/s/v1/if2/4WMOLpLfByCoRI_5Jz7yA4WkcKYpYM1xgYQPjgxtLvWYLKjBBGKJvzAb4OGdcnNfyONOoVMn1fZ-B_mLJV1_t5T6.jpg?quality=95&as=32x24,48x37,72x55,108x82,160x122,240x183,360x275,480x367,540x412,640x489,720x550&from=bu&cs=160x0",3
7ec3205634d2a62b955dc73a5f376284.jpg,"https://sun1-26.userapi.com/s/v1/ig2/ICR94fJh4o1vpdigVb1Au1pu3kvpayVHTLCT1GR38oNLSOk2NcWWYKnXref48Fu6UT5CO8De3cKD-uv9Fi4LhfN8.jpg?quality=95&as=32x40,48x60,72x90,108x135,160x200,240x300,360x450,480x600,540x675,640x800,720x900,1080x1350&from=bu&cs=160x0",4
09e64d9965bbb6e9bb198e20c86b36eb.jpg,"https://sun9-82.userapi.com/s/v1/if2/bjatJHyATkZNhCIIHf3FMGfFrXlMRf0FhSFw55NcOeeft6RDWSmCNhLWVys04yoMUMPbYPK6YUQbrqey-p04yLkU.jpg?quality=95&as=32x24,48x36,72x54,108x81,160x119,240x179,360x269,480x358,540x403,640x478,720x537,939x701&from=bu&cs=160x0",3
b369e30328bf4a636bb086554d97c140.jpg,"https://sun9-25.userapi.com/s/v1/if2/Z0k9SKuLP3LDZyUppL6WkNIt3Djva7OGE4Xte7duCTn7eIPss96lWMq1hktGyQTbYVa8cIkeuc32JjEDf4hHxMU8.jpg?quality=96&as=32x28,48x42,72x63,108x94,160x139,240x209,360x314,480x418,540x471,640x558,720x627,1080x941,1280x1115,1360x1185&from=bu&cs=160x0",6
01ba98d7b9637575fca17a536e024a6a.jpg,"https://sun9-66.userapi.com/s/v1/if2/d6P81eD4_o9GqJ0PBSUqgI5BFGFri0NrTYR7ng7J8CJbgIp3crxGGYg--Ekg95aqn8vs5ryLFz_Xw_8Z0dNC8FsE.jpg?quality=96&as=32x30,48x46,72x69,108x103,160x152,240x229,360x343,480x457,540x514,640x609,720x686,1080x1028,1172x1116&from=bu&cs=160x0",6
62eead670a7c42645efe2b234a203143.jpg,"https://sun1-18.userapi.com/s/v1/ig2/c6223OlJPfeBh7bMIb9tP7GyLy5p0patIDWN_h8C1oJ-JSZbX7Nh5Fg98hfwJsm5CJqFRCzza_z1WBymPa6ot2gw.jpg?quality=95&as=32x32,48x48,72x72,108x108,160x160,240x240,360x360,480x480,540x540,640x640,720x720,1080x1080&from=bu&cs=160x0",4
8a1e9a15e46edb9af32fb5c76801f8f5.jpg,"https://sun1-90.userapi.com/s/v1/ig2/9wD6xm6cmYyjioABoNhRY12LS7wFw5jDQFpF9OsH_jRDv8NsmotTLK12A95Lq3bafOpK0AIqSU8OrkPmvihnhXtS.jpg?quality=95&as=32x40,48x60,72x90,108x135,160x200,240x300,360x450,480x600,540x675,640x800,720x900,1080x1350&from=bu&cs=160x0",4
441c1b594367804b32efcef147c889a2.jpg,"https://sun9-72.userapi.com/s/v1/ig2/VKHrwBcC9eSC7p8OsSCXvqaMPAgTNp-tmzZEs_lTy4fuHy3Ee-L5AETtpVGiNyYnnLgFSGKW2pvBERuRiowxr_CN.jpg?quality=96&as=32x39,48x58,72x88,108x131,160x195,240x292,360x438,480x584,540x657,640x778,720x876,911x1108&from=bu&cs=160x0",6
842f768fc451c60e58bf7acedeb0749b.jpg,"https://sun1-57.userapi.com/s/v1/ig2/4vRDL4Sjo0l1t1HczhZN8SFfE_rpr8Rp2KCQzPsobNR2ndTPCxiMA2PnCxl6TCj8WENgHyAxtUi4Gqe6hLdpFstB.jpg?quality=96&as=32x40,48x60,72x90,108x135,160x199,240x299,360x449,480x598,540x673,640x798,720x898,900x1122&from=bu&cs=160x0",6
a6a87ad330d75ac66738647c1f6509dd.jpg,"https://sun9-26.userapi.com/s/v1/ig2/Cq4hiJOfo1fl7O071Ajy3FVfLyAcuzGyvzUG_h3RxUlRM6Eht3z0R5kbIpXQFCFUzykPw0wS8X_vQrZZ15UBkAnw.jpg?quality=95&as=32x32,48x48,72x72,108x108,160x160,240x240,360x360,480x480,540x540,640x640,720x720,1080x1080,1200x1200&from=bu&cs=160x0",0
4f6d22aa637eaefe7339e0af3ddb1a3a.jpg,"https://sun1-28.userapi.com/s/v1/if2/jjLn2hz7w5rSAK_UieDzacjmfxF7MZAXmzgayFRNq56q-Y_xiJq_6Hs3hRvKH2PI80pSCbgYaWBZhDjvm-G_8907.jpg?quality=95&as=32x29,48x44,72x66,108x99,160x147,240x221,360x331,480x442,540x497,640x589,720x662,838x771&from=bu&cs=160x0",5
6381d3112b522bd6c1b87b3d4d952a04.jpg,"https://sun9-72.userapi.com/s/v1/ig2/HTM9DZvMn0p9cTCgCSUKt9IA1MtTQ-5gXTzkvAoE2Wa9lWET-zdNFQr4gHTyXfdwrjQ2tufKu53T4-kmRwX7UpWg.jpg?quality=95&as=32x32,48x48,72x72,108x108,160x160,240x240,360x359,480x479,540x539,640x639,698x697&from=bu&cs=160x0",3
be6b6a9eaf5e6571d7313aea8a5e748d.jpg,"https://sun9-72.userapi.com/s/v1/ig2/yjsrJ-1-gJSif90TnDgLviPGA8_oxAQ9mi4Ri6GHnk7xNbfzfvU4vrIACOIkZRB9ap2WNJ7nFd43x7SSze3RQ6Vu.jpg?quality=95&as=32x32,48x48,72x72,108x108,160x160,240x240,360x360,480x480,540x540,640x640,720x720,1024x1024&from=bu&cs=160x0",1
3eb0cde8aff2b228e2133dc7c068cda9.jpg,"https://sun9-80.userapi.com/s/v1/ig2/QXC3w6PDohNrbMtzZm0iCPXuYAtFuBLbX1I-Tl46-PxmbriHKcKPFiL-YRdLeDq5wk5272jeRm8vXczzzqYCpXT7.jpg?quality=95&as=32x32,48x48,72x72,108x108,160x160,240x240,360x360,480x480,540x540,640x640,720x720,1080x1080,1200x1200&from=bu&cs=160x0",0
37cb6d2b784684c81b2a932fd7476eb7.jpg,"https://sun9-80.userapi.com/s/v1/ig2/_7KiOAAOJcjlOouXr_OdYfugc0XhhEHR8luedI9-d5hDXJhdGLnaWPRDSE--Ym6h5eAZ1zDExK2oRN4hISSdXd4J.jpg?quality=95&as=32x40,48x59,72x89,108x134,160x198,240x297,360x445,480x594,540x668,640x791,720x890,1035x1280&from=bu&cs=160x0",1
1a9d9781bead6a9ac55fa6bbe527049b.jpg,"https://sun1-16.userapi.com/s/v1/ig2/eeDOrT0f785Q36CnIf0pB6_KqwfLRM_EjSCZrmjH_zP2C8G1527t5fV-CWvcZLvkGjHTzQer1Yxxo-Gwxd666e35.jpg?quality=95&as=32x48,48x72,72x108,108x162,160x240,240x360,360x540,480x720,540x810,640x960,720x1080,1024x1536&from=bu&cs=160x0",2
79a8a9cde003e054de4194f64f9f93aa.jpg,"https://sun1-83.userapi.com/s/v1/ig2/Go6pKkhvy3GnMybxuxBGFGJOt86XDi8nx4137gygf1b7FdM_6ojd6_N6Y_fXFLJy0jmQfYj_QC-ZMnSBwa06cLY4.jpg?quality=95&as=32x32,48x48,72x72,108x108,160x160,240x240,360x360,480x480,540x540,640x640,720x720,932x932&from=bu&cs=160x0",5
ef62a3a803a2755d0bf9f85a8a4b74dd.jpg,"https://sun9-12.userapi.com/s/v1/if2/ZtXKw9PvTHWI7OyoxnNQGFtURXbJr5X2hOzKYo54iF-F_rN-QEMd3ovRSP9O6ZkcqT0aHmRHBNOZuZoQ2ImHocpQ.jpg?quality=96&as=32x27,48x41,72x61,108x92,160x136,240x204,360x306,480x408,540x459,640x545,720x613,1060x902&from=bu&cs=160x0",6
91419c8a9c64108656729b73146110b0.jpg,"https://sun1-17.userapi.com/s/v1/ig2/x78FZ_Pi0mIZIorln1sb5jAa5h-f5n3Vs2HhPjr_V9dBD2-QmYN8QNHhGdhC9cINpdscQ1pkPi-zImTsopKGobk5.jpg?quality=95&as=32x32,48x48,72x72,108x108,160x160,240x240,360x360,480x480,540x540,640x640,720x720,1080x1080,1280x1280,1440x1440,2560x2560&from=bu&cs=160x0",0
2845dfdbb3fdc373d3d65cb86ba55603.jpg,"https://sun9-27.userapi.com/s/v1/ig2/jKjna4CQZse18d-NbEffFmjfvHrpRZXHmwxroM_kUlpOhr1bc0mSiRLTMzHoHyNHPdnIgCXifcx6RrtkQkpTHtlC.jpg?quality=95&as=32x46,48x69,72x103,108x155,160x230,240x345,360x517,480x689,540x775,590x847&from=bu&cs=160x0",1
ba85f4b7d47a25be83c94aeddac83e71.jpg,"https://sun9-77.userapi.com/s/v1/ig2/sM5x3dfNbNpik9-0Y7OavL-MpjfVyAUMX5rVKsXFPiGENvLyBuwW6N3UVXz-uqOc_QoB0KcesEzj58ocIjXWCfKT.jpg?quality=95&as=32x32,48x48,72x72,108x108,160x160,240x240,360x360,480x480,540x540,640x640,720x720,1080x1080,1280x1280,1440x1440,1800x1800&from=bu&cs=160x0",0
fd7e764ab6c96ce0f8ff7755660a785e.jpg,"https://sun9-58.userapi.com/s/v1/ig2/raaDPUaEsJ-zDSkcVvMRcDkXoNaTtftAXwvTXjMEHlCaq4mDujAL_Fwdh4EOv1Bni8lswujaDzINh-fAc7XQhUKa.jpg?quality=96&as=32x43,48x64,72x96,108x144,160x213,240x320,360x479,480x639,540x719,640x852,720x959,1080x1438,1280x1704,1354x1803&from=bu&cs=160x0",6
8b4f6c1d21a5dc9c43db5ff9dfa8c807.jpg,"https://sun1-28.userapi.com/s/v1/if2/KQnhB6m01WGpWkbrQ4-nieZ_xpfifxT2LTojuQqRsqHdHC1asxJULzTV02j-6GatPC8PpX3wl4Tpizs-4RQ5lv5S.jpg?quality=95&as=32x29,48x44,72x66,108x98,160x146,240x219,360x328,480x438,540x492,640x584,720x657,1080x985,1180x1076&from=bu&cs=160x0",4
eefb407b46e83e1ff5a3ff7fa47df547.jpg,"https://sun9-86.userapi.com/s/v1/ig2/Y7idt8W1_3W6bRayzAIxKJqrIHvj15E_8GjjejiM2ZOLxVBcfFScECl45CWyVyf5i13l6m8ayEFmA2BJQhlscpnw.jpg?quality=96&as=32x45,48x68,72x102,108x153,160x227,240x340,360x511,480x681,540x766,640x908,720x1021,984x1396&from=bu&cs=160x0",6
44883982b267fcab6264c66ef27cd31e.jpg,"https://sun1-19.userapi.com/s/v1/ig2/PFGGh-mmrx6-uAn0Zz4viLrMZJ7qkuXkMVFPYHXy3KFvwb0_wU9kB5J372AEfTVyc4_rfLg5LzeW2h9CVM5jOACq.jpg?quality=95&as=32x32,48x48,72x72,108x108,160x160,240x240,360x360,480x480,540x540,640x640,720x720,1080x1080&from=bu&cs=160x0",5
bdd41e0c95b59a915beb37b569726967.jpg,"https://sun1-98.userapi.com/s/v1/ig2/7umjo4NyKU8oFaoUgFtaaIc5v-eP86oRn5CuNZt7KP4Cggk53iN_afXn6GH-Sd4eBOJjCPdQp-fz5aBWjoee1yKa.jpg?quality=95&as=32x41,48x62,72x93,108x139,160x206,240x309,360x463,480x617,540x695,640x823,720x926,1080x1389,1280x1647,1344x1729&from=bu&cs=160x0",2
b11b4d96ae739abeae308fc06e752369.jpg,"https://sun1-28.userapi.com/s/v1/ig2/JlzPFgenT1kXiU0v6Z_p35SogFXSzy4FXj19LY58m8fNBGtO4QQ8U0GRZ15A1kNXdE0Cqi_8ifTpCp0sQAjYUbAL.jpg?quality=95&as=32x40,48x60,72x90,108x135,160x200,240x300,360x450,480x600,540x675,640x800,720x900,1080x1350&from=bu&cs=160x0",4
8f844630699cff060db40d23fb5d9116.jpg,"https://sun1-23.userapi.com/s/v1/ig2/LiVK19QThgi8hImVJj1CJqWkyKF3eX-8HLy6qHmivxSbSnP7BYZ9OK3lXjjgvZJjbGpYH-tj8rvKLLJwPMWuhwAY.jpg?quality=95&as=32x38,48x57,72x85,108x128,160x190,240x285,360x427,480x570,540x641,640x760,720x855,1078x1280&from=bu&cs=160x0",5
5837907ac07250691e343b0cb1e5f58b.jpg,"https://sun1-14.userapi.com/s/v1/ig2/NgM3fqnn0O_B3a2Y0fUtaQw18UkqnVn5DHu2OfA-_Lt6e4jowxoFSAibHePcAd4ZpwQkH-6ZL_cXhDSVSfsz3Xzd.jpg?quality=95&as=32x32,48x48,72x72,108x108,160x160,240x240,360x360,480x480,540x540,640x640,720x720,1080x1080,1280x1280,1440x1440,1800x1800&from=bu&cs=160x0",0
e23edcf5f1815f1202cc12499ed98020.jpg,"https://sun1-13.userapi.com/s/v1/ig2/5fW2dGuHjGXac-HB_imKOJ7apDNVvqrmqZ2EBDlYuVhOXaLOQ1ET_WjJAF0C2VXp5tN3lsgDREsbnCkwn8rwLUkx.jpg?quality=95&as=32x32,48x48,72x72,108x108,160x160,240x240,360x360,480x480,540x540,640x640,720x720,1080x1080&from=bu&cs=160x0",5
7be70a2b63e529055308bdcb00af5d7e.jpg,"https://sun9-30.userapi.com/s/v1/if2/iLzHZUWa7MZ9vMW3Zn2e2-R9i4rVWasfOJq2LCQbAAgWtzWL9mED9W8pAOOjHlralgZRn77STeyiJ6WqxbU1OUiY.jpg?quality=95&as=32x22,48x34,72x51,108x76,160x112,240x169,360x253,480x337,540x379,625x439&from=bu&cs=160x0",3
3a87eec85c585d772c9b103fc680da1e.jpg,"https://sun1-91.userapi.com/s/v1/ig2/HD_OZ93PYgJk3Te0OHrv5eudnOWtx5VWHYhdDv2j6wl71rd29tmVnKCsfQH1r92x4FdHWdqyG6F4QXURHbl7LiPL.jpg?quality=95&as=32x43,48x64,72x96,108x144,160x213,240x320,360x480,480x640,516x688&from=bu&cs=160x0",5
ee0a18d8d44644578139edd12a77c35e.jpg,"https://sun9-15.userapi.com/s/v1/if2/hNZqNUJxaSyKHv1Y8D3l6zQ43_1SmtPxiGRQxddHod_KZjwEJO3q0E1JJWd8T1O9tccZoDnqdzyvOgAfRk6L8waM.jpg?quality=96&as=32x31,48x46,72x70,108x105,160x155,240x232,360x348,480x465,540x523,640x619,720x697,1080x1045,1182x1144&from=bu&cs=160x0",6
1d4601c747f9457b35d2192675776f2c.jpg,"https://sun1-23.userapi.com/s/v1/ig2/jKo2LpIVYZAEzIdRTiD-lqVLUVMB4CgYeRrw7w0y_Hx1qmf0v04bTRk0SaE0e46-svB79rv6qcm0eUXapBIDQyHv.jpg?quality=95&as=32x32,48x48,72x72,108x108,160x160,240x240,360x360,480x480,540x540,640x640,720x720,1080x1080,1280x1280,1440x1440,2560x2560&from=bu&cs=160x0",0
da0a95fc5915de1487ccc13ce2c0765a.jpg,"https://sun9-35.userapi.com/s/v1/ig2/Rx50wlvvIcVUc6hSjIk0SnURRemoRNL04y5BQyrF1ptrUG0FUQ9nQHYVAz3-heuBgVLo5y1ag5ZELejobpXzCwqB.jpg?quality=96&as=32x39,48x58,72x88,108x131,160x195,240x292,360x438,480x584,540x657,640x779,720x876,932x1134&from=bu&cs=160x0",6
a064154e310c7a9d544d2f7231a84f9f.jpg,"https://sun9-34.userapi.com/s/v1/if2/Np4MLD8ZwucH-Q_M1BUdW8L1bwsZctD67jfl_3w8VKOtWka3kT1yRrwzPCuXas7A3bPFaH_tku0JDXqmd8jZ9QCM.jpg?quality=96&as=32x30,48x45,72x67,108x100,160x149,240x223,360x334,480x446,540x502,640x594,720x669,1080x1003,1180x1096&from=bu&cs=160x0",6
a642c9d167633f529d24620bc46fadfd.jpg,"https://sun1-23.userapi.com/s/v1/ig2/YLDTQLiB6M2ZpjqwbZNSakbqvrZH2Pcit9CxApH1-vDExP3GPY7xKR-kjxNhN83jQWDFEZxVlfHi2wvcFv5-2I2D.jpg?quality=95&as=32x40,48x60,72x90,108x135,160x200,240x300,360x450,480x600,540x675,640x800,720x900,1024x1280&from=bu&cs=160x0",2
4ffff23d77eab3d82fabfd69934525f5.jpg,"https://sun9-28.userapi.com/s/v1/ig2/KyYIVeNZJh3SVMpVqU6vf3wOJIiNtskraBFZBWx_4c0UqR9Us-4ZFyE2_lZ-aJoHNCfS1L7sgmpLO0CcPhDtXnnO.jpg?quality=95&as=32x37,48x55,72x83,108x124,160x183,240x275,356x408&from=bu&cs=160x0",1
7822a1e584a2ac9b1386abbab7a60bd6.jpg,"https://sun1-29.userapi.com/s/v1/ig2/AK-ISmVbMIkWWlegLfzftJemIPE4xDr1tNbBIQUIFmeQ5-QXFEA8xiSsFgZkJIYP3ou5Urqgn6197Qo6S4WmQLDb.jpg?quality=95&as=32x52,48x78,72x118,108x177,160x262,240x392,360x589,480x785,540x883,640x1046,720x1177,1024x1674&from=bu&cs=160x0",2
d185c885185851c41443d1ffab20888c.jpg,"https://sun1-55.userapi.com/s/v1/ig2/VYHZktIGdyY0G_PeA9ZATBAvCnoHMJMX3X9aOmR2e9WHiX3ZX2XtsSmaqUWgPPXFThepdl4lMWG2-ZgiLWfnkA70.jpg?quality=95&as=32x32,48x48,72x72,108x108,160x161,240x241,360x362,480x482,540x542,640x643,693x696&from=bu&cs=160x0",2
1479b4b157ceb85c17a2e049d29c17ff.jpg,"https://sun1-54.userapi.com/s/v1/ig2/0UZnT8-5aAMVXIS8CJRaiP95SNIAYBDnfdFMIkUJiS4KnRHgCyy8ncw88vQTBElwPExhSjnfjHZYdJFEJSiXBXvb.jpg?quality=95&as=32x56,48x84,72x126,108x188,160x279,240x419,360x628,480x837,540x942,640x1116,688x1200&from=bu&cs=160x0",6
9a6502762993d83eaf5afa7973515e69.jpg,"https://sun1-16.userapi.com/s/v1/ig2/8qFb85qdo4ySqXH5TGm0etBSMRHOJvhDpe-Cl3m7H35G717ENq843NrJQl2OH5m2SOqbvu9b4mNfR6RZQmONi1CS.jpg?quality=95&as=32x32,48x48,72x72,108x108,160x160,240x240,360x360,480x480,540x540,640x640,720x720,1080x1080,1280x1280&from=bu&cs=160x0",4
6d1c7fca13feccffca14601c3fcf7494.jpg,"https://sun9-12.userapi.com/s/v1/if2/1j_l5_ap5ZvrZzzvF2RpKoS2XmwOgj6PBhcPV5c5TOzuYbn5koF4nXpBIEBX7_78SBSB32ZsIbFrAKtkiibh7WoJ.jpg?quality=95&as=32x28,48x42,72x63,108x94,160x140,240x210,360x315,480x420,540x472,640x560,720x630,1080x945,1280x1120,1440x1260,1461x1278&from=bu&cs=160x0",1
21ceb2f093a388c58cc09d6ac21995f2.jpg,"https://sun1-23.userapi.com/s/v1/if2/73lkC-HiGAFOizOy6v-PmQBG2V4RVA84SIwzAbuVBpPYXuz4su3o_m9lhnZgQP8aAtZ6IAPgjq7CUKgvYuKb2Ek4.jpg?quality=95&as=32x30,48x44,72x67,108x100,160x148,240x222,360x333,480x444,540x500,640x592,720x667,1080x1000,1280x1185,1440x1333,2560x2370&from=bu&cs=160x0",4
931fc39f72d3ed6fba42f4aa001bb83d.jpg,"https://sun9-85.userapi.com/s/v1/if2/0jb5mSicKCuDLxstu3dBbpKdr0ORgWFh8vh-w3gxk8pNGBqWrUrIcysINvfc2t0ar7e7qDhD-hzB98BnrHe9VMgl.jpg?quality=96&as=32x27,48x40,72x60,108x90,160x134,240x200,360x300,480x401,540x451,640x534,720x601,1080x901,1280x1068,1330x1110&from=bu&cs=160x0",6
fad3d37d14f66db754ae393d382ae958.jpg,"https://sun1-22.userapi.com/s/v1/ig2/CZKgFkxvpw-KWpUVRGGIcHq1RsrdZsVuhGXeUFhZG3NBoAPwv_PgpkU2Bpt4Ueb3o4M1zCepDn7tvgJi3_TVK5Za.jpg?quality=95&as=32x40,48x60,72x90,108x135,160x200,240x300,360x450,480x600,540x675,640x800,720x900,1080x1350&from=bu&cs=160x0",4
502251bf8e9da88630561501a80c58b5.jpg,"https://sun1-47.userapi.com/s/v1/ig2/naWOcsdadkvHIFfsP-WD0NMZwhDy_Wm7T7qpa5U1HiDBYG-c1CS2x9ZtlIFbR0G7bG5yZ1T9tzJNJUcwTCH1Bn6p.jpg?quality=95&as=32x48,48x72,72x108,108x162,160x240,240x360,360x540,480x720,540x810,640x960,720x1080,1024x1536&from=bu&cs=160x0",2
cb878e2b88a51004683b546b2e3e6ea9.jpg,"https://sun1-19.userapi.com/s/v1/ig2/-K4q-vRMrzjy-XZoRcl60gwUlZplfcau0DmzyO1kyXmSR0-WJStzVAStu8YfWpwxHozgGS9mz7pVNGVGEf2TT20g.jpg?quality=95&as=32x32,48x48,72x72,108x108,160x160,240x240,360x360,480x480,540x540,640x640,720x720,1080x1080,1280x1280,1400x1400&from=bu&cs=160x0",4
68b279e454ef897b0440531a014c3103.jpg,"https://sun1-93.userapi.com/s/v1/ig2/sdobvOU95kqwi0BWdtXP4deOKBaOyzj0rtKs7lj0lIPMNwct-_H-hrFa6OWUqkk424VyNhVxjKs3pPlGiaCGcI5a.jpg?quality=95&as=32x32,48x48,72x72,108x108,160x160,240x240,360x360,480x480,540x540,640x640,720x720,1080x1080,1280x1280&from=bu&cs=160x0",5
7d6423c31c5c9aa50573592bf1b50d2d.jpg,"https://sun1-54.userapi.com/s/v1/ig2/nxW3WqaVfReP3Me3GJSiOszm8MA9_cqV3Jj0LInYZ8un3Z6Fjo94iM7v2bpUEXy3A8jsE5kq88wCc4JYyujYoCm2.jpg?quality=95&as=32x32,48x48,72x72,108x108,160x160,240x240,360x360,480x480,500x500&from=bu&cs=160x0",5
10edf6d063c25d5ce47302ee2e8928ce.jpg,"https://sun1-56.userapi.com/s/v1/ig2/2DCsv9foD-O_MATsmtf5r3MLyJnlUGBkxDh9ChwjmDh-CXa6wN5qyHPLUhlpOKYVWSj468peH4eoV4U2fdm9P_qD.jpg?quality=95&as=32x48,48x72,72x108,108x162,160x240,240x360,360x540,480x720,540x810,640x960,720x1080,1024x1536&from=bu&cs=160x0",2
80d8dc2f352aa7fd7e866852f205f64d.jpg,"https://sun9-43.userapi.com/s/v1/ig2/rn0qg757Z2hgwfeYDhpDK7bZn8AfHzjsFEXEs2TeWV1D30XITcQULfKkB5Ejj2oxnjprAqIErfFbsq899uVhpKex.jpg?quality=95&as=32x34,48x51,72x76,108x115,160x170,240x255,360x382,480x510,540x574,564x599&from=bu&cs=160x0",3
afe026226823535548a13f701453d0e0.jpg,"https://sun9-19.userapi.com/s/v1/if2/nhl4IBo8I0m2sbgDpz23aN8kTSbOT8WJPCf_U9cuN3gaDXcA8QBe0MXIskL_IwBTNpg9trDXgfTkp2mL2AIviigX.jpg?quality=95&as=32x21,48x32,72x48,108x72,160x107,240x160,360x240,480x320,540x360,640x427,720x480,1080x720,1280x853,1440x960,1620x1080&from=bu&cs=160x0",0
c342b2ef4fa185979b1f2ea7c354adf3.jpg,"https://sun9-54.userapi.com/s/v1/ig2/LsgrRBdz3XY1JlihXEHgQrrqY9UYqgklyv-fBVf67-QTZUw_6vLGeWXrtFjwGZTrWOy8GtCRHePjXQh3yHY2B9LS.jpg?quality=95&as=32x33,48x49,72x74,108x111,160x164,240x246,360x369,480x492,540x554,640x656,663x680&from=bu&cs=160x0",1
f5287b207b37ab6590fbd66832db92cb.jpg,"https://sun9-72.userapi.com/s/v1/ig2/hhO2NUDzzyqNBwj455A9gSs6F1v-zGgZGwfC1MAb2vGvZH6_Kv6Sz71EmUXSku30jX6bqWif68qS0cLJgMi4yirW.jpg?quality=96&as=32x35,48x53,72x79,108x118,160x175,240x263,360x394,480x526,540x591,640x701,720x789,1028x1126&from=bu&cs=160x0",6
a78810610ab397e07f10060db9cd2600.jpg,"https://sun1-96.userapi.com/s/v1/if2/qYLuGOJ_2wb_oAsirjOpPGJSBJLDu9GFlzlWJsMO3c2Ta7qpzkI4sZ8zNTMEMiSNqog3k8bP-6aYnkaTxJLJnXY4.jpg?quality=95&as=32x21,48x32,72x48,108x72,160x107,240x160,360x240,480x320,540x360,640x427,720x480,1080x720,1280x853,1440x960,1536x1024&from=bu&cs=160x0",2
60f2b85b66db27d970e2e86b7516aaaa.jpg,"https://sun9-5.userapi.com/s/v1/if2/ZkX3PJNtj_eX6gOjUx57NqwN6BJ5YV6TgWPdp6YjrXj0cGfw68rXAJa1pGIYwoNBDYVlUyI7QQUdKOAloLcl5whD.jpg?quality=95&as=32x21,48x32,72x48,108x72,160x107,240x160,360x240,480x320,540x360,640x427,720x480,1080x720,1280x853,1440x960,2560x1707&from=bu&cs=160x0",0
77c9f150dd72af5adbdad8c979a4c763.jpg,"https://sun1-90.userapi.com/s/v1/ig2/uTiEjQKbZCHHYDm7iRpEYDt29xzx1waUOe28aoHMEfPDQblJfx8kLyolQB8ncj5xbNmAJXauS9CUn7vt7O68YfE9.jpg?quality=95&as=32x60,48x89,72x134,108x201,160x298,240x447,360x671,480x895,540x1006,587x1094&from=bu&cs=160x0",5
19fbe6b13dc3f223f8b5a6559d726e39.jpg,"https://sun1-28.userapi.com/s/v1/ig2/cIZl0IDXIC81DoMc1FHktU3RuT9MKeOo3kr6jqFa2oVIQ849IWTCnc6sIlIXhMjnEhAsihHdtknHxicv04PLVPgY.jpg?quality=96&as=32x37,48x55,72x82,108x123,160x183,240x274,360x411,480x548,540x616,640x730,720x822,730x833&from=bu&cs=160x0",6
cfcd55c822db9b1ad745627b6c5fce5c.jpg,"https://sun9-40.userapi.com/s/v1/ig2/gFHEy648SH5z8NIM0ZI1HwhyJK1Ef2xTGzDvp68eLddDvNkXkPhtYmSI-G9ScQZ8-af1iOyc9mUDCTJaiGQbwCev.jpg?quality=95&as=32x33,48x49,72x73,108x110,160x163,240x244,360x367,480x489,540x550,640x652,720x733,829x844&from=bu&cs=160x0",3
89111acfde4114b92440d4b0e8561e48.jpg,"https://sun1-25.userapi.com/s/v1/ig2/BEuG98-uD10QuBdc72B_sIlJv7Qu21nLHWbYSQnHnfw-_NjFtzjwZzu0dla0EKgQC9qh1uMMGcR5YUBavAYuI0VC.jpg?quality=95&as=32x48,48x72,72x108,108x162,160x240,240x360,360x540,480x720,540x810,640x960,720x1080,1024x1536&from=bu&cs=160x0",2
867a078d24952634c278a1e85cb98410.jpg,"https://sun1-96.userapi.com/s/v1/ig2/PcyB7qIRqugldwVcMqqHSpgknMFVXC99iJuDftNCYRTC6eNGEwgbWUPJcVElyha1pCZL6HPwu7F69NYLL_ty2zXZ.jpg?quality=95&as=32x32,48x48,72x71,108x107,160x159,240x238,360x357,480x476,540x535,640x635,720x714,1080x1071,1280x1269,1440x1428,1920x1904&from=bu&cs=160x0",2
573f3e298a9d8307176ac37a23c2b0d0.jpg,"https://sun9-64.userapi.com/s/v1/ig2/VRaawFXTkEZnRQql-m9DWEFLjPTniYhviKFnEyNwLQ7zg19PbG7OCY8wsT96XhIYsNz_cSpe1G84JwRHjI8IAQOr.jpg?quality=95&as=32x32,48x48,72x73,108x109,160x161,240x242,360x363,480x484,540x544,640x645,720x726&from=bu&cs=160x0",3
338f8f83ec743e70dc1eb9f5e4775012.jpg,"https://sun9-66.userapi.com/s/v1/ig2/TGAKbbnojkU_93XM45SSI4dKdjnI0OFoSPESluQsNHo3UBhdIN5PRolHdSWSj8hdlNzRz2CrfdA1kHFY5LmO3lW9.jpg?quality=95&as=32x32,48x48,72x72,108x108,160x160,240x240,360x360,480x480,540x540,640x640,720x720,1080x1080,1200x1200&from=bu&cs=160x0",0
905a70b5a7d8be73a4c785c0cc0b0c20.jpg,"https://sun1-26.userapi.com/s/v1/ig2/ys1SzvsCekEn7OU3348ObbmBeHVtxccdMnVEWb-KVPr8DSYavsYh3-fFZFBJrteYNV7LSjhKlxe4SIeBYo_7WJXC.jpg?quality=95&as=32x32,48x48,72x72,108x108,160x160,240x240,360x360,480x480,540x540,640x640,720x720,1080x1080,1280x1280&from=bu&cs=160x0",5
c5977f35b96d8ac345fe810e2cfa2490.jpg,"https://sun9-60.userapi.com/s/v1/ig2/I1hYeLLklvNod_Vo9JPO-Fv4T-dcmTe8ymdYxaTiZ2jiM9O99Mu-tRu0TI46crVEWI391Ce5iEDNMB6yMkfSoUZ9.jpg?quality=96&as=32x41,48x61,72x92,108x137,160x204,240x305,360x458,480x611,540x687,598x761&from=bu&cs=160x0",6
13a970db74c4aecd17c1933631f98521.jpg,"https://sun9-82.userapi.com/s/v1/if2/k8jOgc0iKXTzIYKLGYhQKMPbHhALr_tk2ux_8W_0K9jvB4XHrcKoDWLJVW2oBM9N8ZYBVDy3nWZzOIRdDhX2pcdW.jpg?quality=95&as=32x24,48x37,72x55,108x83,160x122,240x184,360x275,480x367,540x413,640x490,720x551,830x635&from=bu&cs=160x0",3
f13ef0d4a13f261decd7baf5d0c4e566.jpg,"https://sun9-75.userapi.com/s/v1/ig2/hdkeBRxN9-KZVJAJhxAZcL4r3kam4LWhq85fP3okYISFhZdzbPRL1u9YxhtKV9eNx6DfspvAsJE0gyP0H85_JWYk.jpg?quality=95&as=32x32,48x48,72x72,108x108,160x160,240x240,360x360,480x480,540x540,600x600&from=bu&cs=160x0",3
865f4ec4ae283a701d116a7832addbdb.jpg,"https://sun9-6.userapi.com/s/v1/ig2/r1rHIKQMk6aSWjcb5NymjR2mE4rkAe_JrKLt2D8SYKcyWq0WB8xRlliUHTGbuhmtGzecMxUPBD8JUHvj4hP5HaXU.jpg?quality=95&as=32x32,48x48,72x72,108x108,160x160,240x240,360x360,480x480,540x540,564x564&from=bu&cs=160x0",3
11a03eb46c44c3c3db45d3020db15ddf.jpg,"https://sun1-92.userapi.com/s/v1/if2/nT27P_8D3iXttd1nLcQi091fTwrqd1apZ-SecKbcQeH5LzbtPibr53UlVn4z2f_7i2tWGm8iPd6W2vQo4RIvlD9t.jpg?quality=95&as=32x29,48x44,72x65,108x98,160x145,240x218,360x327,480x436,540x491,640x581,720x654,1080x981,1280x1163&from=bu&cs=160x0",2
9684b32a8296afabfad11c847fe1dc59.jpg,"https://sun9-59.userapi.com/s/v1/if2/QX8wtTqVNVa90pme9c2oSVW_meCyUdQy0Iw2WiiU4bR2v_g1tEq6F4zczIBpqCr2CSpDvKeDr_qwjX-_zoVrA8f5.jpg?quality=95&as=32x23,48x34,72x51,108x77,160x113,240x170,360x255,480x340,540x383,547x388&from=bu&cs=160x0",3
785688728ccee7640b8a28d2aed832a2.jpg,"https://sun9-54.userapi.com/s/v1/ig2/ZolpchsNcqVRVZgPT-hmV1g6mvAXV_p1dJtB9dobfkAjEh8vTY8cDWCgUh5b1-VjV0v2Ke8XH0P9fiNlePijj338.jpg?quality=96&as=32x43,48x64,72x97,108x145,160x215,240x322,360x483,480x644,540x724,640x858,720x966,1080x1449,1280x1717,1295x1737&from=bu&cs=160x0",6
c0294c0ac6492e107b8123e74ca54aac.jpg,"https://sun1-14.userapi.com/s/v1/ig2/GRRMPAYuErnP4IywPFzn-um3UcNu-mBrN5jHJUQr51jTXu3RLA-ifYpCsST8PMR1u8TPloT1BFXrE5ALiuMVOC-R.jpg?quality=95&as=32x39,48x59,72x89,108x133,160x197,240x296,360x444,480x592,540x667,640x790,720x889,1024x1264&from=bu&cs=160x0",2
f08851383477444f7262ae8e5a493251.jpg,"https://sun9-21.userapi.com/s/v1/ig2/vpGIcgtHiz3WAajY1i46If73hXbmYnSZxTc7xkiRVChza1L70-_PmBYmcquNd3uGKxHyZm3n2Q3ZOwHk0yvUE-Xm.jpg?quality=95&as=32x32,48x47,72x71,108x107,160x158,240x237,360x356,480x475,540x534,640x633,714x706&from=bu&cs=160x0",3
409f6cc90ab4388dea348d0c9d91747e.jpg,"https://sun1-83.userapi.com/s/v1/if2/LgBYu4oBViDeImCZ_f8rWLJ5Qsx3YUgAq73j4Xzgs1R-flqmkk97cKsm1F3i2QofsT2JWSmqzK91cScmjMsSEQbp.jpg?quality=95&as=32x30,48x44,72x66,108x100,160x148,240x221,360x332,480x443,540x498,640x591,720x664,1080x997,1280x1181,1440x1329,2048x1890&from=bu&cs=160x0",4
16bdf4c89090eef9ff78f48927b00d98.jpg,"https://sun1-85.userapi.com/s/v1/if2/MpvQM9nIXie5uvqHRcvxtljMVCKHAUFLsOg4t3eKHKdekryMeQDJyyPxzDSOFV2TSxsSYS3kn-d6UCvr22SGeTxB.jpg?quality=95&as=32x21,48x32,72x48,108x72,160x107,240x160,360x240,480x320,540x360,640x427,700x467&from=bu&cs=160x0",4
e657d75ff40222f43348e41afe06b4c5.jpg,"https://sun9-41.userapi.com/s/v1/ig2/2PWhYybs4s1VlAQlC70jWroE5fsGUV10T91J1AohFoBVwcfak29ER-JmPS_y_NL4p8-8-yYtHTsJSLqbtBj5xW0Y.jpg?quality=95&as=32x32,48x48,72x72,108x108,160x160,240x241,360x361,480x481,540x541,640x642,720x722,841x843&from=bu&cs=160x0",1
a106ad98d2aadeb2b45893fd54012eb0.jpg,"https://sun1-29.userapi.com/s/v1/ig2/DCKhmoZgf39JsR98XDKbwaPU3lqsDnRdASxuBVlC7bYssIw4JIrupyysOL2QCdabsj76wmSNhnfiBYFApr1djV-D.jpg?quality=95&as=32x36,48x54,72x81,108x122,160x180,240x270,360x405,480x540,540x608,640x720,700x788&from=bu&cs=160x0",4
4b4d0c7b307a5d4d9391abb49ed4232b.jpg,"https://sun1-57.userapi.com/s/v1/if2/DUB54lDikzNMnLoRftNXYCnIbuChmf8vSlDOMzmUVgHF4sNFwpQ-gHXAMahPaVr92Zalq9WI1oMuDYsn1X8yhjZl.jpg?quality=95&as=32x24,48x35,72x53,108x80,160x118,240x177,360x265,480x354,540x398,640x472,720x531,1080x796&from=bu&cs=160x0",4
49fb52c0bd2cc291b41fbc4cc0e93b36.jpg,"https://sun9-41.userapi.com/s/v1/if2/MnUyS_3YDHp9P9l6-8jBrH_H233PD5rHFvC_thaClAnbCdMbNW0pavCAgKjaY6JQ-po4fwXlVJYm821XyVaV0utM.jpg?quality=95&as=32x28,48x43,72x64,108x96,160x142,240x213,360x319,480x426,540x479,640x568,720x639,1080x958,1280x1136,1440x1278,1447x1284&from=bu&cs=160x0",1
11be72058f0d0c4fe8a26ab450ea261f.jpg,"https://sun1-47.userapi.com/s/v1/if2/uGWIQUNQKiRj_oI2khgm00M9O47kKE0RW_XmH_ErJTtm1bT-zlgeSZC8RG-H3TGzjg0ZiryAxTEg48cZF6I3jhVh.jpg?quality=95&as=32x21,48x32,72x48,108x72,160x107,240x160,360x240,480x320,540x360,640x427,700x467&from=bu&cs=160x0",4
9bda8ef2033dde208e51df2056127fe0.jpg,"https://sun9-41.userapi.com/s/v1/ig2/DY1gJsjHjjLUmVIw2NEj2B_Noc7CpsFeZ1sdptsWdN3I3gN5TmNgUU5fhqnCpwVet1UhVA4LE2GvYIPwl1nOLts_.jpg?quality=95&as=32x43,48x64,72x96,108x144,160x213,240x320,360x480,480x640,540x720,640x853,720x960,721x961&from=bu&cs=160x0",1
239b828224e5b8fcac36891dfd772c21.jpg,"https://sun9-59.userapi.com/s/v1/ig2/v3WMXKujNYEKPtHm1IKvctWNwIaQ4mMgAPXGLO4Mi7dWEBpLWzmaRHHO_C_kGJ1R6o0Ef3T6CeKoEHcTGpnlpj55.jpg?quality=96&as=32x57,48x85,72x128,108x192,160x284,240x427,360x640,480x853,540x960,640x1138,720x1280&from=bu&cs=160x0",6
752b0a39ca1b1e02e8b2839a7f4b1a0d.jpg,"https://sun1-17.userapi.com/s/v1/ig2/gCvmgWMHLqzuhuuPHRSgdofcQwjqVDkL2NDrNHj5rHpDTBKNEnAVxHi-0g-7AK0FJzoWk-ZIw8lUk9_ZC4QRFXxG.jpg?quality=95&as=32x40,48x60,72x90,108x135,160x200,240x300,360x450,480x600,540x675,640x800,720x900,1024x1280&from=bu&cs=160x0",2
4346408b3bb2e62577b632a233718a7a.jpg,"https://sun9-60.userapi.com/s/v1/ig2/kbtQmVCj2GNTaY81PpyTUUuwNZWLyFOZT8QT9Yak-n4_Kv8BVm48EwxSAo2yikjStITqorj9XgtBKhlN3dHoD4o9.jpg?quality=95&as=32x32,48x48,72x72,108x108,160x160,240x240,360x360,480x480,540x540,640x640,720x720,1080x1080,1280x1280,1440x1440,2560x2560&from=bu&cs=160x0",0
892a483566e9e47c90e72f1c7def7762.jpg,"https://sun9-47.userapi.com/s/v1/ig2/oUn35nq3-yeNeY3GgvsbR6e-874bcRoMAcqFZ8Yq6kgOETImfUcDaMWk87PB1k8DYHE_UrqU7d9Jj1KlO4T53cPN.jpg?quality=95&as=32x32,48x48,72x72,108x108,160x160,240x240,360x360,480x480,540x540,640x640,720x720,1080x1080,1280x1280,1440x1440,2400x2400&from=bu&cs=160x0",0
316323163e1bd5d998c6b9054d9e22da.jpg,"https://sun1-55.userapi.com/s/v1/ig2/ibAMJb45ha-thnwVnEeG9QcGDjmz3hZRyiQPtjdknj_HPGHnzxCYnHKhuqOh-Y9vbGfuT49qHnHImhFABlRMOvr4.jpg?quality=95&as=32x32,48x48,72x72,108x108,160x160,240x240,360x360,480x480,540x540,640x640,720x720,1080x1080,1280x1280,1440x1440,2560x2560&from=bu&cs=160x0",5
3fe77e3910ec88517dd11648232bd10c.jpg,"https://sun1-13.userapi.com/s/v1/ig2/-IGQhwQlqGvIWe5j2_OcVQT8ZsB-NPvwmyw2nvOPeAE8yei5LqtUaqv6nJhHt3gGth7IpORve4vHoXElAxnmQBLL.jpg?quality=95&as=32x48,48x72,72x108,108x162,160x240,240x360,360x540,480x720,540x810,640x960,720x1080,1024x1536&from=bu&cs=160x0",2
e8f0ab5bf44e85739abc992e2158f9aa.jpg,"https://sun1-91.userapi.com/s/v1/ig2/EarQPJild6P7-Bsu3a8xsOozlTgyOQRsPSIvi4NiworT5Jbbgp1VWpJeoP8iXi094sOwmYeHSLJo18q5duLMHXVI.jpg?quality=95&as=32x47,48x71,72x107,108x160,160x237,240x356,360x533,480x711,540x800,600x889&from=bu&cs=160x0",5
2371baa3121d42402c0e4c3f067bcd94.jpg,"https://sun1-22.userapi.com/s/v1/ig2/QrSJp0iBRjwTBV_OuNe4aP3YgfEgYKInzFAnq8sqQNTBswRvLh0OH6tvleArFFKPSTz28bo9neCTAGkTDwcJnvVM.jpg?quality=95&as=32x58,48x87,72x131,108x196,160x291,240x436,360x654,480x872,540x981,640x1162,720x1308,1024x1860&from=bu&cs=160x0",2
480aea67f88b5973f10965429b29ad4d.jpg,"https://sun1-55.userapi.com/s/v1/ig2/Pk65MhfbfSLphtcTisIy84CwFB4KALtu3JgLQKzuiaSVcfm6R38YMVbIuEfg6HFmZeDqJBlNfXI6tFMs-tLSnANp.jpg?quality=95&as=32x32,48x48,72x72,108x108,160x160,240x240,360x360,480x480,540x540,640x640,720x720,1080x1080&from=bu&cs=160x0",5
0cf78d6058e650393dfcdf7d73409399.jpg,"https://sun1-47.userapi.com/s/v1/ig2/1NJjHXQa1cordovRzK4wyMjUUjfEXafw4Pm4DkKxaF910QzOd-00gDIrV0MIEn-D_8tD9eqS18nff3E3BE7RQYo_.jpg?quality=95&as=32x32,48x48,72x72,108x108,160x160,240x240,360x360,480x480,540x540,600x600&from=bu&cs=160x0",5
687fbf4f128accfa329160c93b5882a4.jpg,"https://sun9-15.userapi.com/s/v1/if2/TZrZ-73wOZgC_tVHuoxqAtk1ShS5AI52PMoU2KG8jJ5DBCFJMMYxfjOOPCMwBivT0wnU0jewJkPDgPUcGg3dR_ih.jpg?quality=95&as=32x22,48x33,72x50,108x74,160x110,240x166,360x248,480x331,540x372,640x441,720x497,1080x745,1160x800&from=bu&cs=160x0",1
d41ec5a2855e6b4fa2709c8204045514.jpg,"https://sun1-47.userapi.com/s/v1/if2/Q2_drIAdq9WODmNu4NYeq_JPMbd42iyBNGVwWW8YuGcRxh9yKgWULkvhr6heZxwZg1T17QHbVQY22CvOka7p13Jw.jpg?quality=95&as=32x18,48x27,72x41,108x61,160x90,240x135,360x203,480x270,540x304,640x360,720x405,892x502&from=bu&cs=160x0",5
2908f42f65a3445b3e7e9ea967688cc8.jpg,"https://sun9-48.userapi.com/s/v1/ig2/SSzytGDoR-Ya_z9vbZm4jr3RTNoUPe04ri9hxnM4QtGaFL3QRwyW6SFFyPaKrwIobzK2rTh7m9fPcq4PJwtBH81N.jpg?quality=95&as=32x32,48x48,72x72,108x108,160x160,240x240,360x360,480x480,540x540,640x640,720x720,1080x1080,1280x1280,1440x1440,2560x2560&from=bu&cs=160x0",0
3ac4664d7adc197d059ad6ca4e5bdbcd.jpg,"https://sun1-96.userapi.com/s/v1/if2/AIjl8Gg5cMDDn44OgWTxZBQLDgCYEo8bBH5yvb-3Vfw4-BLrM_Rk6Vj0Zyt742-4JzHUs613Gt1z6NMp6QsRXdI2.jpg?quality=95&as=32x18,48x27,72x40,108x61,160x90,240x135,360x202,480x270,540x303,640x359,720x404,1080x607,1280x719&from=bu&cs=160x0",5
1d905c944208847007659fe05157b813.jpg,"https://sun1-87.userapi.com/s/v1/ig2/6GAynj--aVqDdtQUVDGsjQNnHHs6u_zy5octq-rtIfIBMuwWn3TwIVjbyUO8kCsefWiCuKo8jW0fz3q3t6uvmWK1.jpg?quality=95&as=32x32,48x48,72x72,108x108,160x160,240x240,360x360,480x480,540x540,640x640,720x720,1024x1024&from=bu&cs=160x0",2
050bec51cce7f1e7efab25703aea2ce9.jpg,"https://sun1-30.userapi.com/s/v1/ig2/EzBHqoovf2rTAm6fb39ZIsgitlywlrH-snB99IS31_D_--7TRZq4jzJ291tEKIwZcsPoLnzsAlMdk0buIGkIGp-y.jpg?quality=95&as=32x47,48x71,72x106,108x159,160x236,240x354,360x531,400x590&from=bu&cs=160x0",5
b7b16a26c8086bdefeac00d3ce3cf67b.jpg,"https://sun1-56.userapi.com/s/v1/if2/VGHQDdPE_ySwxjeqBJ4-W29rSu34l9M2bzTrK-8KNPJroMfGiHcrNjiXvSZKEgEodo6Q-vSprd1SuKcglxecYIUD.jpg?quality=95&as=32x21,48x32,72x48,108x72,160x107,240x160,360x240,480x320,540x360,640x427,720x480,900x600&from=bu&cs=160x0",2
0bd46f53ca2014f0a00f61f77f2892cd.jpg,"https://sun9-12.userapi.com/s/v1/if2/La_He0uYGoH8jg78WT-z7r4XatTT5cBzdkYQfg507G939t8JC5xeEZ-QQUvoskPXsw5ERRI5U8aNzOsVcJ5p5uws.jpg?quality=95&as=32x28,48x42,72x63,108x94,160x139,240x209,360x313,480x418,540x470,563x490&from=bu&cs=160x0",3
bbb36e0bccb3eb3ebe6bb9f9543b37ea.jpg,"https://sun9-19.userapi.com/s/v1/if2/z4zm3E2U2iNx5vjQdlLvY6McsPUXXjTLNUaYK_YfD-5IQxMjAUM_j4s7icSgn8P5pBU_plSWgPvGgqaRJOp_zyOo.jpg?quality=95&as=32x25,48x38,72x57,108x86,160x127,240x191,360x286,480x381,540x429,640x508,670x532&from=bu&cs=160x0",1
dbe4bbfe77009ce49cc741c828f5a2f1.jpg,"https://sun1-25.userapi.com/s/v1/ig2/aruJZJMxa4bbyy8Uds4-yQ7SZPJSvSiBt7r-8hkid90sKHCWZ1AvewXk8KlTEKf_FnIk1AwkMhS0uNoM_6O-vEnQ.jpg?quality=95&as=32x32,48x48,72x72,108x108,160x160,240x240,360x360,480x480,540x540,640x640,720x720,1080x1080,1280x1280,1400x1400&from=bu&cs=160x0",4
ac7783b32e39b46540f0a74bee73a7a3.jpg,"https://sun9-38.userapi.com/s/v1/if2/F5zOEY9L6ZK4Fx9jVZFKIVOHtc0c9vczWCL6Q0UCAwEQY7MN6mqqGrNra-GuvAIT3PuwnkNMCxrj6QIXcYI7fCcq.jpg?quality=96&as=32x26,48x39,72x59,108x89,160x131,240x197,360x296,480x394,540x444,640x526,720x591,1080x887,1280x1051,1378x1132&from=bu&cs=160x0",6
ee5c338628b71a760862c4fc694db904.jpg,"https://sun9-45.userapi.com/s/v1/ig2/LA1u2rwZGUFLTYbhXzCjx9gAEipYPDHzs2VIq7Iiwtx6mkFxO_AOxdnC4ptEmDF2lSeZvIj17gR95AKyYRXTYh2w.jpg?quality=95&as=32x32,48x48,72x72,108x108,160x160,240x240,360x360,480x480,540x540,640x640,720x720,1080x1080,1200x1200&from=bu&cs=160x0",0
2e9eb32a7a50f25e3126ab2af7f07284.jpg,"https://sun1-97.userapi.com/s/v1/ig2/wSIW5QitqCgvroLhzOFA-62fvJx8aRBLo0b279wbIpOFZxfCqTUrnSJeSkCKvXfA5n0Riel2uO3l9TMlihgXjp8P.jpg?quality=95&as=32x40,48x60,72x90,108x135,160x200,240x300,360x450,480x600,540x675,640x800,720x900,1080x1350&from=bu&cs=160x0",4
48f6d7428f89dd415e8ead9eb88f3e82.jpg,"https://sun9-10.userapi.com/s/v1/ig2/bPG0JBBBa3Jku4dwCrP0KKrI68bL8hjdC-Hu3Q8qtH2B1xlAri8hVgvgNYQentUyWq0pOFRJ0HydYj58r505oG9N.jpg?quality=95&as=32x32,48x48,72x72,108x108,160x161,240x241,360x361,480x482,540x542,640x642,720x723,792x795&from=bu&cs=160x0",1
6d8a11c02ff7515d122f6502b8399db5.jpg,"https://sun9-46.userapi.com/s/v1/ig2/YFHCYjBPyrFXzKwZEIrapgpyWYGpnWkE6N3Ksivi-mjUiQvuJXJUI8WYiM1RAbhRFiv9W8Jg2TlKu424SZhGleFQ.jpg?quality=95&as=32x37,48x56,72x84,108x126,160x186,240x279,360x419,480x559,540x629,616x717&from=bu&cs=160x0",1
9452d716255e11475c20a219c14dce62.jpg,"https://sun1-85.userapi.com/s/v1/ig2/pMv9_fBIWavSKe-Mys7rPCjn0hGDHLG5I0xjKT81KZrSswFVZ0Ufabs7Y8vbXnZNUI-tWFlN02G0XzwZM4Lmmd4B.jpg?quality=95&as=32x42,48x63,72x94,108x141,160x210,240x314,360x471,480x629,540x707,640x838,720x943,1024x1341&from=bu&cs=160x0",2
a278f7171d31ddaade9cafb0931533e7.jpg,"https://sun1-95.userapi.com/s/v1/ig2/cOfkbIG7FohO0b2U7EACZrLtK5cVDrbFqHpAnIdd9GDRwUKbCV-Q9rbN-BE8IVn8Fo3g3uC9sIiVZsTRra6juQRq.jpg?quality=95&as=32x40,48x60,72x90,108x135,160x200,240x300,360x450,480x600,540x675,640x800,720x900,1080x1350&from=bu&cs=160x0",4
2d657fa6c0596cfb4e3ec505b34d3474.jpg,"https://sun1-47.userapi.com/s/v1/ig2/yqF20kxFOG5MRtBPJhlsDIyK2b6k9eS-K9vxmdnejruNfZ6Pr2CpDhQbC4dPjxGFVvA0AP2Wi-UtJzOYAH5h2MDt.jpg?quality=95&as=32x43,48x64,72x96,108x144,160x213,240x320,360x480,480x640,540x720,640x853,720x960,810x1080&from=bu&cs=160x0",2
eaed10578e9f92c8c28ae0b30416f9e9.jpg,"https://sun9-10.userapi.com/s/v1/if2/TuYfE4TiytOhGgQGaiWlG-WdR63uGCwDgnmr-K3tbFgNJoMou7q65BJBPdwl6ON9Etp4_ZW5atqmHPi9bCTLM--Z.jpg?quality=96&as=32x30,48x45,72x67,108x101,160x149,240x224,360x336,480x448,540x504,640x598,720x672,1080x1008,1206x1126&from=bu&cs=160x0",6
0bb5e53b9275917126325859e60f1791.jpg,"https://sun9-45.userapi.com/s/v1/ig2/ThYIVXZdAUGrO51b6QNsbPrk-Nmt8J3ydrQlDod98djIdunVRinJkQTWNLpumnIirbSK8Dnj1vdKZxzLgXoFDo_5.jpg?quality=95&as=32x47,48x70,72x106,108x158,160x235,240x352,360x528,480x704,540x792,640x939,720x1057,1080x1585,1170x1717&from=bu&cs=160x0",6
a4f5f7f041b13ad69104b6c115a498c4.jpg,"https://sun1-47.userapi.com/s/v1/ig2/EoEzfGTHhVjPvBrlt80EYQ6NpxQkLDw2PnXFOMWjDUs-f9ITM2U2SmVHJGqkDw-_2cjVmoqtM6Zl8yX2gymFWYS_.jpg?quality=95&as=32x33,48x49,72x74,108x111,160x164,240x247,360x370,480x493,539x554&from=bu&cs=160x0",4
b31afd99a85c6e66d3c7ed29c6bd5d52.jpg,"https://sun1-54.userapi.com/s/v1/ig2/YY3lK6yPEQaEyF5zTeoSwuj1_wowC7lhLE4mUB1_Q-d9wfeAUBnzjNS2aTPX_YqlF3qoY_gHq4WPCEFAOG-Jn3i0.jpg?quality=95&as=32x32,48x48,72x72,108x108,160x160,240x240,360x360,480x480,540x540,640x640,720x720,1024x1024&from=bu&cs=160x0",2
6e7c807171377394039fc7a17844221a.jpg,"https://sun1-26.userapi.com/s/v1/ig2/bPO8A-NmskX7gGXYTEa5yn-JxzSb3lzPd7rMr87kO7xO1k3l8hGb_G_ihkU9OQ-mkhl23wIjHOHVSz7tHIE9w8Bp.jpg?quality=95&as=32x32,48x49,72x73,108x109,160x162,240x243,360x365,480x486,540x547,640x648,700x709&from=bu&cs=160x0",2
a2f2584dd022bb5d67522201eb521803.jpg,"https://sun1-14.userapi.com/s/v1/ig2/Y7aqqq9Ge3Y8zmVqcN7kgbxoX1JTPhC1ZKgcDDv_QdIKWsEJAhvzS2Nsh2RVcWk333VzNzD8VG1GHpwAfjAoTfka.jpg?quality=95&as=32x32,48x48,72x72,108x108,160x160,240x240,360x360,480x480,540x540,640x640,720x720,1080x1080,1280x1280&from=bu&cs=160x0",5
a9428a26967527b78cc73e9c5a6c79e4.jpg,"https://sun1-97.userapi.com/s/v1/ig2/hEa3QY5Qxru1BE3j1I2NpnQSmgl4g-gysO67z8PW9ulVG1lgxxFm-Dm30CqAT9jHC1nDOyqPLTX3g4hSOMo04LKD.jpg?quality=95&as=32x40,48x61,72x91,108x136,160x202,240x303,360x454,479x604&from=bu&cs=160x0",4
42601fc34705c9e02e8734212050d5f4.jpg,"https://sun1-97.userapi.com/s/v1/ig2/fQ-PMkj_xDJIOoYODA6O1iSoZFGk8n486Te9y5NvH7uem5fkyFov5-YQulNdIPOlVncWUdQinCWfVAf4z0Lf-Rxi.jpg?quality=95&as=32x40,48x60,72x90,108x135,160x200,240x300,360x450,480x600,540x675,640x800,720x900,1080x1350&from=bu&cs=160x0",4
16bd36d0ac961a61d09eba3ed385bf41.jpg,"https://sun9-31.userapi.com/s/v1/if2/j6Hj8XtVZzpDEL0XeaUaPaWkJvCZAzgylNaqSPNncw_dDpqBKsIdeEELiJaGRGxaRabb3DD4QfPEvfbmpdYJa2u7.jpg?quality=95&as=32x22,48x33,72x49,108x73,160x108,240x163,360x244,480x325,540x366,640x434,720x488,820x556&from=bu&cs=160x0",3
5b35bdf848bd19031ea71bf176e8e77b.jpg,"https://sun1-97.userapi.com/s/v1/if2/J4BgCk6A442L8Hw0bPmvLhRATn_nLmd_O1-xNtyhLXxxGuH5wHbI4Pu6LO0znJGfh_CDqLyGJo1yMfrosZQXII8X.jpg?quality=95&as=32x30,48x45,72x68,108x102,160x151,240x227,360x341,480x454,540x511,640x606,720x681,1024x969&from=bu&cs=160x0",2
18beefdecd753109b13a50e4990a4625.jpg,"https://sun9-84.userapi.com/s/v1/if2/ocJSC4RiENwu417foha7oOUweyCQ7Iqz6SmAZzO4LLWoAIBErKFVKdCgzMOXSlRwMAKBJcv1_WgSb3glXtk-zX8m.jpg?quality=95&as=32x23,48x34,72x51,108x76,160x113,240x170,360x255,480x340,540x383,559x396&from=bu&cs=160x0",3
0cdddfa5c0bba04a18667ccf737e01ba.jpg,"https://sun1-14.userapi.com/s/v1/ig2/lzCaSEh6SCINwRU24PKZqa9HNHr4J67OqgrqnfzIxagWGtBc1fAoWU4GjE2whmFhi7KvLAjrdFznxAWYF9QBraL0.jpg?quality=95&as=32x40,48x60,72x90,108x135,160x200,240x300,360x450,480x600,540x675,640x800,720x900,1080x1350&from=bu&cs=160x0",4
476682e7a62f1e24c2183e271bec2199.jpg,"https://sun9-58.userapi.com/s/v1/if2/jub_TEM0RnGhx_iNZrrqfx79X8KzEPtwi0KsKkGtOMSfELSKe2YwpWJiVgiBEzJYuX8FX3_OsQCqp33craNURlh-.jpg?quality=96&as=32x31,48x46,72x69,108x103,160x153,240x229,360x344,480x458,540x516,640x611,720x687,1080x1031,1148x1096&from=bu&cs=160x0",6
42ee082bf77a269574f2b2ceb27bed2a.jpg,"https://sun9-77.userapi.com/s/v1/if2/IJabb_aFJh9mkka4c-vlPSIUL7-zldzi0FnEOvuO4EADypqr3ZEFnczw6lqLH9yfVojPqBus9EDcm7jpwOLePu7I.jpg?quality=95&as=32x21,48x32,72x48,108x72,160x107,240x160,360x240,480x320,540x360,640x427,720x480,1080x720,1280x853,1440x960,1800x1200&from=bu&cs=160x0",0
742b152c8835f71a54c480c087aafea9.jpg,"https://sun1-91.userapi.com/s/v1/ig2/KEh68AXcTyI8LucFo_jVNf-uulQwWY6T-LjbkojSDcfXlvozANTLCtYcm1r9HQxrcRmElOj1wa9Kkhj3NVSGISw_.jpg?quality=95&as=32x46,48x69,72x104,108x156,160x232,240x347,360x521,480x695,540x782,640x927,720x1042,1036x1500&from=bu&cs=160x0",2
e923eabde7fae7eb5352700542f62717.jpg,"https://sun1-18.userapi.com/s/v1/if2/uRs_PaTaRGnXx_S_0vUAAHaWozaolxmZSQ4zNDcwDXpIDLMMDG3Y8Ky_Qnj1ejQ0gFpz1_UwCFHPeqr_dFIYyG2N.jpg?quality=95&as=32x24,48x36,72x54,108x80,160x119,240x179,360x268,480x357,540x402,640x477,720x536,1080x804,1179x878&from=bu&cs=160x0",2
79a057ccc3415ee1fd83e75e8a32ccc7.jpg,"https://sun9-64.userapi.com/s/v1/if2/DcbZJ1ZKkyBdpHn-WhkIUsegGyqe2sBAHPKQWqDN-pSgXntW_js1yGZ0X-pGtV9SKn_j4mscE4DztHNvORQsMB00.jpg?quality=95&as=32x24,48x36,72x54,108x80,160x119,240x179,360x268,480x358,540x402,604x450&from=bu&cs=160x0",3
9f588ed4c9823858e18946d43ff7e60b.jpg,"https://sun9-70.userapi.com/s/v1/ig2/iiU5CTOrMDDgYJDSPDgZD7Aulv4Vd2uM3vgVy8y4_NVMccLJxVVYpMt5L_-keTsv-Op3JEiBmrQDkLYZTND8IkyU.jpg?quality=95&as=32x49,48x73,72x109,108x164,160x243,240x364,360x546,480x728,540x819,564x855&from=bu&cs=160x0",3
0bd5bba26c5c64750304b89cb2467dbf.jpg,"https://sun9-22.userapi.com/s/v1/if2/ot_2VhQQ3tfDV7au7XbS7A1zVvCuvQzTK5wWtran9-dmC_agKZUr7ux1FTfjBSVJ4fuJKq3bjY5rAx0g2Ob_5YPH.jpg?quality=95&as=32x24,48x36,72x54,108x81,160x119,240x179,360x268,480x358,540x403,640x477,661x493&from=bu&cs=160x0",3
6779083d0423b171e41f936648728e29.jpg,"https://sun1-87.userapi.com/s/v1/ig2/i6CDHCasymEOwjYn1_OP6V5r4fRlol4uuw854w5AEg7L11bq__JWczhEx7XT2lfruIcYBggAgedObanPYG4Y9Snc.jpg?quality=95&as=32x38,48x57,72x85,108x128,160x190,240x285,360x427,480x570,540x641,640x760,720x855,1078x1280&from=bu&cs=160x0",5
0a36b5b919809fccf1f5db5d7a447cd5.jpg,"https://sun9-85.userapi.com/s/v1/ig2/-7E7l0bVUC3AL08a7i3XYYIeO-yGusOzy-Sjez4GdzLqRKq3TjGeRlQGumNso7DtmUtaR1qGFQ5Ph8HB2mS6atHv.jpg?quality=96&as=32x38,48x57,72x86,108x129,160x191,240x286,360x430,480x573,540x644,640x764,720x859,993x1185&from=bu&cs=160x0",6
5788f13db91ddef09df35871cac3c1e5.jpg,"https://sun1-18.userapi.com/s/v1/ig2/1gYdcgR1SL19r1uYEXmz-Pjijs4yPTiV1SLLPBvmebP2et99Rd5bh_KmGMdwol53OzJaKbnvb_0bN5qpRBnzBYXl.jpg?quality=95&as=32x32,48x48,72x72,108x108,160x160,240x240,360x360,480x480,540x540,640x640,720x720,1024x1024&from=bu&cs=160x0",2
6caeb25a9a7c6af140a28217bbdfa3ec.jpg,"https://sun1-21.userapi.com/s/v1/ig2/4rn_HpV9nDyvol6zy2twHHp-fxFiZz3R39O5J6FrFsXziQbQgb_DiF2wHLG_HCQzsxsPcCxWuaLsZhfR-Af342st.jpg?quality=95&as=32x32,48x48,72x72,108x108,160x160,240x240,360x360,480x480,540x540,640x640,720x720,1080x1080,1280x1280,1440x1440,1800x1800&from=bu&cs=160x0",0
3b29fd0fe59cf03e82b72cf924d62db6.jpg,"https://sun1-86.userapi.com/s/v1/ig2/VzN8fFmewGTM1CqDerxCqi2xdiiDBOp13gtkj11stYAv5qpuftXWoV1N1HJsy4XyWY6XYCLgeJJ_bHnY8Kq48CRq.jpg?quality=95&as=32x48,48x72,72x108,108x162,160x240,240x360,360x540,480x720,540x810,640x960,720x1080,1024x1536&from=bu&cs=160x0",2
0b04838bacd4e1d6446f0fe808e2bae7.jpg,"https://sun9-13.userapi.com/s/v1/ig2/CN2zS45jkxG0WoeXbZauLg17Z1MzlftOdTNwOdBF7mJ4qKUCmnr2p8qgp8vzUjXZIc_5bNCYiR9q8HoGOK_PZptu.jpg?quality=95&as=32x32,48x48,72x72,108x108,160x160,240x240,360x360,480x480,540x540,640x640,720x720,1080x1080,1200x1200&from=bu&cs=160x0",0
d5e1585094744d0979ec134c4bbe2780.jpg,"https://sun9-15.userapi.com/s/v1/if2/ch4K8L7wZqZMYZS9JYDBdIGnY8BflSDV3TnA1p-mVHDF2LPhZ1SBvGWsx9hsorURa-f_y-RkfYiRinNSpN8lyCHD.jpg?quality=95&as=32x19,48x29,72x43,108x65,160x96,240x144,360x216,480x288,540x324,640x384,681x409&from=bu&cs=160x0",1
ffd9db248af72c261d3de3cbef1ff5a9.jpg,"https://sun9-59.userapi.com/s/v1/ig2/LEHETCpCb2A9jEGfgZ1dLeSZMhf5-m5PH3BjAIejaTdzMHzZ24x68vBLt8nq-yRD55c_UMp-pruZfb9KOcITmhkA.jpg?quality=95&as=32x32,48x48,72x72,108x108,160x160,240x240,360x359,480x479,540x539,640x639,710x709&from=bu&cs=160x0",3
a0368817e50a8f4a4e5e710a07f295ac.jpg,"https://sun9-19.userapi.com/s/v1/if2/RLUq9Tuxs-4VX3BrBoC5iU5s9_XuvdricGntHf44AGe88hthsMlLwCJhqrhoahGdA48Te3jTii_Ip4FSHCc0Xdss.jpg?quality=95&as=32x23,48x35,72x52,108x78,160x116,240x174,360x262,480x349,540x392,640x465,695x505&from=bu&cs=160x0",3
705ea2815facbd487ac9090e7d3ed625.jpg,"https://sun9-40.userapi.com/s/v1/ig2/rs54GJ-VRquM7IzY6q3nQi45lTkqCOQjcJu1RTMFGSWJoekvlM_SzTMKhNG9AJFiAvmM8pqnve8eA9kek5Sk4tBn.jpg?quality=95&as=32x32,48x48,72x72,108x108,160x160,240x239,360x359,480x479,540x538,640x638,709x707&from=bu&cs=160x0",3
982a07ec8493fbfe2fc3a58bfaf3bc4e.jpg,"https://sun9-26.userapi.com/s/v1/ig2/bXK5XzSPmtk9wZmq8fYjOQhyPru0PBr5YnkM0vRGq86z_79BxLGG3kx-acEQIa2s4qQ46lrmezSYDTQHMXpeRFDn.jpg?quality=95&as=32x32,48x48,72x72,108x108,160x160,240x240,360x360,480x480,540x540,640x640,720x720,1080x1080,1200x1200&from=bu&cs=160x0",0
30e3673b7dc7ea9744c35f819a8d55fd.jpg,"https://sun9-6.userapi.com/s/v1/ig2/y6fS6ICG1cLWvWkZt6vHmQ-bx3S6dntc0LJ3hiOWQn_F7Btawz3r3xOruNVC7_Xubv1EHjB7q3fwCPmrOiBN-3xb.jpg?quality=96&as=32x36,48x55,72x82,108x123,160x182,240x274,360x411,480x547,540x616,640x730,720x821,1026x1170&from=bu&cs=160x0",6
81dca0f5539767f46c4deca7830b83fa.jpg,"https://sun1-29.userapi.com/s/v1/ig2/y0Vw3k2mDjrVWSEEtg5Ns1c4e2xIxSaFo2cRS3EmYzZ_ADQa0nPQd6b4-FTWBYu3cr4VuIMKY-zlt40nwiyZnx37.jpg?quality=95&as=32x32,48x48,72x72,108x108,160x160,240x240,360x360,480x480,540x540,640x640,720x720,1080x1080&from=bu&cs=160x0",5
4e368cbc6b37c452d83d15cc71dab78b.jpg,"https://sun9-31.userapi.com/s/v1/ig2/KUCuMwSczPuhVuQLsQsSpIOAxkrNPv8-1A6eEwSObALosbgCf-t3p6-ZxLopYu9v2mAz9KvWW9y3dBShXcPdk60b.jpg?quality=95&as=32x32,48x47,72x71,108x107,160x158,240x237,360x356,480x475,540x534,640x633,720x712,830x821&from=bu&cs=160x0",3
190423b914118894242bd2dec33ffb96.jpg,"https://sun1-17.userapi.com/s/v1/ig2/PBlQmQScji11kP-DCmZ8oapZ3lK9NT7AK9BllCQAQoUTVwcmWaLk49zlV6zHNhGiPtaR3mcjGkxz1WBspHgnHmsJ.jpg?quality=95&as=32x48,48x72,72x108,108x162,160x240,240x360,360x540,480x720,540x810,640x960,720x1080,1024x1536&from=bu&cs=160x0",2
db408c56d5749a22d927c7949d8f06c3.jpg,"https://sun9-23.userapi.com/s/v1/if2/dRK31KuSKA5gAr7_sClmPtTZhd-JCjETLc8nl-uxw-459VSwTYPbvpgBQKOmtfdFHWdA5PUaf43pJOjRmfSOs3dd.jpg?quality=96&as=32x23,48x34,72x52,108x77,160x115,240x172,360x258,480x344,540x386,640x458,720x515,788x564&from=bu&cs=160x0",6
18d9bb8aea314fc0d4aac925837a4ce3.jpg,"https://sun9-45.userapi.com/s/v1/ig2/RAUb_r0iBnUuJ9jarMFd2kaQy9EAmdc1t7BrKd7MNdEM-66fhA8f8SItJNhWw5gYSOzrvoLihpSXDYrQpsQRUqmx.jpg?quality=95&as=32x43,48x65,72x97,108x146,160x216,240x324,360x485,480x647,540x728,551x743&from=bu&cs=160x0",1
b987c7a7b519df4f01e06c667060c782.jpg,"https://sun1-89.userapi.com/s/v1/ig2/Ovqxk9SVWAoSX6tnA_4El5EvqvV07hwEqaF9dZ9F5FWZR_zVjLZqPUvYSg5bzg_zlFJk3OwRfWA3gxq6hb8-FLtI.jpg?quality=95&as=32x40,48x60,72x90,108x135,160x200,240x300,360x450,480x600,540x675,640x800,720x900,1080x1350&from=bu&cs=160x0",4
86c2ec6d79317299180fdca26cccdd26.jpg,"https://sun9-51.userapi.com/s/v1/if2/UAcu-c0IMVZFo-vN2YgCWZT5rP0rTin6s-Psx4_VeU_eUUZzbLtjbkf4VboDjBq4wAtPYTP5xAsJg45o32MowCoY.jpg?quality=96&as=32x28,48x43,72x64,108x96,160x142,240x213,360x319,480x425,540x478,640x567,720x638,1080x957,1244x1102&from=bu&cs=160x0",6
96d2ca24a5c796db13a5911fc29849b5.jpg,"https://sun1-89.userapi.com/s/v1/ig2/FIUGN_Y-SbQd6pLkBh6khiwpMBbxAFjo0M6Li273V7zISZ4fKgoni0JLMQNLjI5Z6Q4ZEwmgM7bXOgNBvvdum13j.jpg?quality=95&as=32x41,48x61,72x92,108x138,160x205,240x307,360x461,473x606&from=bu&cs=160x0",3
e5bb0bea7ae1c3edb91acc364859364a.jpg,"https://sun1-27.userapi.com/s/v1/ig2/-sPShQdpEOVpZGHQm-RPdrjlyFZtuaFRFRayTTTtH38MM4PPE3fq4W3x-8ZzNeV-T2gOU7yyt2GAdZ9b6gUOVQnt.jpg?quality=95&as=32x38,48x57,72x85,108x128,160x190,240x285,360x427,480x569,540x640,640x759,720x854&from=bu&cs=160x0",2
174d3d1c2ee21a917cf68370e34548e7.jpg,"https://sun9-46.userapi.com/s/v1/ig2/kIK040_8A73k6BKnPB8RvzvaphNggpgCDL1QNmRYUX33tHnwA821vWVAxXPyCnUgHenduyLqqaXUkoHprOzOdg3n.jpg?quality=95&as=32x40,48x60,72x90,108x135,160x200,240x300,360x450,480x600,540x675,564x705&from=bu&cs=160x0",3
f6d6c097705974a38a9c1cfbe85cba01.jpg,"https://sun9-37.userapi.com/s/v1/ig2/uMu-iY4z4wHeg50MiLw3tg4KHCtBRwB6ADw4ZjjUnDhts2rk1QjovcFRklI9NYvwVUP6bQWC574tVMyHolRPbrO-.jpg?quality=95&as=32x34,48x51,72x76,108x114,160x169,240x254,360x381,480x508,540x571,640x677,720x762,1080x1143,1280x1355,1440x1524,2041x2160&from=bu&cs=160x0",1
f3982ed186a3ddf3a4a3b2e0124eaf05.jpg,"https://sun1-96.userapi.com/s/v1/if2/vYzNXr3UX_5Oc3WfTh9snMZY8guzbKp2kHKQxOc6E2gOyKu6E_ewYR3mOSjORd9yBqJcwSlcpOJA1A96LxcIEHxv.jpg?quality=95&as=32x24,48x36,72x54,108x81,160x120,240x180,360x270,480x360,540x405,640x480,720x540,1080x810,1280x960&from=bu&cs=160x0",2
dcb2d193d72e339c46c18994ee32ec95.jpg,"https://sun9-67.userapi.com/s/v1/ig2/PdvQWVV3yp_PeKu6GUjbhuXSlRRyiMW4q8hHpmB-pNJYb6TElYH6RzJn5pxOGdLRGqDXSE7NiuY_SI2WyCA7KJR-.jpg?quality=95&as=32x32,48x48,72x72,108x108,160x160,240x240,360x360,480x480,540x540,564x564&from=bu&cs=160x0",3
77991b76d337e1a65688f10596f268c9.jpg,"https://sun9-58.userapi.com/s/v1/if2/7LiosMryDGCix4fkzBPuCH_PKjDoLyECmeSALXrjm56V9NaXK170cyyPV8LEYeetxfmfkCMETfAv3RtmZQ2_eAGH.jpg?quality=96&as=32x23,48x35,72x52,108x79,160x117,240x175,360x262,480x350,540x394,640x467,720x525,790x576&from=bu&cs=160x0",6
5b6e8361b4b59aa488d417473186ec8b.jpg,"https://sun9-79.userapi.com/s/v1/ig2/LfYPARcEwXSqV_aJo5wGaAx2REN6LN41McgnQHhStcjcyRVBFmThUqXg-Cgj2gfj62in7T2a3KvGDXm67YBY96Wj.jpg?quality=96&as=32x40,48x60,72x90,108x135,160x200,240x299,360x449,480x599,540x673,640x798,720x898,1080x1347&from=bu&cs=160x0",6
b3b4c5fab919201e6ef43e19cdd3c9dc.jpg,"https://sun1-57.userapi.com/s/v1/ig2/i3OcZSz7iQwSAjH7wXMasObf41JElduWxShnmg34knsjSKUjmnFmHMOQy2Sxo6L_anWKTLzqaMDhTnnbl7wQlJCo.jpg?quality=95&as=32x32,48x48,72x72,108x108,160x160,240x240,360x360,480x480,540x540,640x640,720x720,1080x1080,1280x1280,1440x1440,2560x2560&from=bu&cs=160x0",5
f5fdf96b6f061cae971f53582599312b.jpg,"https://sun1-95.userapi.com/s/v1/ig2/-EBHPk4iBHWhi6lMyaFqXXi8KGsp0WO-ZpUjZcIeJAqz83ODfAq_tg2lW_EGNKhiwu2et24fBeL86hxyS7TIPbby.jpg?quality=95&as=32x32,48x48,72x72,108x108,160x160,240x240,360x360,480x480,540x540,640x640,720x720,1080x1080&from=bu&cs=160x0",5
6004dfa396520dc83c6c9f0ba60bdcaf.jpg,"https://sun1-57.userapi.com/s/v1/ig2/bw5uqwLUgluSLuDvPoXKtj9rCGKuDuCSbQBzbQkXF4cjtAZBZ3CIgqeZZSvCEy4P2iBY8-VGuBSIn4WH6fD53wmc.jpg?quality=95&as=32x40,48x60,72x90,108x135,160x200,240x300,360x450,480x600,540x675,640x800,720x900,1080x1349,1280x1599,1439x1798&from=bu&cs=160x0",5
706638d83267fd730f6e62845e77bb18.jpg,"https://sun9-41.userapi.com/s/v1/ig2/kM34hvW-T1O9p7qhriBi4lQxZN-jEF7GAZVA5UF_Vfemx9jqrR3KC75UDlzHQFV50y3MkrxYDJJOf2R71UfFW3dI.jpg?quality=96&as=32x32,48x48,72x72,108x108,160x160,240x240,360x360,480x480,540x540,640x640,720x720,960x960&from=bu&cs=160x0",6
1a3f8d6d73556fae54c65dc0855c0795.jpg,"https://sun9-13.userapi.com/s/v1/if2/fHLMj2rd_Z8j6MN-1QS59xXyZ6mp9Wz3Iax2cXGjjbGayoREuiGQockAFG2jA8sanDJLCPtfCMT0sWD5hq39Mi5U.jpg?quality=95&as=32x22,48x33,72x50,108x75,160x110,240x166,360x248,480x331,540x373,640x442,658x454&from=bu&cs=160x0",3
d3e7ebd630601662a61afb806c3de426.jpg,"https://sun9-59.userapi.com/s/v1/if2/-0I2Aeq_hpxaEHX6jsX3eumPhf0WmoGR9fFsL9saHv0HA3z9giMNDqlRQRjTzOuJ-7WVuHHsmPlrftDwox_OeXRi.jpg?quality=95&as=32x26,48x38,72x58,108x87,160x128,240x192,360x289,480x385,540x433,640x513,720x577,998x800&from=bu&cs=160x0",1
d3591cd33f28cea0a149c105bfd48e27.jpg,"https://sun9-79.userapi.com/s/v1/if2/GWCTR1ko0vpFeub5HWoIRl-MBLx0DyeRomqkG-nkEGWnI5E3YruyimNlUH-Uq5nkC9jDLtJHrKXtX9zNmAjXmZ-P.jpg?quality=96&as=32x30,48x45,72x68,108x101,160x150,240x225,360x338,480x451,540x507,640x601,720x676,1080x1014,1154x1084&from=bu&cs=160x0",6
25fea564ee64abedfda8b22bbed250ce.jpg,"https://sun1-87.userapi.com/s/v1/ig2/ollUmsjZdr_AybNgO_l5FFPmmH6wjGsWKswb_EtzXu2QrKfUMM0zy1c9uicP2q09TjPq2JyIzuka9aNL0MJTRT65.jpg?quality=95&as=32x32,48x48,72x72,108x108,160x160,240x240,360x360,480x480,540x540,640x640,720x720,1080x1080,1280x1280,1440x1440,2560x2560&from=bu&cs=160x0",0
55c1441f4c544db0a8d120981061e56f.jpg,"https://sun9-35.userapi.com/s/v1/if2/U51zPlxFJ_7nSSuj-YdYVf3bWiLRNi5Uw3tUyNKjwqAes6hi855q5YAHhwXqWYf69kjghB56x5hY2CHnlGd0uRaz.jpg?quality=96&as=32x29,48x44,72x66,108x99,160x146,240x219,360x328,480x438,540x493,640x584,720x657,1080x985,1210x1104&from=bu&cs=160x0",6
f91b5db4eee3bab95af621a871733a82.jpg,"https://sun1-94.userapi.com/s/v1/ig2/Qhq17nIZz2vNLRDfVlCYqwIT-aUGrrqFk1zgD-qAGUfU7bOtdHlj8OXcUjfz9kjBpdSmfvEaFR82SadIGfn8DIma.jpg?quality=95&as=32x43,48x64,72x96,108x144,160x213,240x320,360x480,480x640,540x721,640x854,700x934&from=bu&cs=160x0",4
3362339c8be68b6f554da9ef34900657.jpg,"https://sun1-15.userapi.com/s/v1/ig2/I_XS8YoSf2rVLPTxHebJRejLZg2sbYLpG3EL8DD7EwcaEaCjlcGSJ2sRuYv-2zRVHauL0SRp4EE8pw0tEi9u0nBF.jpg?quality=95&as=32x48,48x72,72x108,108x162,160x240,240x360,360x540,480x720,540x810,640x960,720x1080,1024x1536&from=bu&cs=160x0",2
a649f0215df9f46b79a44e9478afc1ff.jpg,"https://sun9-76.userapi.com/s/v1/if2/Kw6f8a0z3OQ6PIHCMCaUCYvejAAE6WEpHwxdmudagfh2ORX4GCFsOx27Pt46_w7XS5OBZes7_Sz6yscmcQY5sny4.jpg?quality=95&as=32x31,48x46,72x69,108x103,160x153,240x230,360x345,480x459,540x517,640x613,700x670&from=bu&cs=160x0",3
1a08f679f514d802fd3d6f8e2c8d6633.jpg,"https://sun9-19.userapi.com/s/v1/ig2/jVd8_RJTn-2xMD1uG5viJDq2dEzO7-6fNmDL5VrGsMV3DW7Y7Hq0udNnEt0I3OZz_yJHrDDV5y6GGvu6CXN_M4dz.jpg?quality=95&as=32x32,48x48,72x72,108x108,160x160,240x240,360x360,480x480,540x540,640x640,720x720,1080x1080,1280x1280,1440x1440,1800x1800&from=bu&cs=160x0",0
eb0abff2e64502703eaea072671aaad6.jpg,"https://sun1-88.userapi.com/s/v1/if2/gsFWHOK-6UbeWGYXkApz7vRPusdjoGGWZTvj0CQvHpWSf5xseSnL7ZDs9a_YlTsmaha0USgt_fwEV8gogmfgj58X.jpg?quality=95&as=32x21,48x32,72x48,108x72,160x107,240x160,360x240,480x320,540x360,640x427,720x480,1080x720,1280x853,1440x960,1536x1024&from=bu&cs=160x0",2
408fce7b1945974e89f4d169352e963d.jpg,"https://sun1-27.userapi.com/s/v1/ig2/McZrsuBJ8T3e6FPrg6WEU7DsFi3IADv3tjWhXSELxn4Os2DKJtRpX6ugfoJ4-TI50r925pttJjig-lOHSGpU-iQQ.jpg?quality=95&as=32x32,48x48,72x72,108x108,160x160,240x240,360x360,480x480,540x540,640x640,720x720,932x932&from=bu&cs=160x0",5
d9ca6d7769e799026f2052981d4997b8.jpg,"https://sun1-13.userapi.com/s/v1/ig2/BPV4nX1fRH1H-4JEhS0Wl5TxyK3oEAaNyRHrandPEvRDIX9QioDN3VjAzNlX-YIrfXS4Tbrx9-tHR1CK0waWlvo4.jpg?quality=95&as=32x37,48x56,72x83,108x125,160x185,240x278,360x417,480x557,540x626,640x742,720x835,1080x1252,1104x1280&from=bu&cs=160x0",5
3797671f58a94cfa73d43304c146833d.jpg,"https://sun9-57.userapi.com/s/v1/ig2/MliT92j5rGH9U-ZR5CQQ6hOJmcnCpmOjsxp_k5Tc0lpOS8vmVDZmh05Xr7lTXu6l2T_iqVd9RnDxgDVQ0X31uW_R.jpg?quality=95&as=32x32,48x48,72x72,108x109,160x161,240x241,357x359&from=bu&cs=160x0",3
1f488f930b4540f1d9277a8c1fa1f1d9.jpg,"https://sun1-88.userapi.com/s/v1/ig2/I8DfwacoHF55eNwtIFtxhav5JDMYhNecBhOUAAKEuJucQ5o-wm3gmLZ1Sla-Nuow8wzL4sPm8Vf3yUKq9Q8rUrPM.jpg?quality=95&as=32x32,48x48,72x72,108x108,160x160,240x240,360x360,480x480,540x540,640x640,720x720,1080x1080,1280x1280&from=bu&cs=160x0",5
86744c906139761dd171b2f99d5d26d9.jpg,"https://sun9-77.userapi.com/s/v1/ig2/2619p9iOwgAW7cgTpGKS4EfTxuhaizawhAF5uX30LMabVvHm5Yt5m982EqTjSkSCoiP8Ou0f-8HpL_GpU_V8njyO.jpg?quality=95&as=32x32,48x48,72x72,108x108,160x160,240x240,360x360,480x480,540x540,640x640,720x720,1080x1080,1200x1200&from=bu&cs=160x0",0
c0a0f7d6635885cd8eb13910d9004197.jpg,"https://sun1-15.userapi.com/s/v1/if2/ur_VkVne56gdKHL86dEUg9yjPY-GIwUsoLWX8b8OJ6MtUDXW6CVLK20S9kKM5DP8XikA-2bWOM89hDZnycFhggKy.jpg?quality=95&as=32x21,48x32,72x48,108x72,160x107,240x160,360x240,480x320,540x360,640x427,720x480,1080x720,1280x853,1440x960,1536x1024&from=bu&cs=160x0",2
19ebffda19684f68fcfc536ab084921c.jpg,"https://sun1-18.userapi.com/s/v1/ig2/L7rqLsmotckBEQFdG0vNYrIxFOTgc-fs7CwapB2Wu_KLKCXgJv-dhIf5ziBxyKtjwmTKgPLc6cw18dEt9v98wFks.jpg?quality=95&as=32x32,48x48,72x72,108x108,160x160,240x240,360x360,480x480,540x540,640x640,720x720,1024x1024&from=bu&cs=160x0",2
f4e8b0c2869b44fd0951a1574c73123f.jpg,"https://sun9-42.userapi.com/s/v1/ig2/IPUjbccf6agD92hwUn4eX51wngnWRaXP3JZVbohvqMQTp-Qp3_F2mC_dzboUe1caSNmFP-ifRPrWD_OdnBFnMS3-.jpg?quality=95&as=32x32,48x48,72x72,108x107,160x159,240x238,360x358,480x477,540x536,596x592&from=bu&cs=160x0",3
05c4e917c4fb9c619a0da431f886aeee.jpg,"https://sun1-26.userapi.com/s/v1/ig2/WXhbUGE6c1KeaeDrzLiUfrsNQV7t7HRNJ03yFN-b2GMuTIOCO60j0zD0egjPMDuTVQm2o1Iw9uxDz8tHJ8yrW-Gt.jpg?quality=95&as=32x32,48x48,72x72,108x108,160x160,240x240,360x360,480x480,540x540,640x640,720x720,1080x1080&from=bu&cs=160x0",5
8422017b0480c344073592498cfbdcef.jpg,"https://sun9-53.userapi.com/s/v1/ig2/3EhcHqiY2R3wyNBG21gz0MWjJxYss9IeDpGfUftb3nK2X0NQwdROQbM98zHQy8T7Tg7aNeFWPi6d6zjl36Zez2nM.jpg?quality=95&as=32x32,48x48,72x72,108x108,160x160,240x240,360x360,480x480,540x540,640x640,720x720,1024x1024&from=bu&cs=160x0",1
cb08cb2f161925b4d5c9d33d2ee80a5b.jpg,"https://sun1-93.userapi.com/s/v1/ig2/jcdHwwmEs07V4LIXmqKX_qpR5J9tXUVgRSIA7aiaAofHsAh-GIDBHJ-hN5201UWuF1C-2OuTrqPIFvDlRCWpgOT5.jpg?quality=95&as=32x48,48x72,72x108,108x162,160x240,240x360,360x540,480x720,540x810,640x960,720x1080,1024x1536&from=bu&cs=160x0",2
be0cc139e8a9fcd4b19654ada2539205.jpg,"https://sun1-28.userapi.com/s/v1/ig2/aDF0QXCRE943v9PdYvtPB9UAS2ZbGgGSmztduO8GZOepb3w1M46p1-KcpHf9SlM3mszVqPoeu9DVDWfUPMKDNMrg.jpg?quality=95&as=32x42,48x64,72x96,108x143,160x212,240x319,360x478,480x637,540x717,640x850,720x956,964x1280&from=bu&cs=160x0",2
ae57bbdc61a80ee6411d919b1dd6f1dc.jpg,"https://sun9-52.userapi.com/s/v1/ig2/Rh3JJ-uREag4zr15OqS96m7Qy2LYDuCmh5iStVgo9LDGxL3PInlrABNjo23kl8KKVR04Mxv9xiOcpp2S9NyUNYvg.jpg?quality=96&as=32x40,48x60,72x90,108x135,160x199,240x299,360x449,480x598,540x673,640x798,720x897,1080x1346&from=bu&cs=160x0",6
46956f74feb9063a1fbcf00d763d3a90.jpg,"https://sun9-58.userapi.com/s/v1/ig2/A6xsXlMZOeKB5Ying3zlfmvR-s9gXTzRQ-ALm4Ap_IhRdQkI9TQjSqnXe3u-Y6sF1hUskWn3sbDVah9gPte-IILb.jpg?quality=95&as=32x39,48x59,72x88,108x132,160x196,240x294,360x441,480x588,540x662,640x785,720x883,1044x1280&from=bu&cs=160x0",1
721106bb1a44496006b2e348e0305d93.jpg,"https://sun9-31.userapi.com/s/v1/ig2/bkbyh3Y8k8WClRYzSbwedh9v9XnPyiMySBws6b4ElwmNqViKFl9SmznhV3C2eUJ772KQar2Wc0W4NSe7AFr2zsW5.jpg?quality=95&as=32x32,48x48,72x72,108x108,160x160,240x240,360x360,480x480,540x540,640x640,720x720,1080x1080,1200x1200&from=bu&cs=160x0",0
b6fd551af9e22f581d11f0f1559f3fd5.jpg,"https://sun9-78.userapi.com/s/v1/ig2/NN4cTPEXn5zs1WT2lVqMkPKYibxe7KQleTi7SlE3qtlSWMmwwPg28lA6zeUKLk7CB8x8bghTa5z7gsYvGE0xgQ-j.jpg?quality=95&as=32x32,48x48,72x72,108x108,160x160,240x240,360x360,480x480,540x540,640x640,720x720,1080x1080,1280x1280,1440x1440,2560x2560&from=bu&cs=160x0",0
90c0af6552b898e1f4defbd7032dd7ab.jpg,"https://sun1-47.userapi.com/s/v1/ig2/gZnHbFOgXKDZl_bzlE_DipBQPf5CjnPDeinIWRzqfwHrDHf8YfugZ66upli9qVYQN3cZJLNbyJKlt4gYkHbtA4J6.jpg?quality=95&as=32x32,48x48,72x72,108x108,160x160,240x240,360x360,480x480,540x540,640x640,720x720,1080x1080,1280x1280,1440x1440,1500x1500&from=bu&cs=160x0",5
f32e357f152b47fd50c9bad870104fbd.jpg,"https://sun9-67.userapi.com/s/v1/if2/DKr3Ywu2eaeoZvFeUwluA8Xze1FZE2_aEoFdSgC6SD5MTR1myqIQQG3NCv18Qk6YzW4mNMh6TPxs3Ex_coWyNY5K.jpg?quality=95&as=32x28,48x42,72x63,108x94,160x139,240x209,360x313,480x418,540x470,640x557,720x627,1080x940,1280x1114,1440x1253,1474x1283&from=bu&cs=160x0",1
6d3f8974e677d8bb3c4cc4e3c71be85d.jpg,"https://sun1-98.userapi.com/s/v1/ig2/SkXytywPcUHrjIPM_IweBji4tk3TalTvI1Xf0_4LaM2cgDF2w2kwm4PiszzlIXt6kisXQxiF8ZzQq4nzr1u4xWXg.jpg?quality=95&as=32x40,48x60,72x90,108x135,160x200,240x300,360x450,480x600,540x675,640x800,720x900,1080x1350&from=bu&cs=160x0",4
4074cd121bc16fc4ce41b1e8094d3ea6.jpg,"https://sun1-18.userapi.com/s/v1/ig2/oa45nVzYrzLShBobM2NmAgejSH6df_KvTtd_O5UcywmFtdjM6TibTFJPmc8ElL6wlYiiAac_7iDYGrhu3EgP1-ZX.jpg?quality=95&as=32x32,48x48,72x72,108x108,160x160,240x240,360x360,480x480,540x540,640x640,720x720,1080x1080,1200x1200&from=bu&cs=160x0",0
5578ec6c5ad16c1cb88644e1d6f6a2c7.jpg,"https://sun9-40.userapi.com/s/v1/if2/0kpik5SbMAqyUpAFgFfNMbGdgGg1kYiqFun-A3uTtOJxASnjAH_sh0cgZ-kpcRc5ervTEupqAHNQMtsPlRQvw8O5.jpg?quality=96&as=32x26,48x40,72x59,108x89,160x132,240x198,360x297,480x396,540x445,640x527,720x593,1080x890,1280x1055,1426x1175&from=bu&cs=160x0",6
6ad0c63706e816c7aa4b7588a653ad11.jpg,"https://sun1-13.userapi.com/s/v1/ig2/RGHov46cIDi_2H0wbOsIpBbVasw1iY-T_K_pas_4GrF4XVWJ1V-rqVFfek1CXyolAzbbC957D9UrrO7kYtn4Lcz3.jpg?quality=95&as=32x32,48x48,72x72,108x108,160x160,240x240,360x360,480x480,540x540,640x640,720x720,1000x1000&from=bu&cs=160x0",5
c38cac36933b5fad4d851e6c91bd559d.jpg,"https://sun9-44.userapi.com/s/v1/if2/ygQfqQlCbDXsH6GK38aTUVSSGdryBTWs7vTFyknvVMI7FIzz2D4cAuUkaNNHMwVAPH4K-oC-e_K6U7_RTknzni4q.jpg?quality=96&as=32x31,48x47,72x70,108x105,160x156,240x233,360x350,480x467,540x525,640x622,720x700,1080x1050,1152x1120&from=bu&cs=160x0",6
29f8b33817e9ecf37ff96db53f2f5459.jpg,"https://sun9-29.userapi.com/s/v1/ig2/0nbAfTjxQ3PAWnjqw-Z1Twro4KtpIAqTT2y6Yg8sXGVDFA6jrswtcYdFAtr8NFsWTQrAXRl8wK7W7_hgdEKjYkvy.jpg?quality=95&as=32x32,48x48,72x72,108x108,160x160,240x240,360x360,480x480,540x540,640x640,720x720,1080x1080,1200x1200&from=bu&cs=160x0",0
5fb74f9d477471db5123d4493cae5fbd.jpg,"https://sun1-24.userapi.com/s/v1/ig2/_5ITIBko4c1L5uY9NVmz21978QpjLspLxXERxugm3zzGOuUxqIIDrw0GxkwFXt4DpSKi3DKEWJogJPMm8M-p6HP4.jpg?quality=95&as=32x39,48x59,72x88,108x133,160x197,240x295,360x442,480x590,540x664,640x787,655x805&from=bu&cs=160x0",2
d8b14d3fe0ea2509410192b0f9ddfbb4.jpg,"https://sun1-17.userapi.com/s/v1/ig2/aWn1Uh__musndd6O3tsvhFrzpWrrWujqKpjL6a6UztJgO1kV0r_O6dcqpjqKGsdh9QjCCTXb6q1gxgq4-hf8iRhh.jpg?quality=95&as=32x32,48x48,72x72,108x108,160x160,240x240,360x360,480x480,540x540,640x640,720x720,1080x1080,1280x1280,1440x1440,1920x1920&from=bu&cs=160x0",1
ded54183b1f558b25523557c5b69b711.jpg,"https://sun9-47.userapi.com/s/v1/if2/8rDt4fliBEyXDmeyGYEd8quJnzO94h2simD6p9udUQFC0qFKO_kqMq994T7LL2q3EUrV-SWZUVhBb9N4RGgtT0LG.jpg?quality=96&as=32x30,48x45,72x68,108x102,160x152,240x227,360x341,480x455,540x511,640x606,720x682,1080x1023,1172x1110&from=bu&cs=160x0",6
19b69446a427a29e03dd7864c85f34aa.jpg,"https://sun9-48.userapi.com/s/v1/ig2/yebmJUZ4ISc8cXdmF5QVR-Poq1n2r92dsL61TRufNYnZNFM--2fgmVZAa54SnMogvjH1ATMEQEwRYsV9sk3f0zna.jpg?quality=95&as=32x32,48x48,72x72,108x108,160x160,240x240,360x360,480x480,540x540,640x640,720x720,1080x1080,1200x1200&from=bu&cs=160x0",0
287e7af327efdf3a9db8e655a6ac46f7.jpg,"https://sun1-16.userapi.com/s/v1/if2/xY5EM9K-UPI4Am-bGYcnbp3_8VGyZTq1eWMVqrXFAQk7zuQ9OLYe1zwohrzXMFb-cWL_i09I-t9NcjEPSCXzmGEy.jpg?quality=95&as=32x31,48x46,72x69,108x104,160x154,240x231,360x347,480x462,540x520,640x616,720x693,828x797&from=bu&cs=160x0",5
4dc0d564c5c2308aa8439f37829d27c8.jpg,"https://sun9-40.userapi.com/s/v1/ig2/nkF9G4FcRBLKfnBoubbeCKhxt8JP8sLoJFlgCTxsz_hzIePLtzFeOMb2UTd4e1uWOzo6E9BZGdrv3hPLijmbtOfT.jpg?quality=95&as=32x32,48x48,72x72,108x108,160x160,240x240,360x360,480x480,540x540,640x640,720x720,1080x1080,1200x1200&from=bu&cs=160x0",0
24aeec2e88b8e541f47daadcc1b45f5c.jpg,"https://sun9-27.userapi.com/s/v1/ig2/d61oKln0mqZOwxoIXjeqQvNEX966KVVOzn9DFnXEKnomOj5lhQmMpm-9mstzghThH7iGKxqJApt_RNV2_CvVXpxO.jpg?quality=95&as=32x32,48x48,72x72,108x108,160x160,240x240,360x360,480x480,540x540,640x640,720x720,1080x1080,1280x1280,1440x1440,1800x1800&from=bu&cs=160x0",0
5c15c2ecb5251d241bd7bcd4cd65516c.jpg,"https://sun9-9.userapi.com/s/v1/ig2/qQeS6w9bIZVY76bzSvjnJTotSKZiXUIf6qBzhCAo33ldKUUo1prTpxhd-ugN0xdKr_mKz1dUfr728-3CUYrFx1Dq.jpg?quality=95&as=32x32,48x48,72x72,108x107,160x159,240x239,360x358,480x477,540x537,640x636,671x667&from=bu&cs=160x0",3
b9ac409a86b6d136f5eacfde543279d3.jpg,"https://sun9-59.userapi.com/s/v1/if2/dZL5nR0z0ZOrx9FBVnG126ekNx9a_l7lr6oj-krZxmLf3GsgCpX8ry-_K3-x107TNRPZe9tqM4KLmCC46-iIcfVA.jpg?quality=95&as=32x29,48x44,72x65,108x98,160x145,240x218,360x327,480x435,540x490,640x581,720x653,1080x980,1280x1161,1440x1306,1488x1350&from=bu&cs=160x0",1
c085483ecd0c45861f25fd46e7f7f647.jpg,"https://sun1-17.userapi.com/s/v1/ig2/NSJzTM1mo72Zl0KIPFgAQkhOBoYsTp8UZJERfyBdppeO_nIJaGcp4gnV3hOwp6xDD6Ef9zSMvjoYM_8kjta3mP-b.jpg?quality=95&as=32x32,48x48,72x72,108x108,160x160,240x240,360x360,480x480,540x540,640x640,720x720,1080x1080,1280x1280,1440x1440,1500x1500&from=bu&cs=160x0",5
b08615ad418f5d4610ab9b07ead3d5a5.jpg,"https://sun9-17.userapi.com/s/v1/if2/Qi04NgoQND-fn00gKgSGzd1sUQdp5JZY34Mgdw1ZVZX1GN_yJQXYVlmrrXjQ89KuetHa_g1V8s-mHRiRm-tOcHNB.jpg?quality=95&as=32x24,48x36,72x55,108x82,160x121,240x182,360x273,480x364,540x410,640x486,720x546,945x717&from=bu&cs=160x0",3
bfb54cc54c6cb6556f5e6fb21355f0f8.jpg,"https://sun1-92.userapi.com/s/v1/if2/JZCcDTE8ftOTGZYDxm7mlPTEQL-QlKSof8mpjFdOXe0zrn2thSTYey6ivIEs7x1A1t3h0RxBYyEMmDduog0-KeV2.jpg?quality=95&as=32x23,48x34,72x51,108x76,160x113,240x170,360x255,480x340,540x382,640x453,720x510,1080x764,1280x906&from=bu&cs=160x0",5
a50320b645ac1ae7764f759a0b3061be.jpg,"https://sun9-74.userapi.com/s/v1/ig2/efVFKef2a-bweeTaKQ6tRqOueQVP29Aqn1GbJQWAkJs3LdHdMph6P325fV7yV5yb13G5oJY_8CA9DFlRPVGMic3r.jpg?quality=95&as=32x32,48x48,72x72,108x108,160x160,240x240,360x360,480x480,540x540,640x640,720x720,1080x1080,1200x1200&from=bu&cs=160x0",0
ac7783b32e39b46540f0a74bee73a7a3.jpg,"https://sun9-38.userapi.com/s/v1/if2/5mheOI9HzmOfBpNi9z9SnkE6qwrIFGEEkapT97LIAvdrnkMq5rNjH5zjGKcFFAlpNzHuGf8ZpFvNyUYaHZvIDYas.jpg?quality=96&as=32x26,48x39,72x59,108x89,160x131,240x197,360x296,480x394,540x444,640x526,720x591,1080x887,1280x1051,1378x1132&from=bu&cs=160x0",6
df991a92086257437da3e38e9d680729.jpg,"https://sun9-52.userapi.com/s/v1/if2/nNb768zHNu0gPLcUdrwqBRyc9QnAKh51iKnpq4Ag4TuYPUun6JfpJ3NjdZ6W4s1mmC_6Ff0ogHy9sUbJKh1nHPP5.jpg?quality=96&as=32x29,48x43,72x65,108x98,160x145,240x217,360x326,480x435,540x489,640x580,720x652,766x694&from=bu&cs=160x0",6
ff7da2e41404711448fbcfd069e6d5cd.jpg,"https://sun1-54.userapi.com/s/v1/ig2/EG4MXbVrO5DhMR6HMcaibmKGqHCHeb4kyuel-215gq7KwqEK2D6FGk25FBEqHBXsGetaaziPsUQhMx55CsQlBJEM.jpg?quality=95&as=32x32,48x48,72x72,108x108,160x160,240x240,360x360,480x480,540x540,640x640,720x720,1080x1080&from=bu&cs=160x0",4
9082bdd4b9cc3f8df0f3f755299ab904.jpg,"https://sun9-39.userapi.com/s/v1/ig2/vyYbMVlT8_y4ZmF_GglMTYWs4cqk9jkeIHI__PnQEQt_byTm5rSwWZ441A960UZZC2A-82zBy54rahue_QUMqYoI.jpg?quality=95&as=32x33,48x49,72x73,108x110,160x163,240x244,360x366,480x489,540x550,615x626&from=bu&cs=160x0",1
0dd5d0027bc3d75a00811637253aa6a6.jpg,"https://sun1-29.userapi.com/s/v1/ig2/WL_0MltZqvfD37dfq9eLvtjDQ3sSGd_nuBujPlmt1emusyIv5tBPQio-PIztr94qRqTo1RwQ0BtR3EHEOzxyUCZN.jpg?quality=95&as=32x40,48x60,72x90,108x135,160x200,240x300,360x450,480x600,540x675,640x800,720x900,1080x1350&from=bu&cs=160x0",4
c270ce5e66c1d400c55c5f37e0fafe71.jpg,"https://sun9-11.userapi.com/s/v1/ig2/6yzQi2E91sZ8wyWM8Rp-rHFSaqtdtPRlvrVgHNt1qBpO4JHXuXiJPBzF7cJbZF8wZn1XV5zDacEYZWhf-5S31n_l.jpg?quality=95&as=32x32,48x48,72x72,108x108,160x160,240x240,360x360,480x480,540x540,640x640,720x720,1080x1080,1200x1200&from=bu&cs=160x0",0
449c20baa1fcbe46bb4e39e06d7d4c0b.jpg,"https://sun9-70.userapi.com/s/v1/if2/fYjg5HOOfFBG5iAXelJoLJArI6CZgMIn4zcdYuNvDGR5WUdlomlRsSm9QyY7y2byr4JKgJ41YmjjjFMe6V6qfTJf.jpg?quality=96&as=32x31,48x46,72x69,108x103,160x153,240x230,360x344,480x459,540x517,640x612,720x689,1080x1033,1114x1066&from=bu&cs=160x0",6
bff380be9ff976494a201eac89eccaf4.jpg,"https://sun1-87.userapi.com/s/v1/ig2/LRsQQS767O2oP43shu2LOm4C_MfdSVwOOV1FVfLknSPBHDgfcdnvGZNVqFJMsfZmaQ9XY5Y1vXXtB-Mt7Zn5uRiA.jpg?quality=95&as=32x53,48x79,72x119,108x178,160x264,240x396,360x593,480x791,540x890,640x1055,720x1187,811x1337&from=bu&cs=160x0",2
4fcf4fc4af71aa655fcc61128c344216.jpg,"https://sun9-84.userapi.com/s/v1/if2/KAhtwz_rRjD35CULjqWUJkWKIY_BoUZ90saF3YRscg0xn2Rm9oZfoG9i0OzzoBkfpOiizDs7hIIlEcrs_xOpAxxv.jpg?quality=96&as=32x29,48x44,72x66,108x99,160x147,240x221,360x332,480x442,540x497,640x589,720x663,760x700&from=bu&cs=160x0",6
44abfae931694e9bfb26145739c308dc.jpg,"https://sun1-54.userapi.com/s/v1/if2/jyLtLzu1cjso6pY3oyKwSCsavVqL6N6E6A5TtDWzuBiZXZY6s7t0MovqebmLS4tlf7tlaSXYo910rRxvQm71qK00.jpg?quality=95&as=32x23,48x35,72x53,108x79,160x117,240x175,360x263,480x350,540x394,640x467,700x511&from=bu&cs=160x0",4
50dad944c8c4e2bade80f7be3227a509.jpg,"https://sun1-83.userapi.com/s/v1/ig2/eAnq_Ug1hqGVFFcIs5Ej3Os7HL0YQNhzYKCdIWx9ub8Wku-_lIbne6HnheJh2Yv1QLxibu-vvPY5Qzild5iKB2Xc.jpg?quality=95&as=32x43,48x64,72x96,108x145,160x214,240x321,360x482,480x643,540x723,640x857,720x964,1024x1371&from=bu&cs=160x0",2
ad31d9beccdd5682a9650f8006c4f8a7.jpg,"https://sun1-25.userapi.com/s/v1/ig2/kkO6M8xTqbVjC-nSzIS8EvSb3KKWwAtnTIJX0zwuJqUHra9zGzVDaUTUWF4Ai25M3TcmQeF8gjEqHomZdNnbPFGO.jpg?quality=95&as=32x44,48x66,72x99,108x148,160x220,240x329,360x494,480x659,540x741,640x878,720x988,1024x1405&from=bu&cs=160x0",2
1f98934f1a683fb59217312257172db6.jpg,"https://sun9-14.userapi.com/s/v1/ig2/zLCwEFCn78Qug_6qjzCF4VIWFdQbl4FVVXZSvwwggYZxL16ZPMQ805qvhAbdaWSQe7HM9EGPksThqvjgHFN34-0i.jpg?quality=96&as=32x46,48x68,72x103,108x154,160x228,240x342,360x513,480x683,540x769,604x860&from=bu&cs=160x0",6
929e6dacf94f80abddee331ac44a64f9.jpg,"https://sun9-38.userapi.com/s/v1/ig2/GQTGrTFOuV0faN0ctzMgIF8QGFQZPTzoNk1RVpSJ26vKKcqVEMd3GB8I2lHwtjw5fbdUwi2bTU9fdq9Aj8Uz4pyR.jpg?quality=95&as=32x45,48x67,72x101,108x152,160x224,240x337,360x505,480x673,540x758,556x780&from=bu&cs=160x0",3
51a710adc7f140039f45c2763e142d0f.jpg,"https://sun9-14.userapi.com/s/v1/if2/aq1B_bmdenzCzUvKOrfiAEyiLQ_tGyiV_8pLAgWgWJNakPiUNOLsQG3xMPKL6JeKBik8C5fOzaGDPexm5L8bt5Xh.jpg?quality=96&as=32x25,48x38,72x56,108x84,160x125,240x188,360x282,480x376,540x422,640x501,720x563,841x658&from=bu&cs=160x0",6
8c626ee2bf69cc14bb124a915423c7bc.jpg,"https://sun1-57.userapi.com/s/v1/ig2/bOe3ci44_7cNyUydvIyXbc7-DoirbSJjJNR4n3evpxt7KFes7z3cl18MbFJwZw2AliQ6RdmBaJdIHoHXEUyin3PZ.jpg?quality=95&as=32x32,48x48,72x72,108x108,160x160,240x240,360x360,480x480,540x540,640x640,720x720,1024x1024&from=bu&cs=160x0",2
33256dea07e8675b51f5359b4c2f3e94.jpg,"https://sun1-18.userapi.com/s/v1/ig2/iSSp8JOfwYJbCUrTuud9pgWzfzdlioJ3MwBT3T1TN1bwQE1rG3gGMibzbM07qMSSgA4NYNkd7VNtl-3PAgf4hmUr.jpg?quality=95&as=32x57,48x86,72x129,108x193,160x286,240x429,360x643,448x800&from=bu&cs=160x0",2
892ab2223e31782c9c71a5286d5e39bd.jpg,"https://sun9-34.userapi.com/s/v1/if2/WiV_Eq6roQ9UXlpjFUjGKNwo4-z8XKSCHyuZyM_Y0ZKnPHrTfVkQ1gigDXmbgWpKoIoyYvzgjjep38dePDV-PC-Q.jpg?quality=96&as=32x26,48x39,72x59,108x88,160x131,240x196,360x294,480x392,540x441,594x485&from=bu&cs=160x0",6
6284d6e1dc7c153f0d704328d5d62c5b.jpg,"https://sun9-56.userapi.com/s/v1/ig2/hBhWPpWO21ZC1C6h1QUv7W3euVGqWLYxfl0LbOom6Nvj0y5s0uX9XoKC0epnA93B05sHI_cxkVirfoE6-UEeJDwd.jpg?quality=95&as=32x32,48x48,72x72,108x108,160x160,240x240,360x360,480x480,540x540,640x640,720x720,1080x1080,1200x1200&from=bu&cs=160x0",0
6fcb842a3152187c313419f8faa4e5b1.jpg,"https://sun1-21.userapi.com/s/v1/ig2/kJOJytj1xSkHLnaE4BVqhAzH_nMz4j73srE_ebty67NVRNp_Cs3UvK1uO67xw6ua6RCE9kjkH3HSnO_EBps3V8AT.jpg?quality=95&as=32x32,48x48,72x72,108x108,160x160,240x240,360x360,480x480,540x540,640x640,720x720,1080x1080&from=bu&cs=160x0",4
51d22ae57b9cb34a7115b8500b9e45dd.jpg,"https://sun1-56.userapi.com/s/v1/ig2/VLNJ3vZFqOWK2aXA82fnvRWSfBs8kc38EmUYiZe9jMwxlonoDfWLWKiIS1ySh1EYOwgOTz04-p1Dar-b2zM3RFBK.jpg?quality=95&as=32x32,48x48,72x72,108x108,160x160,240x240,360x360,480x480,540x540,640x640,720x720,1080x1080,1280x1280,1440x1440,2560x2560&from=bu&cs=160x0",0
f167d3c1815e7f16e7fb3ad7d18229b6.jpg,"https://sun9-51.userapi.com/s/v1/ig2/P7gnr7Z4-vbEfVMM4r5JV8Pfk2Lek-nZcsxTm2UlHj_jafYGbX4KFXSONcXsagg9nR8C_4KhLcnMrCUPifqsBKBK.jpg?quality=96&as=32x41,48x61,72x92,108x137,160x204,240x305,360x458,480x611,540x687,640x814,720x916,866x1102&from=bu&cs=160x0",6
652d26323a017db086dafd08e94ce01b.jpg,"https://sun1-94.userapi.com/s/v1/if2/oodwMtbvSTULyqpmD9N56HMpnVrlNe_b5FhaKi94VNb_rjwoOpATw5fsM0rzlWxhTO1i08COQ11VppqlnBdwMdzJ.jpg?quality=95&as=32x28,48x42,72x63,108x94,160x139,240x209,360x313,480x417,540x469,640x556,720x626,939x816&from=bu&cs=160x0",2
286d46c387cbb7bf38444a486027e9bb.jpg,"https://sun9-33.userapi.com/s/v1/ig2/39NDtuG6pi-k1-xhGP8mnxagcyvc6hEXZrkAVx480mC-bzPz5uT6Dd3NDtfG3onlXxroQ7tKcRS_tn1GZU-yzeE0.jpg?quality=96&as=32x50,48x75,72x112,108x168,160x249,240x373,360x560,480x746,540x840,640x995,720x1119,1067x1659&from=bu&cs=160x0",6
68c3825660812153afdcd34b2be1dcb5.jpg,"https://sun1-89.userapi.com/s/v1/ig2/BPbFsNjqCWHTn9w3la8X9L1TbUNfv0R-eNpjwal-EQXxe3ChSG2o_p7inl8WOdjvWKpDE0EXZ75rdH3n-mINpeaL.jpg?quality=95&as=32x40,48x60,72x90,108x135,160x200,240x300,360x450,480x600,540x675,640x800,720x900,1080x1350&from=bu&cs=160x0",4
77af65ef4e6312bc4b8d22db0137bfa0.jpg,"https://sun1-89.userapi.com/s/v1/if2/PQVh4NHdfZ8BZH-UubKaDCsMQ9AmHZfWdp872EeK0RtCTNPn81US-7zNTzaM34-G-PQrrt_qWH0btxGOZhdF27KO.jpg?quality=95&as=32x30,48x44,72x67,108x100,160x148,240x222,360x334,480x445,540x500,640x593,720x667,1080x1001,1280x1186&from=bu&cs=160x0",5
9f4e11f89d189cacc0093d29b3fa474e.jpg,"https://sun9-78.userapi.com/s/v1/if2/4PyWuSYzbIODZChlzrgTGuHlN3O9Up9d7nGVuVHZPFolJPZHTPXbcqiTHqlSOLLgXJVaIX8jm43KZ8vtKrVSrQI8.jpg?quality=95&as=32x28,48x41,72x62,108x93,160x138,240x207,360x311,480x414,540x466,640x552,720x621,1080x932,1280x1105,1440x1243,1481x1278&from=bu&cs=160x0",1
dc233052d0b8e9d176347bb47ecf4278.jpg,"https://sun9-79.userapi.com/s/v1/if2/Wt6TzHFOD0hz8ggqKhe1lFAiqpLnMFgKcMtifw8yfkO1jQ--VcDBgUEdyAhq452qaJRVXLxd07bhv_hotgYaO9Sl.jpg?quality=95&as=32x21,48x32,72x48,108x72,160x107,240x160,360x240,480x320,540x360,640x427,720x480,1080x720,1280x853,1440x960,2560x1707&from=bu&cs=160x0",0
9bc65f12e87952baebda49ef9e228b3c.jpg,"https://sun1-98.userapi.com/s/v1/ig2/Yr--Tzs3ZJ-_MBBPTKqqkCQgTMBlcWlH87oBV9GOXPzpkkKa58f-cQ0FbfvfdvhUPn3d_6M6oJqsw2_pPYuMTfA9.jpg?quality=95&as=32x38,48x57,72x86,108x129,160x191,240x286,360x429,480x573,540x644,640x764,720x859&from=bu&cs=160x0",5
834420d6a5cb1243b1397e73fbd3c64d.jpg,"https://sun1-95.userapi.com/s/v1/ig2/OuitS7jGJ_mHmTRABPUhhlgiXWC-wKKq4h3YwWIbfHKkmMSR4Mo1wtjAAT0g0k6Gjcpzh9_qZcey3jETcM0LHMJy.jpg?quality=95&as=32x32,48x48,72x72,108x108,160x160,240x240,360x360,480x480,540x540,640x640,720x720,1080x1080&from=bu&cs=160x0",4
f8c6492395af5f6898920b0d700f64f7.jpg,"https://sun1-54.userapi.com/s/v1/ig2/1mha3ZGtehuBZ808yabAlCFXZAkSTZgJJFgDrFnbun8Xj9zzeKCB-tZIiZCGRbxExgZSymJsGXdCQRLAG1d7uPaP.jpg?quality=95&as=32x38,48x58,72x86,108x130,160x192,240x288,360x432,480x576,540x648,640x768,720x865,1080x1297,1280x1537,1440x1729,2132x2560&from=bu&cs=160x0",6
8372430cc79adc4760eff7fca768dd36.jpg,"https://sun9-5.userapi.com/s/v1/ig2/HdZS8zn6KyOb3B6ZEXrrD6q6vfTPcrFu5g1zvKBGkKce80KwKLKTFlSxek7OWi0hxFknlN8L5BoKYJmeel6IbCYa.jpg?quality=95&as=32x36,48x54,72x80,108x121,160x179,240x268,360x402,480x536,540x603,640x715,687x767&from=bu&cs=160x0",1
a2d87837f9cba0aaec416f76c584dd34.jpg,"https://sun9-26.userapi.com/s/v1/ig2/JNdUzzpef4FErocf_Rhs2IVzhRKXaMvah81ub65STImYoCVbmRr1u4pZCuH0yqzdAat1p6A8AE2ZRP3OzeC_jcUn.jpg?quality=95&as=32x32,48x48,72x72,108x108,160x160,240x240,360x360,480x480,540x540,640x640,720x720,1024x1024&from=bu&cs=160x0",1
30b46c4dd9551764469ac2367b06e2f5.jpg,"https://sun1-94.userapi.com/s/v1/ig2/JmO40sYgejOVhQUvt2-PGpD68ufDWat5mI0VEykPve2JPe3ghGOtpizdj91AkZHgHSxrRQXOofEpLKrID4zdUqFJ.jpg?quality=95&as=32x40,48x60,72x90,108x135,160x200,240x301,360x451,480x601,540x676,640x802,720x902,1022x1280&from=bu&cs=160x0",5
efebbfa60a7760dd41ebafffb77a4300.jpg,"https://sun9-78.userapi.com/s/v1/ig2/sUzve4MABn6eBtU1HzuXwOeIztiTntfLFDs-bxpjo_1mA5sJe9DOjKUJCYxl9p5LnuZXDlgznLcRzrCGHzBuNrQd.jpg?quality=95&as=32x32,48x48,72x72,108x108,160x160,240x240,360x360,480x480,540x540,640x640,720x720,1080x1080,1200x1200&from=bu&cs=160x0",0
a256a9b04d9b62a7d09014917e31cfb9.jpg,"https://sun1-54.userapi.com/s/v1/ig2/7TuZZNoxiUof0kszsjV2NANeudYg4WhdhjmttWzH81LIveWNyIFOrCNJvbsgZn5tWwbY9AYpflr0YEZCBTED5pno.jpg?quality=95&as=32x36,48x53,72x80,108x120,160x178,240x267,360x401,480x534,540x601,640x712,720x801,1080x1202,1280x1424,1440x1602,2301x2560&from=bu&cs=160x0",6
a152e5f6dae9faf5170c0d6f3e49e214.jpg,"https://sun9-13.userapi.com/s/v1/if2/viBjQt9Eqj3h-DIJhNyjIxmTRXT4mKlgcnafFEeOEq88z0fz7NaiCg35giUxEzRIwP5CyjXym2BZhVbB0dD_s2AW.jpg?quality=95&as=32x23,48x34,72x52,108x78,160x115,240x172,360x258,480x345,540x388,603x433&from=bu&cs=160x0",3
1147691078af8479f3b1d281ac0f653c.jpg,"https://sun1-20.userapi.com/s/v1/if2/BE4IpwUoh9sqeUHQQsvEIdMSXbBI-D7JFH_PMcA1-6nGQDrbmrgUjn90CGLJx_fVqGLFX9tygcvRAHMpVT7ypZ7B.jpg?quality=95&as=32x29,48x43,72x65,108x97,160x143,240x215,360x323,480x430,540x484,640x574,720x645,722x647&from=bu&cs=160x0",4
eb4e45e0e60a5403c6463827ad3fb510.jpg,"https://sun9-68.userapi.com/s/v1/if2/7DTONT17blRbuIlnIBmFg4Ya-dt2qUoUJO1H2FrgVqKfqHTuj4EbHVJQXfvsONHmJxrqML4gd3tKPTuqDh2yDFTL.jpg?quality=95&as=32x24,48x36,72x54,108x81,160x121,240x181,360x271,480x362,540x407,640x483,720x543&from=bu&cs=160x0",3
8dc3bb6a92ca2ee251175cca977c194e.jpg,"https://sun9-19.userapi.com/s/v1/ig2/s0IaEfi0jPtBXsJ9TI6aYOf4zgovB4jLBiV0z9RMKoHdcNvmuCHQNJuf9wzUNP7yFFc1zqIOjLh7lvyljrR1dPGC.jpg?quality=95&as=32x32,48x48,72x72,108x108,160x160,240x240,360x360,480x480,540x540,640x640,720x720,1024x1024&from=bu&cs=160x0",1
3ae1cd18a0fb8c122e6c0f3eb2c6e352.jpg,"https://sun9-5.userapi.com/s/v1/ig2/8Us4tqpRpdI7e7MRZF1KcDsWvT4h59FNA9GVZ3mZ8IyRfYvsZESZ6Oc231OT-rvwzNtWZguPgvHBq3gFKt_mLzZX.jpg?quality=95&as=32x55,48x83,72x124,108x186,160x275,240x413,360x620,455x783&from=bu&cs=160x0",1
5643c597fa170b9546a9ee3637584e2b.jpg,"https://sun1-28.userapi.com/s/v1/ig2/EWVo0EqX1jZy5osBWSO56SWc7AWFystha38tC24qr8jFkLWF0yM6Locjano0httbUi2vt9OJhE1F7nF19MMXq57_.jpg?quality=95&as=32x38,48x58,72x86,108x130,160x192,240x288,360x432,480x577,540x649,640x769,720x865,1024x1230&from=bu&cs=160x0",2
055c87df254ec03e443cb2f566d4e296.jpg,"https://sun1-88.userapi.com/s/v1/ig2/41ay2Noc1WYaz1WU8VtSq1R12Y3hDZT0g2UC1wPC4g1BxaLnhWj6EN377ZfSJv54c__KgQAC-stO7ETzOmLLkHeR.jpg?quality=95&as=32x40,48x60,72x90,108x135,160x200,240x300,360x450,480x600,540x675,640x800,720x900,1080x1350&from=bu&cs=160x0",4
a3673c2629177913a0a7e33a3f7857ec.jpg,"https://sun9-15.userapi.com/s/v1/if2/r-v1ING0D8VvPq52GL1vUiuNXJdSKixImmM9tqxCTvknflWr1xQQ4UV17kKmmL5LkY6GVjgd1A-DcBtjr1CqXgAZ.jpg?quality=95&as=32x28,48x42,72x62,108x93,160x138,240x208,360x312,480x415,540x467,640x554,720x623,1080x935,1280x1108,1440x1246,1481x1282&from=bu&cs=160x0",1
d616ca6f1258e02e7295c2bf415fa93f.jpg,"https://sun1-14.userapi.com/s/v1/ig2/prI9Hd0ltcS-GiaOET35w0O7m3bmMy37kf8CpMCZZfWO7NTm0JAIHjkBdUZE46QT3a2kRjFqKBL0wIBf_gtBR_6n.jpg?quality=95&as=32x32,48x48,72x72,108x108,160x160,240x240,360x360,480x480,540x540,640x640,720x720,1026x1026&from=bu&cs=160x0",5
c59ad5374122070813625ce3753bf5f3.jpg,"https://sun1-19.userapi.com/s/v1/if2/iE3CKWxobUblCzr1HtnEiwUsf64fM1NmDJTGbJcKwa1W3l-W1CjjD3XzSRSQIp2-AKm808TugjOPVzEmuLTB_LFl.jpg?quality=95&as=32x28,48x42,72x63,108x95,160x140,240x210,360x315,480x421,540x473,640x561,720x631&from=bu&cs=160x0",2
2bf8c486bf14b3cddf57790bb5eaedd1.jpg,"https://sun1-54.userapi.com/s/v1/ig2/QhWyCNsSseNVUIrHtN1dCT2NklBDCx9ZeGXFm9tXeh0O5CqfwFSnXID0Ai5EBjl6zuB0ronF4RJp9153UduwXGZw.jpg?quality=95&as=32x32,48x48,72x72,108x108,160x160,240x240,360x360,480x480,540x540,640x640,720x720,1080x1080,1280x1280,1400x1400&from=bu&cs=160x0",4
adcff43ef0a35da601d1898e6aae0f52.jpg,"https://sun1-88.userapi.com/s/v1/ig2/qbPs4GGE1wkLS--8gWImOw8IMqdQscV-DnYdUfciplAiqPgHMDVqFA95ezk9Yq-Rslu9h51HX9mdHYN-M5pI2QHv.jpg?quality=95&as=32x63,48x95,72x142,108x213,160x315,240x473,360x710,480x946,540x1065,640x1262,720x1420,1024x2019&from=bu&cs=160x0",2
b1a1be68d24db08f13b6811f28fac1f1.jpg,"https://sun9-37.userapi.com/s/v1/ig2/HVWXvEVDO_LVbR5f3r9ejxmEgqW1QSoQfesOWF7-9DyCYRGO0ypcVuYg9zxuoBFdCGJlN0xMZXaCtK5uxQFMjtRC.jpg?quality=95&as=32x36,48x54,72x81,108x121,160x179,240x269,360x403,480x538,491x550&from=bu&cs=160x0",1
ef0d211cfc4f074a04807e8ca2be926f.jpg,"https://sun1-87.userapi.com/s/v1/ig2/FovZGZBkqxp4r6RLrfEeNeYRZNM21HK4ieCnfeggIFYHIVTz2zGkkXpYFIKfX8BtnHNZwar7bQJlBLD4v1EcNxJa.jpg?quality=95&as=32x46,48x69,72x104,108x155,160x230,240x345,360x518,480x691,540x777,640x921,695x1000&from=bu&cs=160x0",5
21743937924f1e0e25542b6ac4940c82.jpg,"https://sun1-95.userapi.com/s/v1/ig2/1vxbDl0TdZAmd85c0zVhgAq7akEeGV_jnKsQndzeSzjO9xM7PwnlcYuVULxxr8dB6o3NtsL2O9eApqsjuX2S_cu7.jpg?quality=95&as=32x44,48x65,72x98,108x147,160x218,240x327,360x491,480x654,540x736,640x872,720x982,1024x1396&from=bu&cs=160x0",2
2bea8cd3b8f7037016c8453a9ac2b5f3.jpg,"https://sun9-42.userapi.com/s/v1/if2/fIPf3oYRwnkuDetd26jnjNHolpJFV_qPJt2J-BSzwTGGTooZjPyXELoVER0DdTTCDp63YoykJjnW1_ZQQABQCCmB.jpg?quality=95&as=32x21,48x32,72x48,108x72,160x107,240x161,360x241,480x321,540x361,640x428,720x482&from=bu&cs=160x0",3
376ca03ad7978db3a19527ba6c76fdb9.jpg,"https://sun1-28.userapi.com/s/v1/ig2/W8_oqhkRFU0aB9oJVnXdiNfPzCqejoZa5FPP4BfX9Ha9y_h2Uoax63cTxofjwErf8qRqEnY6WT0Wp9vJLVegu2aP.jpg?quality=95&as=32x48,48x72,72x108,108x162,160x240,240x360,360x540,480x720,540x810,640x960,720x1080,1024x1536&from=bu&cs=160x0",2
77ab417685933175995a9b6f2cf864ff.jpg,"https://sun9-27.userapi.com/s/v1/if2/nYa5c3MnpZTovCOY5BGi7JQWxAuI1OFJElmhUQlcntZzyv5THj2Xm8m7KU4RjTRegxyz05odGOlEtOK8XSbnK0_E.jpg?quality=95&as=32x27,48x41,72x62,108x93,160x137,240x206,360x309,480x412,540x464,640x550,695x597&from=bu&cs=160x0",1
fdd3b53477b8181ba84a366e01854eb4.jpg,"https://sun9-60.userapi.com/s/v1/if2/0qQPE8FFmnSidI4_J7CLdaQtG3Hbapmft85LPyNAXnAhFQ8T4PhNzsM58OoY5BqhcPLTrqM-605XMAe-L5FSiY2C.jpg?quality=95&as=32x21,48x32,72x48,108x72,160x107,240x160,360x240,480x321,540x361,640x428,720x481&from=bu&cs=160x0",3
8f7673093a6583be17d664fba5361ce7.jpg,"https://sun1-88.userapi.com/s/v1/if2/wV37U_8wE-HTkY2su2hPLvcPgEWBIpkndqZHg3AM0_mzQq1_0Vpvqc8Q5Nx2QWczdAbY3_EFVgSdF1kixovOqn2G.jpg?quality=96&as=32x30,48x45,72x67,108x100,160x149,240x223,360x335,480x447,540x502,640x595,720x670,1080x1005,1206x1122&from=bu&cs=160x0",6
4be21a333fbd63e5676cfc58b7951912.jpg,"https://sun1-91.userapi.com/s/v1/ig2/2ohygkUvEVtbalRPHCu2WPc7xKwC1kBUmvFvY-Q3HJdH1oF5YNTK3CQgi6ZNUe9UxHtYkmjlVbf2AHLyOq2WDzpx.jpg?quality=95&as=32x32,48x48,72x72,108x108,160x160,240x240,360x360,480x480,540x540,640x640,720x720,1080x1080,1280x1280,1440x1440,1500x1500&from=bu&cs=160x0",5
0b07075fe6c8be48f3c6efdaa3a6df2a.jpg,"https://sun1-91.userapi.com/s/v1/if2/P2ouNxdb2XSFXaGBDkwJ2SJatUyOk9TJZHAgoGXR9mwyEFXME6UWiSAzJ2OyIZl2xBpxrY7DE9xyav9i9CMh4E0G.jpg?quality=95&as=32x21,48x32,72x48,108x72,160x107,240x160,360x241,480x321,540x361,640x428,700x468&from=bu&cs=160x0",4
902789965c5a9a5b91ecb692c089410c.jpg,"https://sun1-98.userapi.com/s/v1/ig2/2TWygMjw9axCDW8h-G1bDRxyEy6zbr3vV8Zq2MdpReZu9-Z-DzCAkzs00eUkmtJfY0asWDnKZdrk03PrOpmhavUB.jpg?quality=95&as=32x35,48x52,72x78,108x117,160x174,240x261,360x391,480x521,540x586,640x695,720x782,826x897&from=bu&cs=160x0",4
e63bdd229aebd7657ea48dba7fcc3351.jpg,"https://sun9-10.userapi.com/s/v1/ig2/yxSikXIDW-HYcWzTicKYpeonJJWNk737WpMyPYy8A5NKnbfnMbhB5nkjfN004cePrDZgxyw_U667Z1ZZ7s5Og_cp.jpg?quality=95&as=32x32,48x48,72x72,108x108,160x160,240x240,360x360,480x480,540x540,640x640,720x720,1080x1080,1280x1280,1440x1440,1800x1800&from=bu&cs=160x0",0
da121206fa4f170b04e54f3df13fde88.jpg,"https://sun9-9.userapi.com/s/v1/ig2/6XxckoBIeE5ZMJcDjJ536age6r6q17qjRZvMqSBE4b46NsVObxYhb6gzPwDkVUU3Zysq0CFAq0riPDW6QVUpCheQ.jpg?quality=96&as=32x40,48x60,72x90,108x135,160x200,240x301,360x451,480x601,540x676,640x802,720x902,1022x1280&from=bu&cs=160x0",6
b1e33040ee49e2b9210881be962d754b.jpg,"https://sun1-19.userapi.com/s/v1/ig2/MFsMXAyaD56qm_8OKx8W5x3acW5cIch-gz-SgUYp60Q1MERh9eLOvvr-RQdYvDu3rjWJAWVJ_pBaJNoPb8IaERZI.jpg?quality=95&as=32x41,48x61,72x92,108x138,160x204,240x307,360x460,480x613,540x690,640x818,720x920&from=bu&cs=160x0",2
4a937e77a2e1237a4524e1153297335f.jpg,"https://sun1-57.userapi.com/s/v1/ig2/KpA0qfSgtwMy6H8ui0fRYGirg6-XxYrdlbZKmJVMPqRvuO5KKiUC7qD3CTV646mHgWcdE71v3W96VK68IuxGCOeu.jpg?quality=95&as=32x44,48x66,72x99,108x148,160x220,240x330,360x494,480x659,540x742,640x879,720x989,932x1280&from=bu&cs=160x0",5
fedfc2a36ce50d938381f493a3c55a04.jpg,"https://sun1-18.userapi.com/s/v1/ig2/Zky2_rBC3manOvuAlqOsmQJdUYm01ymZluznQzH0NypBkEbz6ioEn7H9e1DJotzn99qy-7V6VsZGHQkgDJ-zZfuI.jpg?quality=95&as=32x48,48x72,72x108,108x162,160x240,240x360,360x540,480x720,540x810,600x900&from=bu&cs=160x0",5
8b0d071444babccbdcfcfa86891c6805.jpg,"https://sun1-30.userapi.com/s/v1/if2/8SoYn7eEl2VTYhhMjf4GLSoQxqf3u-nvqXPd2WjY81hw-p91fET1nsrwncn_3Ci3Ccwun4qL_64ncgSopuLve3jH.jpg?quality=95&as=32x31,48x47,72x70,108x105,160x155,240x233,360x349,480x465,540x523,640x620,720x698,999x968&from=bu&cs=160x0",4
c6620f4bedea5138b92f362ea4d2bba4.jpg,"https://sun1-54.userapi.com/s/v1/ig2/FECFcPT41LtXROytck3wkSgy11ZKgPBBeodhVqTfk-YKH5nuLwayB-bu5hwC06fv7g0M3zopqOrg0Uap2Clk_p5x.jpg?quality=95&as=32x47,48x71,72x107,108x160,160x237,240x356,360x533,480x711,540x800,640x948,691x1024&from=bu&cs=160x0",5
913671fe73dbb96a0c9bf6105d9471c1.jpg,"https://sun9-86.userapi.com/s/v1/ig2/BFRXPJsjgLI14hAO18zs-1E9FJA1pL3hSARBbtdJZ_pGjeFSSjFjjlR_7pxXPFeYuUbigCV8Ax__-f5PFnC1vovh.jpg?quality=95&as=32x64,48x95,72x143,108x214,160x318,240x477,360x715,480x953,540x1072,574x1140&from=bu&cs=160x0",1
2a053516ed0f2c6f32f556280b4afcc1.jpg,"https://sun9-39.userapi.com/s/v1/ig2/CXaD1_-StL9JqxOXll7NvTSaV7caQRK5xf36_iGol2nPzgE8slZGidIl4fc59hwhgEDh-GqEnJr837pfz2B_bn3W.jpg?quality=96&as=32x52,48x78,72x117,108x176,160x261,240x391,360x587,480x783,540x880,640x1044,720x1174,1080x1761&from=bu&cs=160x0",6
c6bcd58990fb554019f04a4ea862336a.jpg,"https://sun9-78.userapi.com/s/v1/if2/CQAz01fRFj9zpB-KmxyjQzy8OSWiv1P26Ymwy5lSHRAJJbdsJhgvW57MfB7eEuYLfU65TmE_HeMYP2K951EfMQQT.jpg?quality=95&as=32x31,48x47,72x71,108x106,160x157,240x236,299x294&from=bu&cs=160x0",3
1df3b214047f22c13a88771bdedbdfa5.jpg,"https://sun9-56.userapi.com/s/v1/if2/R95KIA9J8EJI8zOj8CZOQL9zwaSk232b13xevoiRu83pL5FN_O-2DvUhLY1thXq0rK62lbvU1cL5GAsS4uaDO8Qh.jpg?quality=96&as=32x23,48x35,72x52,108x78,160x116,240x174,360x261,480x348,540x391,640x464,720x521,729x528&from=bu&cs=160x0",6
1ac047371f15605f89d7795f7538fcca.jpg,"https://sun1-90.userapi.com/s/v1/if2/wRi2hlOav-bFQ2B8jTWtItBJyP9EHKy9Wj_JAPmZGkuQ9VjgKGJ5lsSUKx7Nap0ZFJiTE94Zn5wSB201c49mAHCK.jpg?quality=95&as=32x21,48x32,72x48,108x72,160x107,240x160,360x240,480x320,540x360,640x427,720x480,1080x720,1280x853,1440x960,1536x1024&from=bu&cs=160x0",2
4a18551b727c31a03c053cb8a5787484.jpg,"https://sun9-44.userapi.com/s/v1/if2/GcK6s9-fDXu1CbnkfzM31dS3kxz_JlHLuFSM3meg1vZ_lbjk_JmaoduFix8QgHjJMWOM_h-jFb7TEdCRJRjdmnfA.jpg?quality=95&as=32x21,48x32,72x48,108x72,160x107,240x160,360x240,480x320,540x360,640x427,720x480,1080x720,1280x853,1440x960,1620x1080&from=bu&cs=160x0",0
738cddeff0b40fd90309ed7d3be79a2f.jpg,"https://sun1-56.userapi.com/s/v1/ig2/lHYEAtvjLjSi6CCRMwyR92emOah2ylqHbmk_rcv7mwZyEU0esuYdNGaGp5me9_ETUpK0u2kuyMMVktShli7aIFT1.jpg?quality=95&as=32x40,48x60,72x90,108x135,160x200,240x300,360x450,480x600,540x675,640x800,720x900,1080x1350&from=bu&cs=160x0",4
0b08c337e7da4a22b0bbdef313720178.jpg,"https://sun9-70.userapi.com/s/v1/if2/pkG8MRZ1ex7wFDRIJ1btms70V8wSPdZbt5dIHwNCT9hkxXWVKIpsn5J9c3Xs5RhmDJKODiRoJfB_JxGErJhGSJF9.jpg?quality=95&as=32x24,48x36,72x54,108x81,160x119,240x179,360x269,480x358,540x403,640x478,717x535&from=bu&cs=160x0",3
bacbd2b28bc40239239ea91542b7765a.jpg,"https://sun1-29.userapi.com/s/v1/ig2/oyE-EAEQvWvGQeHkW0pqiNr-EK_C6qz2yNLUuxvJrpr3f4EpiYbdGjHWFn1f94X-u4vostxj8TH4h5R3mp0LLiM_.jpg?quality=95&as=32x43,48x65,72x97,108x146,160x216,240x324,360x485,480x647,540x728,640x863,720x971,815x1099&from=bu&cs=160x0",5
b0f31a8413476d988b5ca9528c6d7957.jpg,"https://sun9-64.userapi.com/s/v1/ig2/a4LssjTLuDUAmZXnWCCF0995Oeij5uIdcB1779F78msV2A03bOJ2JH4COWZ1AelkmkHziwmvy5Ok-ERaoGSYF3PF.jpg?quality=95&as=32x37,48x55,72x83,108x125,160x185,240x277,360x416,480x555,540x624,640x740,720x833,1080x1249,1280x1480,1440x1665,2214x2560&from=bu&cs=160x0",6
e2385a8338f73c8ee393fe2a7f844a27.jpg,"https://sun9-84.userapi.com/s/v1/if2/edxvDt4n8o67i3pqyVAD0bRS5P7c01vTFwnOWVMCRSuPHKecYtm4ia9o6rmBgu7B_Taz1CgilVUoUZyD7TWggw0O.jpg?quality=96&as=32x26,48x39,72x59,108x89,160x131,240x197,360x296,480x394,540x444,640x526,720x592,729x599&from=bu&cs=160x0",6
a9d4824831914a70b19ecd2b186f717a.jpg,"https://sun9-38.userapi.com/s/v1/ig2/89W3aEYBeRvcPfQywJg1VfzKO9JdSGGQvKaw0HiS3wq6c0GYJ3bnb2GAr2KRx5UVNE0E-yJ9IoeYUlpZhq56ZJn3.jpg?quality=96&as=32x42,48x63,72x94,108x141,160x208,240x313,360x469,480x625,540x703,640x834,720x938,866x1128&from=bu&cs=160x0",6
5b9da4bf259758cbd1bd8a86b4103c50.jpg,"https://sun1-25.userapi.com/s/v1/ig2/-YQHdNjqdXIV4CKiKMPQm-FEGOkhE6gV7rY03J0cHd44cWgBV79zv2wpTzY2-RFiVsYjOkg6H0UW5gcc6DjieMFr.jpg?quality=95&as=32x32,48x48,72x72,108x108,160x160,240x240,360x360,480x480,540x540,640x640,720x720,1024x1024&from=bu&cs=160x0",2
631172cc8c1e8b8e7283558ca53c70ee.jpg,"https://sun1-84.userapi.com/s/v1/ig2/gjqwJXoh4ARqkAjgIeuLh_0YW_j9GHuThK42y9pJnbFOWINtVEaCrLOdYuJFwA3XBNlfjOd3J_8qFA_sIw7qO83Y.jpg?quality=95&as=32x32,48x48,72x72,108x108,160x160,240x240,360x360,480x480,540x540,640x640,720x720,1080x1080&from=bu&cs=160x0",5
54f13b6afe810df1fe1f59052d73e157.jpg,"https://sun1-88.userapi.com/s/v1/if2/XzEyktxxceTSW3UexpuwR_Iwi1G8Wbg5ac-rb9MYE8K9wsKcOxDnDoHqBiH_u7VcizCEf-HcfhkmR_0X_EfHo9M9.jpg?quality=95&as=32x20,48x29,72x44,108x66,160x98,240x147,360x221,480x295,540x332,640x393,651x400&from=bu&cs=160x0",2
e3a74599d289d08ddda2b9e73e7c3ec5.jpg,"https://sun1-84.userapi.com/s/v1/ig2/lcFn8TU0olu68Hcz1oOOX3EvRkZYdTFJfcsPgbI8t0bqcgy1xuvnCCXn-HaBfwETyZMeYuK9SDThSTsEBlEV91bT.jpg?quality=95&as=32x48,48x72,72x108,108x162,160x240,240x360,360x540,480x720,540x810,640x960,720x1080,1024x1536&from=bu&cs=160x0",2
304558e9c1e0fbc45aa68586efc9727c.jpg,"https://sun9-37.userapi.com/s/v1/ig2/io9KugyGdfeGX4S63jd22x-DQV4M3Gamp3iYP6ByZAstyEprBTopiB_ElcN__1G8w3pSWPX8sB53cxcLPUPvWjss.jpg?quality=96&as=32x37,48x56,72x84,108x126,160x186,240x280,360x420,480x559,540x629,640x746,720x839,1080x1259,1280x1492,1440x1678,1536x1790&from=bu&cs=160x0",6
62eb4d765a8256eb7b5fa6578ad4a96e.jpg,"https://sun1-86.userapi.com/s/v1/ig2/UBkc80xsTkM3tvW6B2d-c-xLXkQq9HbJ2fOrSOXOGw97rm-LVhcl60znRJgFFHVFw4Fqp0Jsz1-1YilftYaPXc3T.jpg?quality=95&as=32x32,48x48,72x72,108x107,160x159,240x239,360x358,480x478,540x537,640x637,720x717,1074x1069&from=bu&cs=160x0",5
2f0a3a17c9273c0ab59f6a188bd33e61.jpg,"https://sun1-96.userapi.com/s/v1/ig2/n4jUyJ015B_JTsEX2cRHUTuVKbeXwUJ4TEb5MYbnQFGkZTMk2qRLIF8Kwi0M9ngaDYy836eKFms1KdCY4V3rA9wy.jpg?quality=95&as=32x32,48x48,72x72,108x108,160x160,240x240,360x360,480x480,540x540,640x640,720x720,1080x1080,1280x1280,1400x1400&from=bu&cs=160x0",4
cb90739b201ed9ec14c8ea6a8cd12ad8.jpg,"https://sun9-21.userapi.com/s/v1/if2/GN9LheoWWGwRxjeetC4x4GRMtrKmqko1nnhsH4wjwlzoBDsl62_PhnC80mO4ItSEqHRuyw_Kp6U3kd9IEpxhIYqd.jpg?quality=95&as=32x22,48x34,72x50,108x76,160x112,240x168,360x252,480x336,540x378,640x448,720x504&from=bu&cs=160x0",3
e55fca3fcce59c6d2df3d01274156df8.jpg,"https://sun1-92.userapi.com/s/v1/if2/z1-4kHz3nYsnhaEYephTI_poQRxZyp_4FMRWCHWlSFtZEtpsOE__EXd4RiiLJSdKk1c-eRHbn841NU7LmTZ2FjsU.jpg?quality=95&as=32x21,48x32,72x48,108x72,160x107,240x160,360x240,480x320,540x360,640x427,720x480,1080x720,1280x853,1440x960,1536x1024&from=bu&cs=160x0",2
9b8388f1ede2ea2c54f7925d0d01e30c.jpg,"https://sun1-56.userapi.com/s/v1/ig2/wGbB1nVWivL2P6xP4kidWF8FmLUWARVeWcGBVnDn9HjQ_LxAFWChgd-gTMEa8EUiAH11p8OdSOXL_rfU2gjgm7Fw.jpg?quality=95&as=32x32,48x48,72x72,108x108,160x160,240x240,360x360,480x480,540x540,640x640,720x720,1080x1080,1280x1280,1440x1440,2400x2400&from=bu&cs=160x0",0
5dc7d723c142b6902db1a130fbc66e7a.jpg,"https://sun9-44.userapi.com/s/v1/ig2/55eKJjmX6YFHqTLUpCrOkcyCPvk2_2RAByu6ErG5wiWGCpSlUjqujPcNUdIimfanrcVmLNAPz4vF34PM_Li8vqx1.jpg?quality=95&as=32x32,48x48,72x72,108x108,160x160,240x240,360x360,480x480,540x540,640x640,720x720,1080x1080,1200x1200&from=bu&cs=160x0",0
7bb4bdf4b2b03e68f11d7c4199c72d1f.jpg,"https://sun9-8.userapi.com/s/v1/if2/VTXFwFU78axkyqcbIu3zUBot6zS6DcA7gmPigIhM4_FGNoFz31OM9WE1f4HJ-hnOrOhil5dPudG-YfKKmDayoVEi.jpg?quality=95&as=32x21,48x32,72x48,108x72,160x107,240x160,360x240,480x320,540x360,640x427,720x480,1080x720,1280x853,1440x960,2560x1707&from=bu&cs=160x0",0
1c32ba5359cebf1d49031adec577f24a.jpg,"https://sun9-62.userapi.com/s/v1/if2/f8COjQNIaIsAqg-M0wBZdALHS93ge-jC4grOTfB989s8XmZK4lbt6eauAzKHHBgFSnbXklBD7hEEDIqrA_5R5-mp.jpg?quality=95&as=32x23,48x34,72x51,108x76,160x113,240x170,360x255,480x340,540x382,603x427&from=bu&cs=160x0",3
fe5a239493914fb1e07f702f7bc496da.jpg,"https://sun1-20.userapi.com/s/v1/ig2/SZb86UeSOJUqcR4QGoxK8ecSdzUgJKrPB9bgz8wow4FZBd29MUGVI8pWhhZU9pMeTJEfchJtAVUfLvdlWRWpuVb0.jpg?quality=95&as=32x34,48x51,72x76,108x114,160x168,240x253,360x379,480x505,540x569,640x674,660x695&from=bu&cs=160x0",2
8ffe397c7298e4e26a99499464fb769e.jpg,"https://sun9-57.userapi.com/s/v1/ig2/7k4qUyOCvPOnkaaa2y2KiMujUtFsw3eEXFToHVD1SrIr9HM8wcu2RFNH5ZFvbJVsvK_PSQ_dBYKkiNIPbMLnn2D6.jpg?quality=95&as=32x32,48x48,72x72,108x108,160x160,240x240,360x360,480x480,540x540,640x640,720x720,1080x1080,1280x1280,1440x1440,2560x2560&from=bu&cs=160x0",0
cfdfec0109da26532cf1ea2017f92add.jpg,"https://sun9-66.userapi.com/s/v1/ig2/GE8tGtR0ABzuFngFIyAWmeo8P863wLEzIyGzsKZkvzJZGQuAanIIuzOeX_0ffxJ4ysdPKwxydzQsIf51WYJXkT5e.jpg?quality=95&as=32x32,48x48,72x72,108x108,160x160,240x240,360x360,480x480,540x540,640x640,720x720,1080x1080,1200x1200&from=bu&cs=160x0",0
31c31c062032449a0639c26aabf28ff3.jpg,"https://sun9-20.userapi.com/s/v1/if2/iTKmFbTriEl-dSEAV7YHChS58tbABUce2Yy5_gMFa0Q5gPntZh-nfgPldn5vuARTAUgSOo6f0_osAxHIoCp-Ny_d.jpg?quality=95&as=32x28,48x42,72x63,108x94,160x140,240x210,360x314,480x419,540x472,640x559,720x629,1080x943,1280x1118,1440x1258,1470x1284&from=bu&cs=160x0",1
e5061702fe7b987e2d57d680de7ebddb.jpg,"https://sun9-75.userapi.com/s/v1/if2/S65WbOf46G1PHEk_FUDUWxRbvOCdFZcv1X6GzicbbudTNQIbG9FefOE1u1aqJPbGhXsVS15JB2-NxI1yn3uAb4bj.jpg?quality=95&as=32x31,48x46,72x69,108x103,160x153,240x229,360x343,480x458,540x515,640x611,720x687&from=bu&cs=160x0",3
e4d2a0b26acd756cec4e6845505743e6.jpg,"https://sun9-71.userapi.com/s/v1/ig2/TSZ7NYUYK9dieWaOttOuNLOtcsevdQCvcpK-FiAAvxHm1Tn40dm7vgtAtrSPeHbNCn0oAXauD37srcWtFyMEUjRT.jpg?quality=95&as=32x32,48x48,72x72,108x108,160x160,240x240,360x360,480x480,540x540,564x564&from=bu&cs=160x0",3
2e213ed908617c5c9812f6284bd7e6ae.jpg,"https://sun9-8.userapi.com/s/v1/ig2/K94wfPw-FyxDz3n4YuvhBnj_PYd_27xMN3SQcNTkrJi_u1b-spKqtIOPXyW-aoQhmZNdPGAoneV1KvpsYqzUy-sS.jpg?quality=95&as=32x32,48x48,72x72,108x108,160x160,240x240,360x360,480x480,540x540,564x564&from=bu&cs=160x0",3
5c450042482f81d477ae6a97faadab05.jpg,"https://sun1-16.userapi.com/s/v1/ig2/DjLux3U7JEE9AJk5AmT4mq1A1QJGwKLVqXcQwRtTCvvxHWFKWVPevdQByBEqIe9KzSI5P5sfVTEwPsA2BKRo_RVA.jpg?quality=95&as=32x48,48x72,72x108,108x162,160x240,240x360,360x540,480x720,540x810,640x960,720x1080,1024x1536&from=bu&cs=160x0",2
d62df512000bea884ff69dff8c387b07.jpg,"https://sun9-87.userapi.com/s/v1/ig2/OIg7k2VPQW9l5tfqa4YWZlzQLopiKjoWddSiN_G9ni50164AAkXFY61SnjJ6hdXi1NXUW4sBslQzdqEJyIiz6xkw.jpg?quality=95&as=32x47,48x70,72x105,108x157,160x233,240x349,360x524,480x699,540x786,640x932,720x1048,798x1162&from=bu&cs=160x0",6
37037a4a631326e48fcd414bce0c0ae0.jpg,"https://sun9-85.userapi.com/s/v1/if2/3Diovv0J2tdA30QKmae4IVhTmzR4X_0WyXJ8xApe5SHZMR4HA88mTFI4gRW0By7sPm4ZkNUcKP266mwwPKzu2KO6.jpg?quality=95&as=32x31,48x47,72x70,108x105,160x156,240x234,360x351,480x468,540x526,640x624,705x687&from=bu&cs=160x0",3
5bca89460ab15ea77ae5f1e5faaf258b.jpg,"https://sun1-89.userapi.com/s/v1/ig2/ATY3R8kjGPrzchrR_-PEmL2T4zKVA3RB8TRy0zZL_M9xfi-ezrv0ZqXrB_G2-O28GmjPe4P3IOA-nWYF2Jfp8Uta.jpg?quality=95&as=32x48,48x72,72x108,108x162,160x240,240x360,360x540,480x720,540x810,640x960,720x1080,1024x1536&from=bu&cs=160x0",2
d78da6f19dd4ed617c1484d1d4c6436a.jpg,"https://sun1-89.userapi.com/s/v1/ig2/XfQ1DbKOR4qZexPRVLI_VU3CLw3Lh-97cqSXokCkNKBUmoVZXXpvf9VV1gKYSc3AsNTJXqGu0LKEiF407U39xTDA.jpg?quality=95&as=32x32,48x48,72x72,108x108,160x160,240x240,360x360,480x480,540x540,640x640,720x720,1080x1080,1280x1280,1440x1440,2560x2560&from=bu&cs=160x0",0
5885f3f1ad99046bd8029a72a8f4cd5b.jpg,"https://sun1-55.userapi.com/s/v1/ig2/gd1OFSxz-yrQ5_U7uuzGgeMA59On335PO2v-lE38bPMB-gD02K4odebyyYenU9UOHDRj3vt8GYExc3vzIPjvUM-k.jpg?quality=95&as=32x32,48x48,72x72,108x108,160x160,240x240,360x360,480x480,540x540,640x640,720x720,1080x1080,1280x1280&from=bu&cs=160x0",5
6929c87044c64f7c32115666a1c9f657.jpg,"https://sun1-86.userapi.com/s/v1/ig2/_g7lR4URX0SjyrwHb7fAJ7UAQl0Dh_6bkmD9R5qj8kjvpB0ivT73Jis7zNEcAHzo4B2ae3nCq5YW1R7PVMb9s0bS.jpg?quality=95&as=32x41,48x62,72x93,108x140,160x207,240x310,360x465,480x621,540x698,640x827,720x931,1080x1396,1280x1655,1440x1862,1980x2560&from=bu&cs=160x0",6
91185013048d2d33395dfd1cbc04773a.jpg,"https://sun1-20.userapi.com/s/v1/ig2/UA5ABu9Lj7T5KjAx_SkQZrYVBWwZryjjq7Hdn-Q0SDuNqmv4BuT2w6z79maNIV7cxd7L0Pqxs1NE2G_6sYbLJy_h.jpg?quality=95&as=32x32,48x48,72x72,108x108,160x160,240x240,360x360,480x480,540x540,640x640,720x720,1080x1080,1280x1280,1440x1440,1800x1800&from=bu&cs=160x0",0
31e77f0ae97c5282e73af470a6883b46.jpg,"https://sun9-49.userapi.com/s/v1/ig2/BNdI1CwGTe2XD54HYqVt_wtMeIqjnPz6ZEyHY18pF6UDNQZXWQXcznSE_x051SHT_OoMKp-2hAMcQ6kvdDRwg-DF.jpg?quality=95&as=32x35,48x53,72x79,108x119,160x176,240x264,360x396,480x528,540x594,580x638&from=bu&cs=160x0",3
b6ec84651639e7d9149444ea7f43a36f.jpg,"https://sun1-83.userapi.com/s/v1/ig2/CyakW7kbP2gjetYppVdLp5U1VM7pRqr7mNHbIXVyHvuopMQJ1WuOOH-XbEpgB39A8UShPkGYbwt6Cn4pN03OxJZL.jpg?quality=95&as=32x32,48x48,72x72,108x108,160x160,240x240,360x360,480x480,540x540,640x640,720x720,1080x1080,1280x1280&from=bu&cs=160x0",5
f3c77cf5286bd0b8904519e0a02bdbaf.jpg,"https://sun1-18.userapi.com/s/v1/ig2/-eiOc_y1KzDtQxs-HyykVz24tKcd7C12qY1-z9KnzUdd9uYQn6h-5Y9jo8SE-mx-s3oHYNsAnN-VrTgTALKzm2uB.jpg?quality=95&as=32x32,48x48,72x72,108x108,160x160,240x240,360x360,480x480,540x540,640x640,720x720,1080x1080,1280x1280&from=bu&cs=160x0",5
1b1229db54177455e6c0013474d6769e.jpg,"https://sun9-49.userapi.com/s/v1/ig2/n1Emn1-ihMvkl32BkGIuopNryYIgNiOseoOfzvNqlZm-5KYyw6vA4MS9R-kk68qXB0UMeGCw2agRD5vJhmQWT9Es.jpg?quality=96&as=32x32,48x49,72x73,108x109,160x162,240x243,360x364,480x485,540x546,640x647,720x728,1080x1092,1088x1100&from=bu&cs=160x0",6
8472109562e646232932fec137b3cd1e.jpg,"https://sun1-20.userapi.com/s/v1/ig2/v0wRH8VBMOa52h0d2id8rPk6OqBoLKjMX9YDau_4QtHxWBPLOrPQGk1Mry8k8LZtxixqryj9fOkOCoSg-hLexB4R.jpg?quality=95&as=32x32,48x48,72x72,108x108,160x160,240x240,360x360,480x480,540x540,640x640,720x720,1080x1080,1280x1280,1440x1440,1800x1800&from=bu&cs=160x0",0
fc40f1f20e74803072052add071b50a2.jpg,"https://sun9-69.userapi.com/s/v1/ig2/9wOqkd_4pI0GVnmbFxN0kZK4ozScHxZ7aQsPi8YcxbJsGGXGnuMReWjActzCRpG9cLCVWhBVL1E-Gh7WOGqI4Q9_.jpg?quality=95&as=32x32,48x48,72x72,108x108,160x160,240x240,360x360,480x480,540x540,640x640,720x720,1080x1080,1200x1200&from=bu&cs=160x0",0
b1235f86ba9293925afcdf28c3373755.jpg,"https://sun9-12.userapi.com/s/v1/ig2/Uz4UNlIrJ0DQtdmBXqqebk0QqtiwlKH8j_nqqH5uM_fGYr8jJz6AC3ptN6-MtYjMAZtCJiGoe_PM9i6TPnW5wyS3.jpg?quality=95&as=32x36,48x54,72x81,108x121,160x180,240x270,360x405,480x540,540x607,640x719,720x809,750x843&from=bu&cs=160x0",1
eaed10578e9f92c8c28ae0b30416f9e9.jpg,"https://sun9-10.userapi.com/s/v1/if2/f7nB5pmzpQpslCxhpYB_5FC-i3vEwl6UZLkuoaYsAj4dct6oYJJcH0ULL6p6B_qjr2seSGXMG-p_FhjX9qnpx-Bl.jpg?quality=96&as=32x30,48x45,72x67,108x101,160x149,240x224,360x336,480x448,540x504,640x598,720x672,1080x1008,1206x1126&from=bu&cs=160x0",6
51bb5c07c4f9947eb3c021c813926063.jpg,"https://sun1-54.userapi.com/s/v1/ig2/VSvrF70oFUI4reC9FL-Stzbz0aPSnU5gQrGfJd1es0LdR21DISfJAIDKARtyE1qwHNHCh2tiiHImj-ZdCvhQj57U.jpg?quality=95&as=32x47,48x70,72x106,108x159,160x235,240x352,360x528,480x705,540x793,640x939,720x1057,872x1280&from=bu&cs=160x0",5
5c035a2b735433c03928252da0062b29.jpg,"https://sun1-30.userapi.com/s/v1/if2/tgpsFtx1xVPxbZjYcjM_V9AJGbusTUhEkDlLNWqPRn5M1wDEwehgF-iipFWc7gGSLA5-wk9mBpeiXPU-SpxZqypI.jpg?quality=95&as=32x26,48x38,72x58,108x86,160x128,240x192,360x288,480x384,540x432,640x512,720x576,1080x864,1280x1024&from=bu&cs=160x0",5
cbc3f64a7822a2900c214b3a903a092f.jpg,"https://sun9-73.userapi.com/s/v1/ig2/NDu2g7NkeOUbg6MaieYXAsBxo4sVYCPIxF5_FTgiib85oN1U3MTscBJ1OPn-_4LH3j6yM4czL9soeqZ1d0UKHIhq.jpg?quality=95&as=32x39,48x58,72x87,108x130,160x193,240x289,360x433,480x578,540x650,593x714&from=bu&cs=160x0",1
fb5dd46e7e1761b5044aa4825a6953bb.jpg,"https://sun1-15.userapi.com/s/v1/ig2/qpbkKb0WHMXohLj7p3Sh4OpA4XKDeuuLUtJ2jb1zwLS55pIwpIJQM_6vArulcZ7hwQ1_KJKYgQWf_hJi3vaTYF6z.jpg?quality=95&as=32x40,48x60,72x90,108x135,160x200,240x300,360x450,480x600,540x675,640x800,720x900,1080x1350&from=bu&cs=160x0",4
383165e8785dc854d615f9872e4988d3.jpg,"https://sun9-65.userapi.com/s/v1/ig2/6FwfSN0d-xuccRxCqGRI9FvSccZJ7tBQ-Zv81bC3ajhZl37If3aVwBTIOxSlHZWr-eoHhkepPfJlhjxKpLsIwg90.jpg?quality=95&as=32x32,48x48,72x72,108x108,160x160,240x240,360x360,480x480,540x540,640x640,720x720,1080x1080,1200x1200&from=bu&cs=160x0",0
776d0dc90a5ed09cd2333a561f9ec131.jpg,"https://sun1-14.userapi.com/s/v1/ig2/pbEuWtCvYtKvVAFvWl-R7ZcUAEAcOpNkgq4imPlC91x2R-Rm9AFoEczku4pigVeyN_Lxoc-UrbNTs8oLDnmhDzxb.jpg?quality=95&as=32x32,48x48,72x72,108x108,160x160,240x240,360x360,480x480,540x540,640x640,720x720,1080x1080&from=bu&cs=160x0",5
ce9b1b7df46ee468630d5e037414d127.jpg,"https://sun9-37.userapi.com/s/v1/ig2/H4U5guiSMiIYwNb4gG_4IgCBgeZDoLSCbRtyqHZrxlIy8X-LIxZOLZSTo0brefGOzDdCR-viBlDJW0b08xF4v6X_.jpg?quality=95&as=32x32,48x49,72x73,108x110,160x162,240x244,360x365,480x487,540x548,640x650,667x677&from=bu&cs=160x0",3
35e4f777cf0c95b5e144e4bfa2123a65.jpg,"https://sun9-8.userapi.com/s/v1/ig2/HEhTzxc9TjbBqsAjpjc9tdv9CUmxzAM5mHFFVZn2og9kqkU93lv9QF0v6dT-yyA2hQScDMS4j2HpJGvHvpkOxOC3.jpg?quality=96&as=32x43,48x64,72x96,108x144,160x214,240x321,360x481,480x642,540x722,640x855,720x962,1080x1444,1280x1711,1292x1727&from=bu&cs=160x0",6
44af52249b1e1e9cc8e5420152834ca3.jpg,"https://sun9-21.userapi.com/s/v1/ig2/HadvvsrvnwQ6T7zBziEmlK8pYfIrohx2ogCj3J2czm_p32R6Bpedolf7yGMrcgu2ufPnM7UE0L__otXFyyEtiIj_.jpg?quality=96&as=32x32,48x48,72x72,108x108,160x160,240x240,360x360,480x480,540x540,640x640,720x720,900x900&from=bu&cs=160x0",6
496c99aeb6798e0f9efb02498ba2fd0d.jpg,"https://sun9-81.userapi.com/s/v1/ig2/p52zTY9hC2uSMuefWla-omWQb07vfxz_R-2rTnDZg1r4CyNa3cyArzMOiJDA4U_70aJnLuq1yOzyzWEcSzIakaqR.jpg?quality=95&as=32x36,48x55,72x82,108x123,160x182,240x273,359x408&from=bu&cs=160x0",1
9b4c8f8a3efb103fc6f847a267cbb72d.jpg,"https://sun9-74.userapi.com/s/v1/ig2/sBPr2sChPRx-5dARjcCDQr429Uk6noKIheiwWQOyJkrEnpHrfxbRH1fByPOj3N7LNk1UsGcjTg4PzzZT3iYiVX5Z.jpg?quality=95&as=32x32,48x48,72x72,108x108,160x160,240x240,360x360,480x480,540x540,640x640,720x720,1080x1080,1280x1280,1440x1440,1800x1800&from=bu&cs=160x0",0
c9b1bd1dde09a8e014a80f62044ad669.jpg,"https://sun1-26.userapi.com/s/v1/ig2/N-MA-xqSYG3NhHjYbUG9Cdpw_arIndWhDe0vK4Jez6Q8HX2Ya2D98nj_f3UQ1yqZ2xJ1ySieqjGbWkptHAzOWnWS.jpg?quality=95&as=32x43,48x64,72x96,108x144,160x213,240x320,360x480,480x640,540x720,640x853,720x960,768x1024&from=bu&cs=160x0",2
d1009b9bfdd8b022f873cb5f3fe775f0.jpg,"https://sun1-90.userapi.com/s/v1/ig2/zsCrEnLZhwciQ-9283WCO2kr9O6Ta4KmDktCxMl7Xv6KBdmr7uRJEX4GwzkIyxIY4FOCHBuMsTy79U1uaJ1T_Zxy.jpg?quality=95&as=32x32,48x48,72x72,108x108,160x160,240x240,360x360,480x480,540x540,640x640,720x720,1080x1080,1280x1280,1440x1440,1500x1500&from=bu&cs=160x0",5
581f1fffb44f855e23b079bead977749.jpg,"https://sun1-15.userapi.com/s/v1/ig2/carb1PSkeEgyB2RlEt2-bZEheURjA8m8TQr8Ol4chC99ER0wLKEwmeGDcdDG9lZyCC1EPjHKOsnNHo_8e2lVFqhw.jpg?quality=95&as=32x32,48x48,72x72,108x108,160x160,240x240,360x360,480x480,540x540,640x640,720x720,1080x1080,1280x1280&from=bu&cs=160x0",4
c7ac7d8c4c16ff751afd182e533cba42.jpg,"https://sun1-84.userapi.com/s/v1/ig2/_Yc0qcui9G56gp5wAh5bWRCMx4XPjPRPaHKUpVO3y4iCktisBw4PkiqFBqTqOrWk5pGB1wOThLwBuZOltrLsdC6u.jpg?quality=95&as=32x32,48x48,72x72,108x108,160x160,240x240,360x360,480x480,540x540,640x640,720x720,1080x1080,1280x1280,1440x1440,1500x1500&from=bu&cs=160x0",5
21110cc6e1e27eba554a1e7e2ff4cbeb.jpg,"https://sun1-54.userapi.com/s/v1/if2/W0zN4k1EoeyJxrdNwA3FrTKivw2qioLZTHZwjG0aeB5v87imBjELdRaaO9S1JwqasnFrvBYRoysl_g878UJ8HxL0.jpg?quality=95&as=32x28,48x41,72x62,108x93,160x138,240x207,360x311,480x415,540x467,640x553,720x622,811x701&from=bu&cs=160x0",4
406693222807098f910d4136088949ce.jpg,"https://sun9-16.userapi.com/s/v1/ig2/1wvFt20J-EejeXWC4St8CXeneU8IUmPsBjfmSuOo8R8RwS3DSXBlI5G2QIf23RP8064jlA3PirOFc4mK61FvgKPd.jpg?quality=95&as=32x32,48x48,72x72,108x108,160x160,240x240,360x360,480x480&from=bu&cs=160x0",3
750f69e6c1c36b5c39621614a7f30ecb.jpg,"https://sun9-30.userapi.com/s/v1/if2/-r97uWLgrlW0XNhTO1CrH-Ueri9I-TajgVZXoDQQSplHCHUjtYJRQKIM92L2cN2irsREHOWTvS_LVkfYujAqmrZM.jpg?quality=96&as=32x30,48x45,72x67,108x101,160x150,240x225,360x337,480x449,540x506,640x599,720x674,1080x1011,1194x1118&from=bu&cs=160x0",6
e84e5514f61cf1d65a20bb4a4a535840.jpg,"https://sun9-40.userapi.com/s/v1/if2/9-j5OZhOVVtNW_nG-lzjqmULqDpG-ThPwC_WdJBV80gsv38jD4l9B3DWAwxFnIvYXNViJ8PwCWU4OW0794rdnNUq.jpg?quality=95&as=32x21,48x32,72x48,108x72,160x107,240x160,360x240,480x320,540x360,640x427,720x480,1080x720,1280x853,1440x960,2560x1707&from=bu&cs=160x0",0
39cd9239355bc92bc197f64f28b01dd9.jpg,"https://sun1-96.userapi.com/s/v1/ig2/5pbI9uEV5yFabY2YD0hH9Dc8RhHlh8QQEgfTqqWYixczGie7E-VHmXTQjalMm614CJsmivuOkCXhp11kuEPtyKaa.jpg?quality=95&as=32x69,48x104,72x156,108x234,160x347,240x520,360x780,480x1040,540x1170,591x1280&from=bu&cs=160x0",5
f969ac3d2d769fd5e56d0b5c6146a3c3.jpg,"https://sun1-21.userapi.com/s/v1/ig2/9VjTeYLKODxSS5I8tQSeo8psc9-qdlmU0LxSl6y_1HH2LdYnxruMk3k4eEv7fae2415d-lJl1fbglo8EUv2JWJV4.jpg?quality=95&as=32x33,48x49,72x73,108x110,160x163,240x245,360x367,480x489,540x551,640x652,720x734,1024x1044&from=bu&cs=160x0",2
1d87f506de6bd3328a659843feae1005.jpg,"https://sun9-39.userapi.com/s/v1/ig2/4oKdPNRQWKFfvMH5TVfjg4JphLX7Fgvtyp9GrIJZU38MXs-hVTaRbYzIGdNzqeluhv4BxSvz23ADVCIKH6OIjGqt.jpg?quality=95&as=32x40,48x59,72x89,108x133,160x198,240x297,360x445,480x593,540x667,640x791,720x890,1036x1280&from=bu&cs=160x0",1
30722d8457d758466d6d3d5bb434feb4.jpg,"https://sun1-14.userapi.com/s/v1/ig2/tW-u68uTa_0XVh48ytS_gnUyNWlewDicm9ShZohuzYQ40Ld7PT74C46gp80_mOwihfAeOU56oMxnRzx5hvv7GNV0.jpg?quality=95&as=32x46,48x69,72x104,108x156,160x230,240x346,360x518,480x691,540x778,591x851&from=bu&cs=160x0",5
c3ef73dd720a46e4002b64af1efb8e07.jpg,"https://sun9-64.userapi.com/s/v1/ig2/mn0N6yanIwBJUoMj1J2B4zDbsa4z77_kXmUYEBQKqskh7qBlhXnH-HpyprJwOzw5i92FAeQPMo4or8DXmtpkc5OI.jpg?quality=95&as=32x44,48x65,72x98,108x147,160x218,240x327,360x491,396x540&from=bu&cs=160x0",1
eb0a63c643bbc56bbce3725ed7b668a0.jpg,"https://sun9-22.userapi.com/s/v1/ig2/UWhz3MHMZUH78vvVTGj_aAQoQ1eGj5CDfbibhcZABEdMDZfTw004m-AScHSSLtyiL-zom58NlwkhmfI8_mzoZ1Wa.jpg?quality=95&as=32x37,48x56,72x84,108x126,160x187,240x280,360x420,480x560,540x630,640x746,720x839,940x1096&from=bu&cs=160x0",3
7b932ffa76f8b1d076e4a99ae780d1f7.jpg,"https://sun9-68.userapi.com/s/v1/if2/c8zRBWRexaPSSBC-raXpsC7-FojOFdxSvJ7E252Ui4wqDa5oQXOpF2zfzX7oOS2EXP0i4fVLD43CZ0C61dyS1MJv.jpg?quality=95&as=32x22,48x33,72x49,108x74,160x110,240x165,360x247,480x329,540x370,640x439,720x494&from=bu&cs=160x0",3
18b33e16824e5672e2c9ba9283bb186f.jpg,"https://sun1-17.userapi.com/s/v1/if2/2Pr70qyHd-lOsXapWbYb6QcxqgDms3J7n__HDteO55OPedJ-42xbYlRQNuclS4_ML4I8QcjDNWLXbxCNWtniBdUb.jpg?quality=95&as=32x29,48x44,72x66,108x98,160x146,240x219,360x328,480x438,540x492,640x584,720x657,1080x985,1180x1076&from=bu&cs=160x0",4
1b664aeff0dfa7b0cc88d513f816d912.jpg,"https://sun1-92.userapi.com/s/v1/if2/RdxeXCqI1ivZ0y8Mwm5tgADSsB-01qq9xZXfwIlHpj_LChNJxPDKCh6qCMquqKNKxghEyZ4jFPwDODdbozYHhGWi.jpg?quality=95&as=32x27,48x40,72x60,108x91,160x134,240x201,360x302,480x402,540x453,640x537,720x604,940x788&from=bu&cs=160x0",4
9d97c35fbb20df0e3e940f27bd5d3cd1.jpg,"https://sun1-16.userapi.com/s/v1/if2/dIQDsb8sEdmA8GQYY2ew8EMcVtilVrB7LuYrjPjm7xlfoqmbhrc78QnBKZpFI_ilnjffsDMfK5_cZDbDVFrB96db.jpg?quality=95&as=32x29,48x44,72x66,108x98,160x146,240x218,360x328,480x437,540x492,640x583,720x655,960x874&from=bu&cs=160x0",2
7ff33f1695c18cdf7c84736fea46d070.jpg,"https://sun9-77.userapi.com/s/v1/ig2/21TT9tqCJPrw6U2G1LR6cAeNN2b1yQU4Jb7jPw4hbQNVpOx3rUpHW5QNldzG6Lnd0ac7-4aYl7U1mPJfQGPKAXKM.jpg?quality=96&as=32x47,48x71,72x106,108x159,160x236,240x354,360x531,480x708,540x796,640x944,720x1062,1080x1593,1160x1711&from=bu&cs=160x0",6
f6f8706294f5ceb812a169f00fba64e6.jpg,"https://sun9-78.userapi.com/s/v1/if2/wHbtDym4NDkYs6VCGGsmwhvQeL15WNzabZrQgdE02mPZIc_B4E_Obh_w7jeEgi4ON424N5DwKlti8_5H6gC1DslM.jpg?quality=95&as=32x30,48x44,72x67,108x100,160x148,240x222,360x333,480x444,540x499,640x591,720x665,830x767&from=bu&cs=160x0",3
8015c4ffb7b3d849d2dfd93cf3db234f.jpg,"https://sun1-20.userapi.com/s/v1/if2/Z3dokrGnHRTe8rr-hDkyDlWuylf4fhP7BWCpJyQWXY-8JF0Gjd9wZLmz1DY3xphlYnbwnSd1duTyM3UtUWi5o9zU.jpg?quality=95&as=32x24,48x36,72x53,108x80,160x119,240x178,360x267,480x356,540x400,640x474,720x533,1080x800,1280x948,1440x1067,1536x1138&from=bu&cs=160x0",2
356d519d2ac9af3f3447f64f0513221a.jpg,"https://sun9-84.userapi.com/s/v1/if2/RduV80t7EJ2KSVeH3oSA4aVUSAML6066ja2OPdhuWY4JhuQJJlUJIELiik1QHLbdazZp1RPkNOgaj4KyBVnG3LO0.jpg?quality=95&as=32x23,48x35,72x53,108x79,160x117,240x175,360x263,480x351,540x394,640x468,720x526&from=bu&cs=160x0",3
1ece35c56c26b8450d9a4bcd92e829be.jpg,"https://sun9-14.userapi.com/s/v1/if2/EnHnJ2mo55lqTbEjqYZhu_KN2tkmWgT48LXRxivoGPXPrEYecN7A5QljOa9L60Y0nokE43-0wmdh8QIv_xozE2lP.jpg?quality=96&as=32x27,48x41,72x61,108x92,160x136,240x204,360x306,480x408,540x460,640x545,720x613,886x754&from=bu&cs=160x0",6
0f341cc0cd3f624174a056cb8750ff57.jpg,"https://sun9-7.userapi.com/s/v1/if2/tBoY95IG2IaktHg1qcCNDey3Ef9HpL3xrFGddS1NlFK1zsTYOIx-RzEFO5e3GnNdM1GSN6vCLPxUEaSzGUrriUhV.jpg?quality=95&as=32x20,48x29,72x44,108x66,160x98,240x147,360x220,480x293,540x330,640x391,720x440,1080x659,1153x704&from=bu&cs=160x0",1
1182f8931bf5bca50a2a192a785c2ed7.jpg,"https://sun1-97.userapi.com/s/v1/ig2/KmALQzLSaTiL75eUdPlz82a3heaDps0AgIbZ3Kb1sMn1LjskW6EYqldI8hb44_eYQ-onp56vGsbz3F3KjgFCYBNF.jpg?quality=95&as=32x32,48x48,72x72,108x108,160x160,240x240,360x360,480x480,540x540,640x640,720x720,1080x1080,1280x1280,1400x1400&from=bu&cs=160x0",4
bb170da08cb63c25b1de0b8d5c63809a.jpg,"https://sun1-85.userapi.com/s/v1/if2/IFcFP8iLWHZ-vPyvTcJKBuxUwkKLRimN3Vvrmzz-7JuUEYR8SYVlx_UPezM5Z-gr-oZ0BpnpAsX7ng-_N622cjCo.jpg?quality=95&as=32x21,48x32,72x48,108x72,160x107,240x160,360x240,480x320,540x360,640x427,720x480,1080x720,1280x853,1440x960,1536x1024&from=bu&cs=160x0",2
3d7e264685be8695e0ff0909270f2666.jpg,"https://sun9-60.userapi.com/s/v1/if2/YP58MLucOTa-KNNDcw0NxB5d3ejmGBRzWdqO_Ec924XFXbXJvcJvVpp5PL7M6LDpi4GkDchGUQSzA-YA-3jVpShW.jpg?quality=96&as=32x22,48x32,72x49,108x73,160x108,240x162,360x243,480x324,540x365,640x432,720x486,856x578&from=bu&cs=160x0",6
fd11e4ddb5b2eb302447710d7f7e14f7.jpg,"https://sun9-87.userapi.com/s/v1/if2/1Ovql3DRNiirI_oHaJS87eHVNDo2YSazanch9nRHllHTAaYFRWuXCed8WQcYbdEIcmIAs_GrEWk7Z7g9n4cYWYOD.jpg?quality=95&as=32x21,48x32,72x48,108x72,160x107,240x160,360x240,480x320,540x360,640x427,720x480,1080x720,1280x853,1440x960,2560x1707&from=bu&cs=160x0",0
c0457fdc8b775018a0181ee2df97c73f.jpg,"https://sun9-71.userapi.com/s/v1/if2/_O9V4VuRdI_F2l2ld5KogXjZUCYmnHBVSgza_IgJSD5OU0B4BPuqW7OUxFvBfBJxzdLnWTf5AJcOpzij0wOh3lp_.jpg?quality=95&as=32x22,48x32,72x48,108x73,160x108,240x162,360x242,480x323,540x364,640x431,720x485&from=bu&cs=160x0",3
e1201a17cabea7369c9b138d937b0568.jpg,"https://sun9-57.userapi.com/s/v1/if2/iMCefqh3eC2fBYuI-ghp3uvYHB7_CTvF1UGxlr2WZASRpdnmfdBNBiDdhDEQMBsHFi1OP077feUttJp45Q3lapc2.jpg?quality=95&as=32x25,48x37,72x55,108x83,160x123,240x184,360x277,480x369,540x415,640x492,709x545&from=bu&cs=160x0",3
79392d8a1057254e4323d11ce5d3d326.jpg,"https://sun1-54.userapi.com/s/v1/ig2/wlZTdQTXVyWgV8DSpV4Gh3xP1Ad1p1txHesJtfjIWVaou5byFRPC7iF90js3uSnPn2RbOZ2KQGAstKbe4wtks6eV.jpg?quality=95&as=32x39,48x59,72x88,108x132,160x195,240x293,360x439,480x585,540x659,640x781,720x878,1024x1249&from=bu&cs=160x0",5
1baa1b15feeb55cef0eb796094f451b0.jpg,"https://sun1-86.userapi.com/s/v1/ig2/v364AMyZfRfJraq9QMiF7QVphyn0_UWhbaRduDa9dxT8tUYZ-jaZe4lDXf6dwjzOTHZD-4BXXra1t8AKJ-W59klG.jpg?quality=95&as=32x48,48x72,72x108,108x162,160x240,240x360,360x540,480x720,540x810,640x960,720x1080,1024x1536&from=bu&cs=160x0",2
5603341f53e20bd72e2f0905e2212141.jpg,"https://sun1-57.userapi.com/s/v1/ig2/T07a520oXdMRe792yBbHL-Btq8kKcUbR7XSFs-hZXYc_6zLgqLbDKxrHE8zn9B7UKRInVbq8ypWqFMWj7oh-Q5rJ.jpg?quality=95&as=32x40,48x60,72x90,108x135,160x200,240x300,360x450,480x600,540x675,640x800,720x900,1080x1350&from=bu&cs=160x0",4
97eec6ae4e843dfdb2dcd467b7c5154b.jpg,"https://sun9-52.userapi.com/s/v1/if2/hlNiw7y91BNmcazfWHwb6OVhmxOxuwOKMLee8_paJCQ-scYgi8p5QXcZS5_btEOKo-xYXKFZzSls1y5eWPqxz3Hv.jpg?quality=96&as=32x31,48x46,72x70,108x104,160x155,240x232,360x348,480x464,540x522,640x619,720x696,1080x1044,1280x1237,1400x1353&from=bu&cs=160x0",6
6bafcc853979e4601df9094bc2fa8a74.jpg,"https://sun1-57.userapi.com/s/v1/ig2/J_pDMizhAfrXDh-EL86AqoDh0Ktl4mnb6B4UDRjg6TjPfArlOnKSiJoNXj60jN2NPnrUAJs6p67DDomiM6Pf-rwZ.jpg?quality=95&as=32x40,48x60,72x90,108x135,160x200,240x300,360x450,480x600,540x674,640x799,720x899,1080x1349&from=bu&cs=160x0",2
0abd6c0345dde21c22cd3692da375be1.jpg,"https://sun9-6.userapi.com/s/v1/ig2/jcyI5eRyrh9oYiCvuye9gYkxRsYvZhn9R-DYA4fk0UKG_Lu-QamGoeeFaUqwba6-CpkG3pwlnr-44RVlDQjaHoxa.jpg?quality=95&as=32x32,48x48,72x73,108x109,160x161,240x242,360x363,480x484,540x545,563x568&from=bu&cs=160x0",3
a8f9830ceb2d186cf24f25c082a4f0a6.jpg,"https://sun9-66.userapi.com/s/v1/ig2/8LZiVGCvAdtFF7iLriY2c5haeeqcZaf8oTkS5VOgtFrKqEhUY7DsOqx3bYL7eLSJxY9MezqC1ZPoWGFirl9KM-v2.jpg?quality=96&as=32x32,48x48,72x73,108x109,160x162,240x242,360x364,480x485,540x545,640x646,714x721&from=bu&cs=160x0",6
c379ceddb0d3a36976adc952dfcbbfb7.jpg,"https://sun9-28.userapi.com/s/v1/if2/ACxOgO-uNZYCBXRaaAQPXx4lufQ0dbCe6yge7yuRIokgxG8nLQVrb3k56vGdV4KNVrkX0VdPqjYiyYKXU1-NOkGI.jpg?quality=95&as=32x21,48x32,72x48,108x72,160x107,240x160,360x240,480x320,540x360,640x427,720x480,1080x720,1280x853,1440x960,2560x1707&from=bu&cs=160x0",0
1617bc34415d13824472196aff8d2c46.jpg,"https://sun9-72.userapi.com/s/v1/ig2/1ebOKD7_lk2yq-8PGfYdtC8v04Wv3aaUddyrwRD0-0-XwyTaLB76rspbuyixBqRh63V1-RTXeIgrLaWHiibEO0yq.jpg?quality=96&as=32x51,48x77,72x115,108x173,160x257,240x385,360x577,480x770,540x866,640x1026,720x1155,1080x1732&from=bu&cs=160x0",6
537d4c6e3adf63b01a6797685a5f4290.jpg,"https://sun9-32.userapi.com/s/v1/if2/_UL3_ZXzJJbofbntu9wpaehuQB7upMNu7yHH4KWSY_ys0zILqBsngIHUtTkwxcTkV79ihylmrE2qOrsywri2wK7k.jpg?quality=95&as=32x28,48x41,72x62,108x93,160x138,240x208,360x311,480x415,540x467,640x553,720x623,1080x934,1280x1107,1440x1245,1478x1278&from=bu&cs=160x0",1
bfe8db2d42fa5d78960dc9f1ff126f83.jpg,"https://sun1-54.userapi.com/s/v1/ig2/4AGjd1gRslWF2oTCOo5gWaZpr4d3IzKWzfffYQWQjw1UJwpKJZixQgs34YLHrl3WRQ5O85cKsyc_YAApFPvOp7Sf.jpg?quality=95&as=32x32,48x48,72x72,108x108,160x160,240x240,360x360,480x480,540x540,640x640,720x720,1024x1024&from=bu&cs=160x0",5
cb871869ab9cc876df600ba9c428ee50.jpg,"https://sun9-77.userapi.com/s/v1/if2/4Vplck1PIg8sX5_JujNUglSy8oIM01SEdglY2hnJXe_WbCIOlEwZYRfbJhlfnis7tPraa_znCNAt_jdEiIi6SF8l.jpg?quality=95&as=32x24,48x36,72x54,108x81,160x120,240x180,360x269,480x359,540x404,620x464&from=bu&cs=160x0",3
bfa1a6db516c54ad9efa53f146c6268e.jpg,"https://sun1-89.userapi.com/s/v1/ig2/yafcpzToiYcrjfGnBZ-0PUIe_V35aLROEyFhnB4f7NgnSepffIeV1D4IEuLvM56p6fZwtNbhzNfdtOokeJHjlLJg.jpg?quality=95&as=32x32,48x48,72x72,108x108,160x160,240x240,360x360,480x480,540x540,640x640,720x720,1080x1080&from=bu&cs=160x0",4
1bf8e01982040ad6e227bb4c3a26244c.jpg,"https://sun1-94.userapi.com/s/v1/ig2/CUm0iwPXhxKLyJ1B7E7RuH38bLY7APnUyA_KQuA8ApMBP8qeJuqHmZ0-G9VPmLbX0yT4k5NiHuyirNg2mhSapGq7.jpg?quality=95&as=32x48,48x72,72x108,108x162,160x240,240x360,360x540,480x720,540x810,640x960,720x1080,853x1280&from=bu&cs=160x0",2
21a9c6cf79d989bad44b35ad973d49ab.jpg,"https://sun1-83.userapi.com/s/v1/ig2/t3-n3sZlzziIpPyiu7K8hIX5JFwjJuekIkzK2KlK31EU_VBz6YCKns2f7j6u2M2SGxQOG3APqPrgGnYqNTzVActj.jpg?quality=95&as=32x40,48x60,72x90,108x135,160x200,240x300,360x450,480x600,540x675,640x800,720x900,1024x1280&from=bu&cs=160x0",5
4a518790574e69c78299a73a570a4806.jpg,"https://sun9-32.userapi.com/s/v1/ig2/F8ato4qIa50IrCU0XnwVOvIpnIfpYLR22ujwq6b1pDxAlTTtJGsjydgm4EoKVmOD0VakC8H7Cxo8PBTFD1bQxEEF.jpg?quality=96&as=32x32,48x48,72x72,108x108,160x160,240x240,360x360,480x480,540x540,640x640,720x720,1080x1080,1280x1280,1440x1440,1688x1688&from=bu&cs=160x0",6
d4531913eefaebf59adc9338fa53a832.jpg,"https://sun9-16.userapi.com/s/v1/ig2/srAQhg9K6t4Q615amb_gLm7_UH668z3Lhnxasp2siC-jkiXD6QNcSzjMF9bQwDp5UnMUuJAlASbo1-z2jI0ecR9I.jpg?quality=95&as=32x32,48x48,72x72,108x108,160x160,240x240,360x360,480x480,540x540,640x640,720x720,1080x1080,1200x1200&from=bu&cs=160x0",0
9a0bf611bcea40934b8986f421da5c59.jpg,"https://sun1-20.userapi.com/s/v1/ig2/Xodv4NoDfX_H62aUgqf7JMao9zcLZ7f3lJJvDvyupNgpGTvAKsSBjk_O2iYDqsb5ORgxG3ZkUK3HLb9qHOATSm5E.jpg?quality=95&as=32x48,48x72,72x108,108x162,160x240,240x360,360x540,480x720,540x810,640x960,720x1080,1080x1620,1280x1920,1440x2160,1707x2560&from=bu&cs=160x0",5
7dc1f0fafa6f2fb44de0523c9bb7b899.jpg,"https://sun1-95.userapi.com/s/v1/if2/3DKYq4DcGZdxsKrCK-4889_VDyAcMZy2DWa8DScPzaI1nurOZJWLUf8MgLV2L3R5HOVznq75EDGECMHEY_du-z6K.jpg?quality=95&as=32x24,48x36,72x54,108x80,160x119,240x178,360x268,480x357,540x401,640x476,720x535,1080x803,1280x952,1440x1071,2000x1487&from=bu&cs=160x0",2
1617ebb1b3424a055cd2c8e4f6c46e25.jpg,"https://sun1-18.userapi.com/s/v1/ig2/osoG6fXpIOyKPtcZmSzvptDCVZjw51_hmr9ioLtYkmFOWcs53ZIYg3iq3ajAbeY7-lZ0BcX9wDpRvyMWZXlCsq1P.jpg?quality=95&as=32x37,48x56,72x84,108x126,160x187,240x280,360x421,480x561,540x631,640x748,720x841,1080x1262,1280x1495,1410x1647&from=bu&cs=160x0",2
93caf72182e2b98ea7609809e5f184db.jpg,"https://sun1-16.userapi.com/s/v1/ig2/qzd8DP7BXGlue37EZUgef977Kp2X606wARsQKwQ3MuM366btJyh02rjSNhZyXedqZHDOqRwTF966fPSw9O51r7pV.jpg?quality=95&as=32x46,48x68,72x103,108x154,160x228,240x342,360x513,480x684,540x770,640x912,720x1026,898x1280&from=bu&cs=160x0",5
eea1a168eb582d6735e28bbed0a814b5.jpg,"https://sun9-70.userapi.com/s/v1/ig2/n55QUEdlyL1I9sMWMT6dJURJb66TBuwEgGFPhcHnPVktlwwJdjKoMVGnN_6xDtovVfdFTXG6KT2gT57MJY6rqT4e.jpg?quality=95&as=32x42,48x63,72x94,108x141,160x208,240x313,360x469,480x625,540x703,640x834,720x938,830x1081&from=bu&cs=160x0",3
608d52a76257460351da626e82d3978b.jpg,"https://sun1-90.userapi.com/s/v1/if2/E_tK6wDk5QE5OFN78ihCoYZgHt1jl-sl4dc5RC5d5uqvIUIKha8PViWJzgrAQSmNQmoFKH8vB2H5ESYTPgEdaf_C.jpg?quality=95&as=32x18,48x27,72x41,108x61,160x90,240x135,360x203,480x270,540x304,640x360,700x394&from=bu&cs=160x0",4
1efd33d5e044abb5bc2d94014722f2d1.jpg,"https://sun1-21.userapi.com/s/v1/ig2/_lGTrZe8MOx8JuD9SXV8E3bslLUW-GfsXYR6iEyrZWik4_1YxEJxs1IVNgCtD3z8iFXbjWS5wxRTdZHgGvS2A-3Y.jpg?quality=95&as=32x40,48x60,72x91,108x136,160x202,240x302,360x454,480x605,540x680,640x806,700x882&from=bu&cs=160x0",4
ced97555976a86c6dc8fcb13ffb00340.jpg,"https://sun1-15.userapi.com/s/v1/if2/-VxwJJNwOW8-0ehK2Xv2zayMuv70C7E1zS2YgY-lKizrQSFxX6y6sat2uJ145JRHCicXHHByznYvJIwjn5CS4Gtt.jpg?quality=95&as=32x21,48x32,72x48,108x72,160x106,240x159,360x239,480x319,540x359,640x425,720x478,1080x717,1280x850,1440x956,2048x1360&from=bu&cs=160x0",2
a4e7ad030132e539a2be4e96e1d7f728.jpg,"https://sun1-26.userapi.com/s/v1/ig2/ClHyjbgOLD-NtRWaS9UWu5YMdinL7sbMqxezqpI8EWtSiYbERzWAyFwNM6NQjjn98P037Endf4e8HgZ3B-6NA2iI.jpg?quality=95&as=32x43,48x64,72x96,108x144,160x213,240x320,360x480,480x640,540x720,640x853,720x960,906x1208&from=bu&cs=160x0",5
b690478825942a1b81a7eb5e7eb1448a.jpg,"https://sun1-97.userapi.com/s/v1/ig2/bC-6wvejLfiOC8bmbCqJvHN4rG0LQgvWoaYqFKdDJFhxBNNFjtMU3lO5yo7lCQfBB11XOvkpQOAtQZRT0n7KKBWV.jpg?quality=95&as=32x32,48x48,72x72,108x108,160x160,240x240,360x360,480x480,540x540,640x640,720x720,1080x1080&from=bu&cs=160x0",5
622faef490262161a00bd7db2444db2a.jpg,"https://sun1-98.userapi.com/s/v1/ig2/RVcsKH4uxdjfZQegRhGK11bcEP-4nD9acj2vdSOWQ2sdqY3TPWir8xvgu1ci2oneUGstyMS7Ri-h-l4Lh9xzIzOh.jpg?quality=95&as=32x32,48x48,72x72,108x108,160x160,240x240,360x360,480x480,540x540,640x640,720x720,1080x1080,1280x1280,1440x1440,2400x2400&from=bu&cs=160x0",0
5a9fa6b5fbc37f1661722986ee098bfb.jpg,"https://sun1-16.userapi.com/s/v1/ig2/8etRyHJ7NFM-3Oo06i87DoG31HO4xo0vZ9R9t4QfmMJ2Pc4rdAKl_Xc_qUWkIAuMtSsffiigK2kMjp5rmXi55dFp.jpg?quality=95&as=32x42,48x63,72x95,108x142,160x210,240x315,360x473,480x631,540x710,640x841,720x946,1080x1420,1170x1538&from=bu&cs=160x0",6
c1f0cf8ee768ca19d9e6d71012296583.jpg,"https://sun9-66.userapi.com/s/v1/ig2/DDAo99RrJj7RdkxCZ2vfGdgvUMPJQ8hC3aAyR6EjID7r7mg6LNjAdNQx2kjSoENJBTxP_hT4VPjHON_yORKqP0A0.jpg?quality=96&as=32x34,48x51,72x76,108x114,160x169,240x253,360x380,480x506,540x570,640x675,720x759,1060x1118&from=bu&cs=160x0",6
f5a461c15308cf1a8525a8f72c4eb68b.jpg,"https://sun1-16.userapi.com/s/v1/ig2/fzRNrIEWUU0mPg6Dly0UbdN9DcOjcggEgwH9UQwNmRZfhvB4fAqBPT51j10jfGlGpXp_OHSkXLM974fMHKjEINFS.jpg?quality=95&as=32x40,48x60,72x90,108x135,160x200,240x300,360x450,480x600,540x675,640x800,720x900,1080x1350&from=bu&cs=160x0",4
56468ef7f69deec412d0417748e71a87.jpg,"https://sun1-17.userapi.com/s/v1/ig2/LpXk6W7IKF5SYXE7i0c4hXfY3PxyKOGYFPYctc1k6z3wr3VXx6wKFdbc1LnbRFfdYYS9zlwU20qX1zGbU1Lvpw4l.jpg?quality=95&as=32x69,48x104,72x156,108x234,160x347,240x521,360x781,480x1041,540x1172,590x1280&from=bu&cs=160x0",2
26d508728c888ea90703229f3153adb2.jpg,"https://sun9-39.userapi.com/s/v1/ig2/g-V2IfVD03nhEiSMmxw57cG78VMTMS6OEn_rzNlmyDiRNBvb3OF14LAwsSncuC03otBKBS9RBEqfOA0yMri4Uh-r.jpg?quality=95&as=32x38,48x57,72x85,108x127,160x188,240x283,360x424,461x543&from=bu&cs=160x0",3
1ba4a87c544cc909be608654d7ff7bf5.jpg,"https://sun1-47.userapi.com/s/v1/ig2/xCP87uGYX1VCKp6tH97HnF_iok308huHSFf6VOMIACYWAILsCTZFWfFvInluKqXK5eF7yW6OfbSyMIzs2oreWwfe.jpg?quality=96&as=32x45,48x68,72x102,108x154,160x227,240x341,360x512,480x682,540x768,640x910,720x1024,984x1399&from=bu&cs=160x0",6
68034c01092269e87169342dca74ac49.jpg,"https://sun1-30.userapi.com/s/v1/ig2/Ct6Z_gxYn4K2ZRP8TelBiwG2s-jttSQNUe1WMoNJNZKhvzAZNxuzbcHfaZd-q1j8rhBNKbl3KYUM4yT56ZZ8QmvT.jpg?quality=95&as=32x32,48x48,72x72,108x108,160x160,240x240,360x360,480x480,540x540,640x640,720x720,1080x1080,1280x1280,1400x1400&from=bu&cs=160x0",4
13a970db74c4aecd17c1933631f98521.jpg,"https://sun9-82.userapi.com/s/v1/if2/-Uj0NTeytaWa6tuXJjdogtM6faN6L3l9zrl_Z9lCIjGHi3fsj3rpK8hbnWtSloJt4iIcB1MVhCuSkM245cpp7SNr.jpg?quality=95&as=32x24,48x37,72x55,108x83,160x122,240x184,360x275,480x367,540x413,640x490,720x551,830x635&from=bu&cs=160x0",3
e4d2a0b26acd756cec4e6845505743e6.jpg,"https://sun9-71.userapi.com/s/v1/ig2/HYYODy3jKadZiLEzqLaUkb2ZYbby4lI2OjopqE-cWa7uLNDZbonW2ytBrJU_U6gtJFYuqbxwUWWYVd4InhjAKUMl.jpg?quality=95&as=32x32,48x48,72x72,108x108,160x160,240x240,360x360,480x480,540x540,564x564&from=bu&cs=160x0",3
601274f6b351d3355d68a613e2ed2011.jpg,"https://sun9-34.userapi.com/s/v1/ig2/GrsR7qip7CDLenYjml7r9DaGBY4p9-9BlNnhCGF6Xt1GdH7kBqzJ10VC8V1ms28AEe2_pZ3G4SBOyvG4Qeq27AOv.jpg?quality=95&as=32x32,48x48,72x72,108x108,160x160,240x240,360x360,480x480,540x540,640x640,720x720,1080x1080,1200x1200&from=bu&cs=160x0",0
6dd5ef9670fd8506e53a0cc356999f2e.jpg,"https://sun1-18.userapi.com/s/v1/ig2/sc6Y5f5-vqYDXSbHNirjHjXVgFD4VM6E3ZtrI6vXCA0wjBlbQlniSSEU3v-uu-6HHsAqpr6vLtbWxch2tfQXlPw1.jpg?quality=95&as=32x40,48x59,72x89,108x134,160x198,240x297,360x445,480x594,540x668,640x792,720x891,1024x1267&from=bu&cs=160x0",2
